airline,from,to,flight number,aircraft,duration
Emerald for Aer Lingus,EIDW,EGPD,EI3244,"DH8D (Generic), A320",95
Aer Lingus,EIDW,LEAL,EI574,A320,160
Aer Lingus,EIDW,EHAM,EI610,A320,90
Aer Lingus,EIDW,LGAV,EI440,A320,245
Aer Lingus,EIDW,LEBL,EI564,A320,140
Aer Lingus,EIDW,EDDB,EI338,A320,150
Aer Lingus,EIDW,LEBB,EI746,A320,105
Aer Lingus,EIDW,EGBB,EI276,"DH8D (Generic), A320",55
Aer Lingus,EIDW,LFBD,EI506,A320,95
Aer Lingus,EIDW,KBOS,EI133,A333,425
Emerald for Aer Lingus,EIDW,LFRB,EI3906,"DH8D (Generic), A320",90
Aer Lingus,EIDW,LIBR,EI458,A320,200
Emerald for Aer Lingus,EIDW,EGGD,EI3286,"DH8D (Generic), A320",50
Aer Lingus,EIDW,EBBR,EI638,A320,85
Aer Lingus,EIDW,LHBP,EI672,A320,170
Aer Lingus,EIDW,LBBG,EI376,A320,215
Aer Lingus,EIDW,LICC,EI462,A320,215
Aer Lingus,EIDW,KCLE,EI87,A321,500
Aer Lingus,EIDW,KORD,EI125,A333,520
Aer Lingus,EIDW,LGKR,EI444,A320,205
Aer Lingus,EIDW,LTBS,EI790,A320,255
Aer Lingus,EIDW,KDEN,EI59,A333,535
Emerald for Aer Lingus,EIDW,EIDL,EI3402,"DH8D (Generic), A320",45
Aer Lingus,EIDW,LDDU,EI476,A320,185
Aer Lingus,EIDW,EDDL,EI698,A320,90
Emerald for Aer Lingus,EIDW,EGPH,EI3258,"DH8D (Generic), A320",60
Aer Lingus,EIDW,LPFR,EI492,"A320, A333",160
Aer Lingus,EIDW,EDDF,EI656,A320,145
Aer Lingus,EIDW,GCFV,EI770,A320,220
Aer Lingus,EIDW,LSGG,EI684,A320,145
Emerald for Aer Lingus,EIDW,EGPF,EI3228,"DH8D (Generic), A320",55
Aer Lingus,EIDW,EDDH,EI394,A320,115
Aer Lingus,EIDW,KBDL,EI131,A321,415
Aer Lingus,EIDW,LGIR,EI448,A320,255
Aer Lingus,EIDW,KIND,EI83,A321,495
Emerald for Aer Lingus,EIDW,EGNS,EI3212,"DH8D (Generic), A320",30
Aer Lingus,EIDW,LTBJ,EI798,A320,245
Aer Lingus,EIDW,LGKO,EI438,A320,250
Aer Lingus,EIDW,GCRR,EI776,A320,240
Aer Lingus,EIDW,GCLP,EI782,A320,245
Aer Lingus,EIDW,KLAS,EI51,A333,615
Emerald for Aer Lingus,EIDW,EGNM,EI3390,"DH8D (Generic), A320",55
Aer Lingus,EIDW,LPPT,EI486,"A320, A321",160
Emerald for Aer Lingus,EIDW,EGGP,EI3192,"DH8D (Generic), A320",50
Aer Lingus,EIDW,EGLL,EI184,"A320, A321, A333",60
Aer Lingus,EIDW,KLAX,EI145,A333,645
Aer Lingus,EIDW,LFLL,EI552,A320,115
Aer Lingus,EIDW,LEMD,EI592,A320,140
Aer Lingus,EIDW,LEMG,EI586,"A320, A333",160
Aer Lingus,EIDW,LMML,EI464,A320,200
Aer Lingus,EIDW,EGCC,EI202,"DH8D (Generic), A320",50
Aer Lingus,EIDW,GMMX,EI708,A320,215
Aer Lingus,EIDW,LFML,EI514,A320,135
Aer Lingus,EIDW,KMIA,EI141,A333,555
Aer Lingus,EIDW,LIML,EI432,A320,140
Aer Lingus,EIDW,LIMC,EI436,A320,130
Aer Lingus,EIDW,KMSP,EI89,A333,505
Aer Lingus,EIDW,EDDM,EI352,"A320, A321",150
Aer Lingus,EIDW,LFRS,EI538,A320,75
Aer Lingus,EIDW,LIRN,EI450,A320,185
Aer Lingus,EIDW,KBNA,EI77,A321,505
Aer Lingus,EIDW,KJFK,EI105,A333,420
Aer Lingus,EIDW,KEWR,EI101,"A321, A333",420
Emerald for Aer Lingus,EIDW,EGNT,EI3350,"DH8D (Generic), A320",60
Emerald for Aer Lingus,EIDW,EGHQ,EI3930,"DH8D (Generic), A320",60
Aer Lingus,EIDW,LFMN,EI544,A320,140
Aer Lingus,EIDW,LIEO,EI466,A320,160
Aer Lingus,EIDW,KMCO,EI121,A333,530
Aer Lingus,EIDW,LEPA,EI736,A320,150
Aer Lingus,EIDW,LFPG,EI520,A320,110
Aer Lingus,EIDW,LFMP,EI510,A320,125
Aer Lingus,EIDW,KPHL,EI115,A321,430
Aer Lingus,EIDW,LIRP,EI428,A320,155
Aer Lingus,EIDW,LKPR,EI644,A320,150
Emerald for Aer Lingus,EIDW,LFRN,EI3904,"DH8D (Generic), A320",100
Aer Lingus,EIDW,LIRF,EI402,"A320, A321",190
Aer Lingus,EIDW,KSFO,EI61,A333,640
Aer Lingus,EIDW,LEST,EI742,A320,105
Aer Lingus,EIDW,LGSR,EI446,A320,250
Aer Lingus,EIDW,KSEA,EI53,A333,580
Aer Lingus,EIDW,LEZL,EI756,A320,160
Aer Lingus,EIDW,LDSP,EI470,A320,165
Emerald for Aer Lingus,EIDW,EGHI,EI3304,"DH8D (Generic), A320",70
Aer Lingus,EIDW,GCTS,EI762,A320,235
Aer Lingus,EIDW,CYYZ,EI129,A333,420
Aer Lingus,EIDW,LFBO,EI532,A320,115
Aer Lingus,EIDW,LIPZ,EI422,"A320, A321",170
Aer Lingus,EIDW,LIPX,EI412,A320,145
Aer Lingus,EIDW,LOWW,EI660,A320,160
Aer Lingus,EIDW,EPWA,EI362,A320,145
Aer Lingus,EIDW,KIAD,EI119,"A321, A333",465
Aer Lingus,EIDW,LSZH,EI342,A320,150
Emerald for Aer Lingus,EGPD,EIDW,EI3245,"DH8D (Generic), A320",95
Aer Lingus,LEAL,EIDW,EI575,A320,160
Aer Lingus,EHAM,EIDW,EI611,A320,90
Aer Lingus,LGAV,EIDW,EI441,A320,245
Aer Lingus,LEBL,EIDW,EI565,A320,140
Aer Lingus,EDDB,EIDW,EI339,A320,150
Aer Lingus,LEBB,EIDW,EI747,A320,105
Aer Lingus,EGBB,EIDW,EI277,"DH8D (Generic), A320",55
Aer Lingus,LFBD,EIDW,EI507,A320,95
Aer Lingus,KBOS,EIDW,EI132,A333,425
Emerald for Aer Lingus,LFRB,EIDW,EI3907,"DH8D (Generic), A320",90
Aer Lingus,LIBR,EIDW,EI459,A320,200
Emerald for Aer Lingus,EGGD,EIDW,EI3287,"DH8D (Generic), A320",50
Aer Lingus,EBBR,EIDW,EI639,A320,85
Aer Lingus,LHBP,EIDW,EI673,A320,170
Aer Lingus,LBBG,EIDW,EI377,A320,225
Aer Lingus,LICC,EIDW,EI463,A320,215
Aer Lingus,KCLE,EIDW,EI86,A321,450
Aer Lingus,KORD,EIDW,EI126,A333,520
Aer Lingus,LGKR,EIDW,EI445,A320,205
Aer Lingus,LTBS,EIDW,EI791,A320,255
Aer Lingus,KDEN,EIDW,EI60,A333,535
Emerald for Aer Lingus,EIDL,EIDW,EI3403,"DH8D (Generic), A320",45
Aer Lingus,LDDU,EIDW,EI477,A320,185
Aer Lingus,EDDL,EIDW,EI699,A320,90
Emerald for Aer Lingus,EGPH,EIDW,EI3259,"DH8D (Generic), A320",60
Aer Lingus,LPFR,EIDW,EI493,"A320, A333",160
Aer Lingus,EDDF,EIDW,EI657,A320,145
Aer Lingus,GCFV,EIDW,EI771,A320,220
Aer Lingus,LSGG,EIDW,EI685,A320,145
Emerald for Aer Lingus,EGPF,EIDW,EI3229,"DH8D (Generic), A320",55
Aer Lingus,EDDH,EIDW,EI395,A320,115
Aer Lingus,KBDL,EIDW,EI132,A321,415
Aer Lingus,LGIR,EIDW,EI448,A320,255
Aer Lingus,KIND,EIDW,EI82,A321,440
Emerald for Aer Lingus,EGNS,EIDW,EI3213,"DH8D (Generic), A320",30
Aer Lingus,LTBJ,EIDW,EI799,A320,245
Aer Lingus,LGKO,EIDW,EI439,A320,250
Aer Lingus,GCRR,EIDW,EI777,A320,240
Aer Lingus,GCLP,EIDW,EI783,A320,245
Aer Lingus,KLAS,EIDW,EI50,A333,540
Emerald for Aer Lingus,EGNM,EIDW,EI3391,"DH8D (Generic), A320",55
Aer Lingus,LPPT,EIDW,EI487,"A320, A321",160
Emerald for Aer Lingus,EGGP,EIDW,EI3193,"DH8D (Generic), A320",50
Aer Lingus,EGLL,EIDW,EI185,"A320, A321, A333",60
Aer Lingus,KLAX,EIDW,EI144,A333,645
Aer Lingus,LFLL,EIDW,EI553,A320,115
Aer Lingus,LEMD,EIDW,EI593,A320,140
Aer Lingus,LEMG,EIDW,EI587,"A320, A333",160
Aer Lingus,LMML,EIDW,EI465,A320,200
Aer Lingus,EGCC,EIDW,Ei203,"DH8D (Generic), A320",50
Aer Lingus,GMMX,EIDW,EI709,A320,215
Aer Lingus,LFML,EIDW,EI515,A320,135
Aer Lingus,KMIA,EIDW,EI140,A333,495
Aer Lingus,LIML,EIDW,EI433,A320,140
Aer Lingus,LIMC,EIDW,EI437,A320,130
Aer Lingus,KMSP,EIDW,EI88,A333,400
Aer Lingus,EDDM,EIDW,EI353,"A320, A321",150
Aer Lingus,LFRS,EIDW,EI539,A320,75
Aer Lingus,LIRN,EIDW,EI451,A320,185
Aer Lingus,KBNA,EIDW,EI76,A321,450
Aer Lingus,KJFK,EIDW,EI106,A333,420
Aer Lingus,KEWR,EIDW,EI102,"A321, A333",420
Emerald for Aer Lingus,EGNT,EIDW,EI3351,"DH8D (Generic), A320",60
Emerald for Aer Lingus,EGHQ,EIDW,EI3931,"DH8D (Generic), A320",60
Aer Lingus,LFMN,EIDW,EI545,A320,140
Aer Lingus,LIEO,EIDW,EI467,A320,160
Aer Lingus,KMCO,EIDW,EI122,A333,530
Aer Lingus,LEPA,EIDW,EI737,A320,150
Aer Lingus,LFPG,EIDW,EI521,A320,110
Aer Lingus,LFMP,EIDW,EI511,A320,125
Aer Lingus,KPHL,EIDW,EI114,A321,375
Aer Lingus,LIRP,EIDW,EI429,A320,155
Aer Lingus,LKPR,EIDW,EI645,A320,150
Emerald for Aer Lingus,LFRN,EIDW,EI3905,"DH8D (Generic), A320",100
Aer Lingus,LIRF,EIDW,EI403,"A320, A321",190
Aer Lingus,KSFO,EIDW,EI60,A333,640
Aer Lingus,LEST,EIDW,EI743,A320,105
Aer Lingus,LGSR,EIDW,EI447,A320,250
Aer Lingus,KSEA,EIDW,EI52,A333,565
Aer Lingus,LEZL,EIDW,EI757,A320,160
Aer Lingus,LDSP,EIDW,EI471,A320,165
Emerald for Aer Lingus,EGHI,EIDW,EI3305,"DH8D (Generic), A320",70
Aer Lingus,GCTS,EIDW,EI763,A320,235
Aer Lingus,CYYZ,EIDW,EI130,A333,420
Aer Lingus,LFBO,EIDW,EI533,A320,115
Aer Lingus,LIPZ,EIDW,EI423,"A320, A321",170
Aer Lingus,LIPX,EIDW,EI413,A320,145
Aer Lingus,LOWW,EIDW,EI661,A320,160
Aer Lingus,EPWA,EIDW,EI363,A320,145
Aer Lingus,KIAD,EIDW,EI120,"A321, A333",465
Aer Lingus,LSZH,EIDW,EI343,A320,150
Aer Lingus,EICK,EHAM,EI840,A320,110
Aer Lingus,EICK,LEBL,EI866,A320,125
Aer Lingus,EICK,LEBB,EI850,A320,90
Aer Lingus,EICK,LFBD,EI818,A320,90
Emerald for Aer Lingus,EICK,EGGD,EI3842,"DH8D (Generic), A320",55
Aer Lingus,EICK,LDDU,EI804,A320,190
Aer Lingus,EICK,LPFR,EI892,A320,130
Emerald for Aer Lingus,EICK,EGPF,EI3832,"DH8D (Generic), A320",85
Aer Lingus,EICK,GCRR,EI878,A320,225
Aer Lingus,EICK,EGLL,EI710,A320,55
Aer Lingus,EICK,LFLL,EI828,A320,105
Aer Lingus,EICK,LEMG,EI886,A320,145
Aer Lingus,EICK,EDDM,EI836,A320,155
Aer Lingus,EICK,LEPA,EI860,A320,140
Aer Lingus,EICK,LFPG,EI822,A320,100
Aer Lingus,EICK,LOWS,EI43CE,"DH8D (Generic), A320",135
Aer Lingus,EICK,GCTS,EI874,A320,235
Aer Lingus,EHAM,EICK,EI841,A320,110
Aer Lingus,LEBL,EICK,EI868,A320,125
Aer Lingus,LEBL,EICK,EI851,A320,90
Aer Lingus,LFBD,EICK,EI819,A320,90
Emerald for Aer Lingus,EGGD,EICK,EI3843,"DH8D (Generic), A320",55
Aer Lingus,LDDU,EICK,EI805,A320,190
Aer Lingus,LPFR,EICK,EI893,A320,130
Emerald for Aer Lingus,EGPF,EICK,EI3833,"DH8D (Generic), A320",85
Aer Lingus,GCRR,EICK,EI879,A320,225
Aer Lingus,EGLL,EICK,EI711,A320,55
Aer Lingus,LFLL,EICK,EI829 ,A320,105
Aer Lingus,LEMG,EICK,EI887,A320,145
Aer Lingus,EDDM,EICK,EI837,A320,155
Aer Lingus,LEPA,EICK,EI861,A320,140
Aer Lingus,LFPG,EICK,EI823,A320,100
Aer Lingus,LOWS,EICK,EI43RT,"DH8D (Generic), A320",135
Aer Lingus,GCTS,EICK,EI875,A320,235
Aer Lingus,EINN,KBOS,EI135,A321,405
Aer Lingus,EINN,EGLL,EI380,"A320, A321",75
Aer Lingus,EINN,KJFK,EI111,A321,420
Aer Lingus,EINN,LFPG,EI908,A321,90
Aer Lingus,KBOS,EINN,EI136,A321,405
Aer Lingus,EGLL,EINN,EI381,"A320, A321",75
Aer Lingus,KJFK,EINN,EI112,A321,420
Aer Lingus,LFPG,EINN,EI909,A321,90
Emerald for Aer Lingus,EGAC,EGBB,EI3640,"DH8D (Generic), A320",75
Emerald for Aer Lingus,EGAC,EGFF,EI3620,"DH8D (Generic), A320",80
Emerald for Aer Lingus,EGAC,EGNX,EI3684,"DH8D (Generic), A320",45
Emerald for Aer Lingus,EGAC,EGPH,EI3652,"DH8D (Generic), A320",70
Emerald for Aer Lingus,EGAC,EGTE,EI3690,"DH8D (Generic), A320",90
Emerald for Aer Lingus,EGAC,EGPF,EI3622,"DH8D (Generic), A320",45
Emerald for Aer Lingus,EGAC,EGNM,EI3676,"DH8D (Generic), A320",70
Emerald for Aer Lingus,EGAC,EGCC,EI3618,"DH8D (Generic), A320",60
Emerald for Aer Lingus,EGAC,EGHI,EI3604,"DH8D (Generic), A320",90
Emerald for Aer Lingus,EGBB,EGAC,EI3641,"DH8D (Generic), A320",75
Emerald for Aer Lingus,EGFF,EGAC,EI3621,"DH8D (Generic), A320",80
Emerald for Aer Lingus,EGNX,EGAC,EI3685,"DH8D (Generic), A320",45
Emerald for Aer Lingus,EGPH,EGAC,EI3653,"DH8D (Generic), A320",70
Emerald for Aer Lingus,EGTE,EGAC,EI3691,"DH8D (Generic), A320",90
Emerald for Aer Lingus,EGPF,EGAC,EI3623,"DH8D (Generic), A320",45
Emerald for Aer Lingus,EGNM,EGAC,EI3677,"DH8D (Generic), A320",70
Emerald for Aer Lingus,EGCC,EGAC,EI3619,"DH8D (Generic), A320",60
Emerald for Aer Lingus,EGHI,EGAC,EI3621,"DH8D (Generic), A320",90
Aer Lingus UK,EGCC,TBPB,EI31,A333,540
Aer Lingus UK,EGCC,KJFK,EI45,"A321, A333",520
Aer Lingus UK,EGCC,KMCO,EI35,A333,590
Aer Lingus UK,TBPB,EGCC,EI30,A333,500
Aer Lingus UK,KJFK,EGCC,EI44,"A321, A333",450
Aer Lingus UK,KMCO,EGCC,EI34,A333,500
Aer Lingus,EIKN,EGLL,EI916,A320,95
Aer Lingus,EGLL,EIKN,EI915,A320,95
Aer Lingus,EIDW,OMAA,EI2148,A333,440
Aer Lingus,EIDW,LEAS,EI4744,A320,90
Aer Lingus,EIDW,ZBAA,EI9018,A333,625
Aer Lingus,EIDW,EGAA,EI392,DH8D (Generic),30
Aer Lingus,EIDW,LFBZ,EI4504,A320,105
Aer Lingus,EIDW,EGNH,EI386,DH8D (Generic),35
Aer Lingus,EIDW,LBBG,EI374,A320,215
Aer Lingus,EIDW,LZIB,EI4510,A320,140
Aer Lingus Regional,EIDW,EGFF,EI3298,"DH8D (Generic), A320",55
Aer Lingus,EIDW,EICK,EI32,DH8D (Generic),40
Aer Lingus,EIDW,EGAE,EI324,DH8D (Generic),50
Aer Lingus,EIDW,KDSM,EI4091,A333,450
Aer Lingus Regional,EIDW,EGCN,EI3410,"DH8D (Generic), A320",55
Aer Lingus,EIDW,OMDB,EI102,A333,470
Aer Lingus,EIDW,EGNX,EI354,DH8D (Generic),45
Aer Lingus,EIDW,EICM,EI54,DH8D (Generic),35
ASL Ireland for Aer Lingus,EIDW,KBDL,EI131,B752,415
Aer Lingus,EIDW,LEJR,EI4566,A320,150
Aer Lingus Regional,EIDW,EGJJ,EI3342,"DH8D (Generic), A320",70
Aer Lingus,EIDW,KMCI,EI4094,A333,485
Aer Lingus,KMCI,KMCO,EI4094,A333,180
Aer Lingus Regional,EIDW,EIKY,EI3208,"DH8D (Generic), A320",45
Aer Lingus,EIDW,EFKT,EI4984,A321,180
Aer Lingus,EIDW,EIKN,EI16,DH8D (Generic),30
Aer Lingus,EIDW,EGKK,EI236,A320,75
Aer Lingus Regional,EIDW,EGMC,EI8470,"DH8D (Generic), A320",85
Aer Lingus,EIDW,EGSS,EI442,"DH8D (Generic), A320",80
Aer Lingus,EIDW,LFRH,EI4502,A320,65
Aer Lingus,EIDW,DTMB,EI6960,A321,185
ASL Ireland for Aer Lingus,EIDW,KEWR,EI101,B752,420
Aer Lingus,EIDW,EBOS,EI990,A320,65
ASL Ireland for Aer Lingus,EIDW,LEPA,EI736,B752,150
Aer Lingus,EIDW,LFPG,EI524,A333,80
Aer Lingus,EIDW,LFPB,EI4518,A320,75
ASL Ireland for Aer Lingus,EIDW,KPHL,EI115,B752,430
Aer Lingus,EIDW,KPIT,EI4073,A333,435
Aer Lingus,EIDW,BIKF,EI4960,A320,120
Aer Lingus,EIDW,LIRA,EI2408,A321,190
Aer Lingus,EIDW,EINN,EI117,"DH8D (Generic), A333",35
Aer Lingus,EINN,KBWI,EI117,A333,405
Aer Lingus,EIDW,EISG,EI234,DH8D (Generic),35
ASL Ireland for Aer Lingus,EIDW,CYYZ,EI129,B752,420
Aer Lingus,EIDW,LFOT,EI4502,A320,85
Aer Lingus,EIDW,EYVI,EI396,A320,165
ASL Ireland for Aer Lingus,EIDW,KIAD,EI119,B752,465
Aer Lingus,EIDW,EIWF,EI74,DH8D (Generic),25
Aer Lingus,OMAA,EIDW,EI2149,A333,440
Aer Lingus,LEAS,EIDW,EI4745,A320,90
Aer Lingus,ZBAA,EIDW,EI9019,A333,625
Aer Lingus,EGAA,EIDW,EI393,DH8D (Generic),30
Aer Lingus,LFBZ,EIDW,EI4505,A320,105
Aer Lingus,EGNH,EIDW,EI385,DH8D (Generic),35
Aer Lingus,LBBG,EIDW,EI375,A320,215
Aer Lingus,LZIB,EIDW,EI4511,A320,140
Aer Lingus Regional,EGFF,EIDW,EI3299,"DH8D (Generic), A320",55
Aer Lingus,EICK,EIDW,EI33,DH8D (Generic),40
Aer Lingus,EGAE,EIDW,EI325,DH8D (Generic),50
Aer Lingus,KDSM,EIDW,EI4098,A333,450
Aer Lingus Regional,EGCN,EIDW,EI3411,"DH8D (Generic), A320",55
Aer Lingus,OMDB,EIDW,EI101,A333,470
Aer Lingus,EGNX,EIDW,EI355,DH8D (Generic),45
Aer Lingus,EICM,EIDW,EI55,DH8D (Generic),35
ASL Ireland for Aer Lingus,KBDL,EIDW,EI132,B752,415
Aer Lingus,LEJR,EIDW,EI4567,A320,150
Aer Lingus Regional,EGJJ,EIDW,EI3343,"DH8D (Generic), A320",70
Aer Lingus Regional,EIKY,EIDW,EI3209,"DH8D (Generic), A320",45
Aer Lingus,EFKT,EIDW,EI4985,A321,180
Aer Lingus,EIKN,EIDW,EI17,DH8D (Generic),30
Aer Lingus,EGKK,EIDW,EI237,A320,75
Aer Lingus Regional,EGMC,EIDW,EI8471,"DH8D (Generic), A320",85
Aer Lingus,EGSS,EIDW,EI443,"DH8D (Generic), A320",80
Aer Lingus,LFRH,EIDW,EI4503,A320,65
Aer Lingus,DTMB,EIDW,EI6961,A321,185
ASL Ireland for Aer Lingus,KEWR,EIDW,EI102,B752,420
Aer Lingus,EBOS,EIDW,EI991,A320,65
ASL Ireland for Aer Lingus,LEPA,EIDW,EI737,B752,150
Aer Lingus,LFPG,EDIW,EI525,A333,80
Aer Lingus,LFPB,EIDW,EI4519,A320,75
ASL Ireland for Aer Lingus,KPHL,EIDW,EI114,B752,375
Aer Lingus,KPIT,EIDW,EI4072,A333,410
Aer Lingus,BIKF,EIDW,EI4961,A320,120
Aer Lingus,LIRA,EIDW,EI2409,A321,190
Aer Lingus,EINN,EIDW,EI118,"DH8D (Generic), A333",35
Aer Lingus,KBWI,EINN,EI118,A333,405
Aer Lingus,EISG,EIDW,EI235,DH8D (Generic),35
ASL Ireland for Aer Lingus,CYYZ,EIDW,EI130,B752,420
Aer Lingus,LFOT,EIDW,EI4503,A320,85
Aer Lingus,EYVI,EIDW,EI397,A320,165
ASL Ireland for Aer Lingus,KIAD,EIDW,EI120,B752,465
Aer Lingus,EIWF,EIDW,EI75,DH8D (Generic),25
Aer Lingus,EGKK,EGAC,EI23,A320,75
Aer Lingus,EGKK,EHEH,EI928,A320,55
Aer Lingus,EGKK,EIKN,EI911,A320,95
Aer Lingus,EGKK,LICA,EI7460,A320,170
Aer Lingus,EGKK,LEMG,EI902,A320,170
Aer Lingus,EGKK,LFMN,EI982,A320,125
Aer Lingus,EGKK,EPWA,EI976,A320,120
Aer Lingus,EGAC,EGKK,EI22,A320,75
Aer Lingus,EHEH,EGKK,EI929,A320,55
Aer Lingus,EIKN,EGKK,EI910,A320,95
Aer Lingus,LICA,EGKK,EI7461,A320,170
Aer Lingus,LEMG,EGKK,EI903,A320,170
Aer Lingus,LFMN,EGKK,EI983,A320,125
Aer Lingus,EPWA,EGKK,EI977,A320,120
Aer Lingus,EGAA,LFTH,EI4548,A320,125
Aer Lingus,LFTH,EGAA,EI4549,A320,125
Emerald for Aer Lingus,EGAC,EGNS,EI3634,"DH8D (Generic), A320",25
Emerald for Aer Lingus,EGAC,EGJJ,EI3694,"DH8D (Generic), A320",85
Emerald for Aer Lingus,EGAC,EGNT,EI3668,"DH8D (Generic), A320",60
Emerald for Aer Lingus,EGAC,EGHQ,EI3630,"DH8D (Generic), A320",60
Emerald for Aer Lingus,EGNS,EGAC,EI3635,"DH8D (Generic), A320",25
Emerald for Aer Lingus,EGJJ,EGAC,EI3695,"DH8D (Generic), A320",85
Emerald for Aer Lingus,EGNT,EGAC,EI3669,"DH8D (Generic), A320",60
Emerald for Aer Lingus,EGHQ,EGAC,Ei3631,"DH8D (Generic), A320",60
Aer Lingus,EICK,EGBB,EI764,DH8D (Generic),55
Aer Lingus,EICK,EGFF,EI420,DH8D (Generic),45
Aer Lingus,EGBB,EICK,EI765,DH8D (Generic),55
Aer Lingus,EGFF,EICK,EI421,DH8D (Generic),45
ASL Ireland for Aer Lingus,EIKN,KBOS,EI4133,B752,335
ASL Ireland for Aer Lingus,EIKN,KJFK,EI4112,B752,400
ASL Ireland for Aer Lingus,KBOS,EIKN,EI4132,B752,335
ASL Ireland for Aer Lingus,KJFK,EIKN,EI4111,B752,400
Aer Lingus,EINN,EGBB,EI276,A320,50
ASL Ireland for Aer Lingus,EINN,KBOS,EI135,B752,405
Aer Lingus,EINN,LFLC,EI4506,A320,95
Aer Lingus Regional,EINN,EGPH,EI3672,"DH8D (Generic), A320",70
Aer Lingus,EINN,LEMD,EI594,A320,120
Aer Lingus Regional,EINN,EGCC,EI3608,"DH8D (Generic), A320",60
ASL Ireland for Aer Lingus,EINN,KJFK,EI111,B752,420
Aer Lingus,EINN,LIPH,EI4426,A320,140
Aer Lingus,EGBB,EINN,EI277,A320,50
ASL Ireland for Aer Lingus,KBOS,EINN,EI136,B752,405
Aer Lingus,LFLC,EINN,EI4507,A320,95
Aer Lingus Regional,EGPH,EINN,EI3673,"DH8D (Generic), A320",70
Aer Lingus,LEMD,EINN,EI595,A320,120
Aer Lingus Regional,EGCC,EINN,EI3609,"DH8D (Generic), A320",60
ASL Ireland for Aer Lingus,KJFK,EINN,EI112,B752,420
Aer Lingus,LIPH,EINN,EI4427,A320,140
Aer Lingus,KDSM,KBOS,EI4092,A333,130
Aer Lingus,KORD,KOMA,EI4099,A333,60
Aer Lingus,KOMA,KORD,EI4058,A333,60
British Airways,EGLL,EGPD,BA1304,"A319, A320, A321",75
British Airways,EGLL,OMAA,BA73,"B789, B78X",385
British Airways,EGLL,DNAA,BA83,B772,345
British Airways,EGLL,DGAA,BA81,B789,430
British Airways,EGLL,OJAI,BA312,"A320, A321",300
British Airways,EGLL,EHAM,BA430,"A319, A320, A321",65
British Airways,EGLL,LGAV,BA632,"A320, A321",190
British Airways,EGLL,KATL,BA227,B772,510
British Airways,EGLL,KAUS,BA191,"B772, B789",585
British Airways,EGLL,OBBI,BA125,B789,380
British Airways,EGLL,KBWI,BA229,"B772, B77W",390
British Airways,EGLL,LEBL,BA474,"A319, A320, A321",110
British Airways,EGLL,LFSB,BA754,"A319, A320, A321",100
British Airways,EGLL,EGAC,BA1416,"A319, A320",55
British Airways,EGLL,VOBL,BA119,B772,585
British Airways,EGLL,EDDB,BA998,"A319, A320, A321",95
British Airways,EGLL,TXKF,BA159,B772,415
British Airways,EGLL,EKBI,BA806,"A319, A320",70
British Airways,EGLL,LTFE,BA670,A321,255
British Airways,EGLL,LIPE,BA540,"A319, A320, A321",110
British Airways,EGLL,KBOS,BA213,"B772, B789, B78X, A388",395
British Airways,EGLL,TBPB,BA255,"B772, B78X",525
British Airways,EGLL,LIBR,BA614,"A319, A320",170
British Airways,EGLL,EBBR,BA392,"A319, A320, A321",55
British Airways,EGLL,LROP,BA886,A320,180
British Airways,EGLL,LHBP,BA870,"A319, A320",145
British Airways,EGLL,HECA,BA400,A321,275
British Airways,EGLL,FACT,BA59,B789,690
British Airways,EGLL,LGSA,BA666,A320,210
British Airways,EGLL,VOMM,BA35,B789,590
British Airways,EGLL,KORD,BA295,"B772, B77W, B78X",470
British Airways,EGLL,KCVG,BA121,B789,520
British Airways,EGLL,EDDK,BA996,"A319, A320",55
British Airways,EGLL,EKCH,BA816,"A319, A320, A321",105
British Airways,EGLL,LGKR,BA648,"A320, A321",200
British Airways,EGLL,LTBS,BA678,A320,255
British Airways,EGLL,KDFW,BA193,"B77W, A388",550
British Airways,EGLL,VIDP,BA143,B789,530
British Airways,EGLL,KDEN,BA219,"B789, B772",565
British Airways,EGLL,OTHH,BA123,"B772, B77W",405
British Airways,EGLL,OMDB,BA109,"B772, B77W, B789, B78X",440
British Airways,EGLL,EIDW,BA826,"A319, A320, A321",60
British Airways,EGLL,LDDU,BA844,"A320, A321",170
British Airways,EGLL,EDDL,BA940,"A319, A320, A321",60
British Airways,EGLL,EGPH,BA1440,"A319, A320, A321",75
British Airways,EGLL,LPFR,BA510,A320,180
British Airways,EGLL,LFKF,BA340,"A319, A320",150
British Airways,EGLL,LIRQ,BA524,A319,110
British Airways,EGLL,EDDF,BA904,"A319, A320, A321",75
British Airways,EGLL,LSGG,BA732,"A319, A320, A321",80
British Airways,EGLL,LXGB,BA492,A320,160
British Airways,EGLL,EGPF,BA1498,"A319, A320, A321",80
British Airways,EGLL,ESGG,BA802,"A319, A320",120
British Airways,EGLL,EDDH,BA966,"A319, A320, A321",100
British Airways,EGLL,EDDV,BA978,"A320, A321",90
British Airways,EGLL,LGIR,BA744,A320,245
British Airways,EGLL,VHHH,BA31,B789,815
British Airways,EGLL,KIAH,BA195,"B77W, B78X",565
British Airways,EGLL,VOHS,BA277,B772,540
British Airways,EGLL,LEIB,BA452,"A320, A321",90
British Airways,EGLL,LOWI,BA684,A320,120
British Airways,EGLL,EGPE,BA1470,"A319, A320",80
British Airways,EGLL,LTFM,BA688,"A320, A321",195
British Airways,EGLL,LTBJ,BA694,"A320, A321",195
British Airways,EGLL,OEJN,BA133,"B789, B78X",340
British Airways,EGLL,EGJJ,BA1340,"A319, A320",65
British Airways,EGLL,FAOR,BA55,"B77W, A388",620
British Airways,EGLL,LGKL,BA644,A320,220
British Airways,EGLL,LGKF,BA646,A320,210
British Airways,EGLL,EPKK,BA872,"A319, A320",130
British Airways,EGLL,WMKK,BA33,B789,760
British Airways,EGLL,DNMM,BA75,B78X,360
British Airways,EGLL,LCLK,BA662,"A320, A321",270
British Airways,LCLK,LLBG,BA402,A321,50
British Airways,EGLL,KLAS,BA275,B789,595
British Airways,EGLL,LPPT,BA500,"A319, A320, A321",150
British Airways,EGLL,LJLJ,BA690,"A319, A320",135
British Airways,EGLL,KLAX,BA269,"B772, B77W, A388",635
British Airways,EGLL,ELLX,BA416,"A319, A320",60
British Airways,EGLL,LFLL,BA360,"A319, A320, A321",105
British Airways,EGLL,LEMD,BA460,"A319, A320, A321",120
British Airways,EGLL,LEMG,BA454,"A320, A321",150
British Airways,EGLL,VRMM,BA61,B789,625
British Airways,EGLL,EGCC,BA1390,"A319, A320, A321",35
British Airways,EGLL,GMMX,BA668,"A320, A321",210
British Airways,EGLL,LFML,BA370,"A319, A320",100
British Airways,EGLL,LEMH,BA494,A319,145
British Airways,EGLL,MMMX,BA243,B789,690
British Airways,EGLL,KMIA,BA207,A388,535
British Airways,EGLL,LIML,BA568,"A319, A320, A321",100
British Airways,EGLL,LIMC,BA572,"A319, A320, A321",90
British Airways,EGLL,CYUL,BA95,B789,360
British Airways,EGLL,VABB,BA139,"B772, B77W, B789",550
British Airways,EGLL,EDDM,BA950,"A319, A320, A321",100
British Airways,EGLL,LGMK,BA650,A320,180
British Airways,EGLL,HKJK,BA65,B789,470
British Airways,EGLL,LIRN,BA534,"A320, A321",160
British Airways,EGLL,KBNA,BA223,B789,540
British Airways,EGLL,MYNN,BA253,B772,525
British Airways,MYNN,MWCR,BA253,B772,95
British Airways,MYNN,MBPV,BA253,B772,80
British Airways,EGLL,KMSY,BA225,B772,550
British Airways,EGLL,KJFK,BA117,"B772, B77W, B78X",445
British Airways,EGLL,KEWR,BA189,"B772, B77W, B78X",380
British Airways,EGLL,EGNT,BA1334,"A319, A320, A321",75
British Airways,EGLL,LFMN,BA346,"A319, A320, A321",95
British Airways,EGLL,EDDN,BA874,"A319, A320",105
British Airways,EGLL,LIEO,BA608,"A319, A320, A321",120
British Airways,EGLL,ENGM,BA766,"A319, A320",95
British Airways,EGLL,LICJ,BA610,"A320, A321",180
British Airways,EGLL,LEPA,BA496,"A319, A320, A321",145
British Airways,EGLL,LCPH,BA897,A321,220
British Airways,EGLL,LFPG,BA314,"A319, A320, A321",40
British Airways,EGLL,LIRZ,BA616,A319,145
British Airways,EGLL,KPHL,BA67,B789,440
British Airways,EGLL,KPHX,BA289,B789,620
British Airways,EGLL,LIRP,BA604,"A319, A320, A321",105
British Airways,EGLL,KPIT,BA171,B789,485
British Airways,EGLL,LPPD,BA522,A320,230
British Airways,EGLL,KPDX,BA267,"B789, B78X",590
British Airways,EGLL,LKPR,BA854,"A319, A320",120
British Airways,EGLL,LGPZ,BA674,A320,200
British Airways,EGLL,BIKF,BA800,"A320, A321",200
British Airways,EGLL,LGRP,BA624,A320,255
British Airways,EGLL,EVRA,BA880,A320,125
British Airways,EGLL,LIPR,BA532,"A319, A320",120
British Airways,EGLL,SBGL,BA249,B772,645
British Airways,SBGL,SAEZ,BA249,B772,175
British Airways,EGLL,OERK,BA263,"B772, B77W, B789",355
British Airways,EGLL,LIRF,BA550,"A319, A320, A321",130
British Airways,EGLL,LOWS,BA682,"A319, A320",130
British Airways,EGLL,KSAN,BA265,"B77W, B788, B789",650
British Airways,EGLL,KSFO,BA287,"B77W, A388",620
British Airways,EGLL,SCEL,BA251,B789,800
British Airways,EGLL,LGSR,BA652,A320,240
British Airways,EGLL,SBGR,BA247,B789,700
British Airways,EGLL,KSEA,BA49,"B77W, B789, B78X",550
British Airways,EGLL,LEZL,BA318,"A320, A321",160
British Airways,EGLL,ZSPD,BA169,B789,715
British Airways,EGLL,WSSS,BA15,"B789, A388",810
British Airways,WSSS,YSSY,BA15,B789,465
British Airways,EGLL,LBSF,BA892,A320,155
British Airways,EGLL,LDSP,BA842,"A320, A321",140
British Airways,EGLL,ESSA,BA780,"A319, A320, A321",140
British Airways,EGLL,EDDS,BA918,"A319, A320",100
British Airways,EGLL,UGTB,BA890,A320,295
British Airways,EGLL,GCTS,BA414,A320,240
British Airways,EGLL,LGTS,BA772,A320,200
British Airways,EGLL,LATI,BA928,"A320, A321",180
British Airways,EGLL,RJTT,BA5,B789,805
British Airways,EGLL,CYYZ,BA93,"B772, B789, B78X",440
British Airways,EGLL,LFBO,BA372,"A319, A320, A321",100
British Airways,EGLL,ENTC,BA612,A320,180
British Airways,EGLL,LIMF,BA536,A319,95
British Airways,EGLL,LEVC,BA408,"A319, A320",140
British Airways,EGLL,CYVR,BA85 ,"B772, B77W",555
British Airways,EGLL,LIPZ,BA578,"A319, A320, A321",115
British Airways,EGLL,LOWW,BA700,"A319, A320",120
British Airways,EGLL,EPWA,BA846,"A319, A320, A321",135
British Airways,EGLL,KIAD,BA293,"B77W, A388",465
British Airways,EGLL,LGZA,BA658,A320,260
British Airways,EGLL,LSZH,BA716,"A319, A320, A321",110
British Airways,EGPD,EGLL,BA1305,"A319, A320, A321",75
British Airways,OMAA,EGLL,BA72,B789,455
British Airways,DNAA,EGLL,BA82,B772,345
British Airways,DGAA,EGLL,BA78,B789,430
British Airways,OJAI,EGLL,BA313,"A320, A321",300
British Airways,EHAM,EGLL,BA431,"A319, A320, A321",65
British Airways,LGAV,EGLL,BA633,"A320, A321",190
British Airways,KATL,EGLL,BA226,B772,450
British Airways,KAUS,EGLL,BA190,"B772, B789",525
British Airways,OBBI,EGLL,BA124,B789,420
British Airways,KBWI,EGLL,BA228,"B772, B77W",390
British Airways,LEBL,EGLL,BA475,"A319, A320, A321",110
British Airways,LFSB,EGLL,BA755,"A319, A320, A321",100
British Airways,EGAC,EGLL,BA1417,"A319, A320",55
British Airways,VOBL,EGLL,BA118,B789,635
British Airways,EDDB,EGLL,BA999,"A319, A320, A321",95
British Airways,TXKF,EGLL,BA158,B772,400
British Airways,EKBI,EGLL,BA807,"A319, A320",70
British Airways,LTFE,EGLL,BA671,A321,255
British Airways,LIPE,EGLL,BA541,"A319, A320, A321",110
British Airways,KBOS,EGLL,BA212,"B772, B789, B78X, A388",395
British Airways,TBPB,EGLL,BA254,"B772, B78X",465
British Airways,LIBR,EGLL,BA615,"A319, A320",170
British Airways,EBBR,EGLL,BA393,"A319, A320, A321",55
British Airways,LROP,EGLL,BA887,A320,180
British Airways,LHBP,EGLL,BA871,"A319, A320",145
British Airways,HECA,EGLL,BA401,A321,300
British Airways,FACT,EGLL,BA58,B789,700
British Airways,LGSA,EGLL,BA667,A320,210
British Airways,VOMM,EGLL,BA36,B789,590
British Airways,KORD,EGLL,BA294,"B772, B77W, B78X",435
British Airways,KCVG,EGLL,BA120,B789,465
British Airways,EDDK,EGLL,BA997,"A319, A320",55
British Airways,EKCH,EGLL,BA817,"A319, A320, A321",105
British Airways,LGKR,EGLL,BA649,"A320, A321",200
British Airways,LTBS,EGLL,BA679,A320,255
British Airways,KDFW,EGLL,BA192,"B77W, A388",550
British Airways,VIDP,EGLL,BA142,B789,530
British Airways,KDEN,EGLL,BA218,"B789, B772",515
British Airways,OTHH,EGLL,BA122,"B772, B77W",450
British Airways,OMDB,EGLL,BA108,"B772, B77W, B789, B78X",440
British Airways,EIDW,EGLL,BA827,"A319, A320, A321",60
British Airways,LDDU,EGLL,BA845,"A320, A321",170
British Airways,EDDL,EGLL,BA941,"A319, A320, A321",60
British Airways,EGPH,EGLL,BA1441,"A319, A320, A321",75
British Airways,LPFR,EGLL,BA511,A320,180
British Airways,LFKF,EGLL,BA339,"A319, A320",150
British Airways,LIRQ,EGLL,BA525,A319,110
British Airways,EDDF,EGLL,BA905,"A319, A320, A321",75
British Airways,LSGG,EGLL,BA733,"A319, A320, A321",80
British Airways,LXGB,EGLL,BA493,A320,160
British Airways,EGPF,EGLL,BA1499,"A319, A320, A321",80
British Airways,ESGG,EGLL,BA803,"A319, A320",120
British Airways,EDDH,EGLL,BA967,"A319, A320, A321",100
British Airways,EDDV,EGLL,BA979,"A320, A321",90
British Airways,LGIR,EGLL,BA745,A320,245
British Airways,VHHH,EGLL,BA32,B789,845
British Airways,KIAH,EGLL,BA194,"B77W, B78X",515
British Airways,VOHS,EGLL,BA276,B772,540
British Airways,LEIB,EGLL,BA453,"A320, A321",90
British Airways,LOWI,EGLL,BA685,A320,120
British Airways,EGPE,EGLL,BA1471,"A319, A320",80
British Airways,LTFM,EGLL,BA689,"A320, A321",205
British Airways,LTBJ,EGLL,BA695,"A320, A321",195
British Airways,OEJN,EGLL,BA132,"B789, B78X",340
British Airways,EGJJ,EGLL,BA1341,"A319, A320",65
British Airways,FAOR,EGLL,BA54,"B77W, A388",645
British Airways,LGKL,EGLL,BA645,A320,220
British Airways,LGKF,EGLL,BA647,A320,210
British Airways,EPKK,EGLL,BA873,"A319, A320",130
British Airways,WMKK,EGLL,BA34,B789,785
British Airways,DNMM,EGLL,BA74,B78X,360
British Airways,LCLK,EGLL,BA663,"A320, A321",270
British Airways,KLAS,EGLL,BA274,B789,595
British Airways,LPPT,EGLL,BA501,"A319, A320, A321",150
British Airways,LJLJ,EGLL,BA691,"A319, A320",120
British Airways,KLAX,EGLL,BA268,"B772, B77W, A388",580
British Airways,ELLX,EGLL,BA417,"A319, A320",60
British Airways,LFLL,EGLL,BA361,"A319, A320, A321",105
British Airways,LEMD,EGLL,BA461,"A319, A320, A321",120
British Airways,LEMG,EGLL,BA455,"A320, A321",150
British Airways,VRMM,EGLL,BA60,B789,685
British Airways,EGCC,EGLL,BA1399,"A319, A320, A321",35
British Airways,GMMX,EGLL,BA669,"A320, A321",210
British Airways,LFML,EGLL,BA371,"A319, A320",100
British Airways,LEMH,EGLL,BA495,A319,145
British Airways,MMMX,EGLL,BA242,B789,585
British Airways,KMIA,EGLL,BA206,A388,480
British Airways,LIML,EGLL,BA569,"A319, A320, A321",100
British Airways,LIMC,EGLL,BA573,"A319, A320, A321",90
British Airways,CYUL,EGLL,BA94,B789,360
British Airways,VABB,EGLL,BA138,"B772, B77W, B789",570
British Airways,EDDM,EGLL,BA951,"A319, A320, A321",100
British Airways,LGMK,EGLL,BA651,A320,180
British Airways,HKJK,EGLL,BA64,B789,470
British Airways,LIRN,EGLL,BA535,"A320, A321",160
British Airways,KBNA,EGLL,BA222,B789,540
British Airways,MYNN,EGLL,BA252,B772,505
British Airways,MWCR,MYNN,BA252,B772,95
British Airways,MBPV,MYNN,BA252,B772,80
British Airways,KMSY,EGLL,BA224,B772,550
British Airways,KJFK,EGLL,BA116,"B772, B77W, B78X",380
British Airways,KEWR,EGLL,BA188,"B772, B77W, B78X",400
British Airways,EGNT,EGLL,BA1335,"A319, A320, A321",75
British Airways,LFMN,EGLL,BA347,"A319, A320, A321",95
British Airways,EDDN,EGLL,BA875,"A319, A320",105
British Airways,LIEO,EGLL,BA609,"A319, A320, A321",120
British Airways,ENGM,EGLL,BA767,"A319, A320",95
British Airways,LICJ,EGLL,BA611,"A320, A321",180
British Airways,LEPA,EGLL,BA497,"A319, A320, A321",145
British Airways,LCPH,EGLL,BA898,A321,220
British Airways,LFPG,EGLL,BA315,"A319, A320, A321",40
British Airways,LIRZ,EGLL,BA617,A319,145
British Airways,KPHL,EGLL,BA66,B789,400
British Airways,KPHX,EGLL,BA288,B789,570
British Airways,LIRP,EGLL,BA605,"A319, A320, A321",105
British Airways,KPIT,EGLL,BA170,B789,440
British Airways,LPPD,EGLL,BA523,A320,230
British Airways,KPDX,EGLL,BA266,"B789, B78X",565
British Airways,LKPR,EGLL,BA855,"A319, A320",120
British Airways,LGPZ,EGLL,BA675,A320,200
British Airways,BIKF,EGLL,BA801,"A320, A321",200
British Airways,LGRP,EGLL,BA625,A320,255
British Airways,EVRA,EGLL,BA881,A320,125
British Airways,LIPR,EGLL,BA533,"A319, A320",125
British Airways,SBGL,EGLL,BA248,B772,645
British Airways,SAEZ,SBGL,BA248,B772,175
British Airways,OERK,EGLL,BA262,"B772, B77W, B789",355
British Airways,LIRF,EGLL,BA551,"A319, A320, A321",130
British Airways,LOWS,EGLL,BA683,"A319, A320",130
British Airways,KSAN,EGLL,BA264,"B77W, B788, B789",590
British Airways,KSFO,EGLL,BA286,"B77W, A388",580
British Airways,SCEL,EGLL,BA250,B789,800
British Airways,LGSR,EGLL,BA653,A320,240
British Airways,SBGR,EGLL,BA246,B789,665
British Airways,KSEA,EGLL,BA48,"B77W, B789, B78X",515
British Airways,LEZL,EGLL,BA319,"A320, A321",160
British Airways,ZSPD,EGLL,BA168,B789,785
British Airways,WSSS,EGLL,BA16,"B789, A388",835
British Airways,YSSY,WSSS,BA16,B789,500
British Airways,LBSF,EGLL,BA893,A320,155
British Airways,LDSP,EGLL,BA843,"A320, A321",140
British Airways,ESSA,EGLL,BA781,"A319, A320, A321",140
British Airways,EDDS,EGLL,BA919,"A319, A320",100
British Airways,UGTB,EGLL,BA891,A320,335
British Airways,LLBG,EGLL,BA403,A321,280
British Airways,GCTS,EGLL,BA415,A320,240
British Airways,LGTS,EGLL,BA773,A320,200
British Airways,LATI,EGLL,BA929,"A320, A321",180
British Airways,RJTT,EGLL,BA6,B789,840
British Airways,CYYZ,EGLL,BA92,"B772, B789, B78X",370
British Airways,LFBO,EGLL,BA373,"A319, A320, A321",100
British Airways,ENTC,EGLL,BA613,A320,180
British Airways,LIMF,EGLL,BA537,A319,95
British Airways,LEVC,EGLL,BA409,"A319, A320",140
British Airways,CYVR,EGLL,BA84,"B772, B77W",525
British Airways,LIPZ,EGLL,BA579,"A319, A320, A321",115
British Airways,LOWW,EGLL,BA701,"A319, A320",120
British Airways,EPWA,EGLL,BA847,"A319, A320, A321",135
British Airways,KIAD,EGLL,BA292,"B77W, A388",395
British Airways,LGZA,EGLL,BA659,A320,260
British Airways,LSZH,EGLL,BA717,"A319, A320, A321",110
British Airways,EGKK,DGAA,BA2067,B772,375
BA EuroFlyer,EGKK,GMAD,BA2664,"A320, A321",190
BA EuroFlyer,EGKK,DAAG,BA2816,"A320, A321",155
BA EuroFlyer,EGKK,LEAL,BA2632,"A320, A321",155
BA EuroFlyer,EGKK,EHAM,BA2824,"A320, A321",80
BA EuroFlyer,EGKK,LTAI,BA2794,"A320, A321",195
British Airways,EGKK,TAPA,BA2157,B772,515
British Airways,TAPA,TNCA,BA2157,B772,90
British Airways,TAPA,TKPK,BA2157,B772,45
British Airways,EGKK,VTBS,BA2231,B772,685
BA EuroFlyer,EGKK,LIBD,BA2810,"A320, A321",165
BA EuroFlyer,EGKK,LFBD,BA2786,"A320, A321",95
BA EuroFlyer,EGKK,LIEE,BA2616,"A320, A321",160
British Airways,EGKK,MMUN,BA2203,B772,660
British Airways,EGKK,FACT,BA2041,B772,705
BA EuroFlyer,EGKK,LICC,BA2844,"A320, A321",190
BA CityFlyer,EGKK,LFLB,BA3275,E190,95
BA EuroFlyer,EGKK,LGKR,BA2812,A320,175
BA EuroFlyer,EGKK,LTBS,BA2662,"A320, A321",265
BA EuroFlyer,EGKK,LDDU,BA2832,"A320, A321",170
BA EuroFlyer,EGKK,LPFR,BA2850,"A320, A321",170
BA EuroFlyer,EGKK,GCFV,BA2710,"A320, A321",230
BA EuroFlyer,EGKK,LSGG,BA2736,"A320, A321",110
British Airways,EGKK,EGPF,BA1480,"A320, A321",90
BA EuroFlyer,EGKK,LOWG,BA2864,A320,115
BA EuroFlyer,EGKK,LFLS,BA2750,A320,90
BA EuroFlyer,EGKK,LGIR,BA2560,"A320, A321",245
BA EuroFlyer,EGKK,LEIB,BA2872,"A320, A321",130
BA EuroFlyer,EGKK,LOWI,BA2622,A320,100
British Airways,EGKK,OPIS,BA2161,B772,470
BA EuroFlyer,EGKK,EFIV,BA2860,A320,195
BA EuroFlyer,EGKK,EGJJ,BA2530,A320,40
British Airways,EGKK,MKJP,BA2263,B772,605
BA EuroFlyer,EGKK,LGKO,BA2848,A320,245
BA EuroFlyer,EGKK,GCRR,BA2732,"A320, A321",260
BA EuroFlyer,EGKK,LCLK,BA2784,"A320, A321",255
BA EuroFlyer,EGKK,GCLP,BA2708,"A320, A321",260
British Airways,EGKK,KLAS,BA2277,B772,650
BA EuroFlyer,EGKK,LFLL,BA2612,"A320, A321",100
BA EuroFlyer,EGKK,LPMA,BA2716,"A320, A321",170
BA EuroFlyer,EGKK,LEMG,BA2792,"A320, A321",170
BA EuroFlyer,EGKK,LMML,BA2614,"A320, A321",205
BA EuroFlyer,EGKK,GMMX,BA2666,"A320, A321",210
British Airways,EGKK,FIMP,BA2063,B772,690
BA EuroFlyer,EGKK,LEMH,BA2566,"A320, A321",120
BA EuroFlyer,EGKK,LFMT,BA2578,"A320, A321",95
BA EuroFlyer,EGKK,LGMK,BA2814,A320,195
British Airways,EGKK,KJFK,BA2273,B772,480
BA EuroFlyer,EGKK,LFMN,BA2626,"A320, A321",125
British Airways,EGKK,KMCO,BA2037,B772,585
BA EuroFlyer,EGKK,LEPA,BA2876,"A320, A321",135
BA EuroFlyer,EGKK,LCPH,BA2856,"A320, A321",285
British Airways,EGKK,TTPP,BA2239,B772,550
BA EuroFlyer,EGKK,LPPR,BA2666,"A320, A321",135
British Airways,EGKK,MDPC,BA2205,B772,510
BA EuroFlyer,EGKK,GMME,BA2820,A320,175
BA EuroFlyer,EGKK,LGRP,BA2205,"A320, A321",245
British Airways,EGKK,TLPL,BA2159,B772,530
British Airways,TLPL,SYCJ,BA2159,B763,80
British Airways,TLPL,TGPY,BA2159,B772,30
British Airways,TLPL,TTCP,BA2159,B772,45
BA EuroFlyer,EGKK,LIRI,BA2600,A320,155
BA EuroFlyer,EGKK,LOWS,BA2652,A320,120
British Airways,EGKK,MROC,BA2237,B772,695
BA EuroFlyer,EGKK,LGSR,BA2820,A320,245
BA EuroFlyer,EGKK,LEZL,BA2650,"A320, A321",165
BA EuroFlyer,EGKK,HESH,BA2814,A320,300
British Airways,EGKK,KTPA,BA2167,B772,595
BA EuroFlyer,EGKK,GCTS,BA2702,"A320, A321",280
BA EuroFlyer,EGKK,LGTS,BA2640,"A320, A321",200
BA EuroFlyer,EGKK,LIMF,BA2578,"A320, A321",120
British Airways,EGKK,CYVR,BA2279,B772,575
BA EuroFlyer,EGKK,LIPZ,BA2588,"A320, A321",130
BA EuroFlyer,EGKK,LIPX,BA2596,"A320, A321",125
British Airways,DGAA,EGKK,BA2066,B772,375
BA EuroFlyer,GMAD,EGKK,BA2665,"A320, A321",190
BA EuroFlyer,DAAG,EGKK,BA2817,"A320, A321",155
BA EuroFlyer,LEAL,EGKK,BA2633,"A320, A321",155
BA EuroFlyer,EHAM,EGKK,BA2825,"A320, A321",80
BA EuroFlyer,LTAI,EGKK,BA2795,"A320, A321",195
British Airways,TAPA,EGKK,BA2156,B772,480
British Airways,TNCA,TAPA,BA2156,B772,90
British Airways,TKPK,TAPA,BA2156,B772,45
British Airways,VTBS,EGKK,BA2230,B772,760
BA EuroFlyer,LIBD,EGKK,BA2811,"A320, A321",165
BA EuroFlyer,LFBD,EGKK,BA2787,"A320, A321",95
BA EuroFlyer,LIEE,EGKK,BA2617,"A320, A321",160
British Airways,MMUN,EGKK,BA2203,B772,660
British Airways,FACT,EGKK,BA2040,B772,705
BA EuroFlyer,LICC,EGKK,BA2845,"A320, A321",190
BA CityFlyer,LFLB,EGKK,BA3274,E190,95
BA EuroFlyer,LGKR,EGKK,BA2813,A320,175
BA EuroFlyer,LTBS,EGKK,BA2663,"A320, A321",265
BA EuroFlyer,LDDU,EGKK,BA2833,"A320, A321",170
BA EuroFlyer,LPFR,EGKK,BA2851,"A320, A321",170
BA EuroFlyer,GCFV,EGKK,BA2711,"A320, A321",230
BA EuroFlyer,LSGG,EGKK,BA2737,"A320, A321",110
British Airways,EGPF,EGKK,BA1481,"A320, A321",90
BA EuroFlyer,LOWG,EGKK,BA2865,A320,115
BA EuroFlyer,LFLS,EGKK,BA2751,A320,90
BA EuroFlyer,LGIR,EGKK,BA2561,"A320, A321",245
BA EuroFlyer,LEIB,EGKK,BA2873,"A320, A321",130
BA EuroFlyer,LOWI,EGKK,BA2623,A320,100
British Airways,OPIS,EGKK,BA2160,B772,530
BA EuroFlyer,EFIV,EGKK,BA2861,A320,195
BA EuroFlyer,EGJJ,EGKK,BA2531,A320,40
British Airways,MKJP,EGKK,BA2262,B772,605
BA EuroFlyer,LGKO,EGKK,BA2849,A320,245
BA EuroFlyer,GCRR,EGKK,BA2733,"A320, A321",260
BA EuroFlyer,LCLK,EGKK,BA2785,"A320, A321",255
BA EuroFlyer,GCLP,EGKK,BA2709,"A320, A321",260
British Airways,KLAS,EGKK,BA2276,B772,600
BA EuroFlyer,LFLL,EGKK,BA2613,"A320, A321",100
BA EuroFlyer,LPMA,EGKK,BA2717,"A320, A321",220
BA EuroFlyer,LEMG,EGKK,BA2793,"A320, A321",170
BA EuroFlyer,LMML,EGKK,BA2615,"A320, A321",205
BA EuroFlyer,GMMX,EGKK,BA2667,"A320, A321",210
British Airways,FIMP,EGKK,BA2062,B772,690
BA EuroFlyer,LEMH,EGKK,BA2567,"A320, A321",120
BA EuroFlyer,LFMT,EGKK,BA2579,"A320, A321",95
BA EuroFlyer,LGMK,EGKK,BA2815,A320,195
British Airways,KJFK,EGKK,BA2272,B772,420
BA EuroFlyer,LFMN,EGKK,BA2627,"A320, A321",125
British Airways,KMCO,EGKK,BA2036,B772,585
BA EuroFlyer,LEPA,EGKK,BA2877,"A320, A321",135
BA EuroFlyer,LCPH,EGKK,BA2857,"A320, A321",285
BA EuroFlyer,LPPR,EGKK,BA2667,"A320, A321",135
British Airways,TTPP,EGKK,BA2238,B772,515
British Airways,MDPC,EGKK,BA2204,B772,510
BA EuroFlyer,GMME,EGKK,BA2821,A320,160
BA EuroFlyer,LGRP,EGKK,BA2605,"A320, A321",245
British Airways,TLPL,EGKK,BA2158,B772,500
British Airways,SYCJ,TLPL,BA2158,B763,80
British Airways,TGPY,TLPL,BA2158,B772,30
British Airways,TTCP,TLPL,BA2158,B772,45
BA EuroFlyer,LIRI,EGKK,BA2601,A320,155
BA EuroFlyer,LOWS,EGKK,BA2653,A320,120
British Airways,MROC,EGKK,BA2236,B772,695
BA EuroFlyer,LGSR,EGKK,BA2821,A320,245
BA EuroFlyer,LEZL,EGKK,BA2651,"A320, A321",165
BA EuroFlyer,HESH,EGKK,BA2815,A320,320
British Airways,KTPA,EGKK,BA2166,B772,595
BA EuroFlyer,GCTS,EGKK,BA2703,"A320, A321",280
BA EuroFlyer,LGTS,EGKK,BA2641,"A320, A321",200
BA EuroFlyer,LIMF,EGKK,BA2579,"A320, A321",120
British Airways,CYVR,EGKK,BA2278,B772,555
BA EuroFlyer,LIPZ,EGKK,BA2589,"A320, A321",130
BA EuroFlyer,LIPX,EGKK,BA2597,"A320, A321",125
BA CityFlyer,EGLC,EHAM,BA8455,E190,70
BA CityFlyer,EGLC,LEBL,BA8759,E190,130
BA CityFlyer,EGLC,EGAC,BA8752,E190,85
BA CityFlyer,EGLC,LFBE,BA8745,E190,80
BA CityFlyer,EGLC,EDDB,BA8493,E190,100
BA CityFlyer,EGLC,LFLB,BA8741,E190,100
BA CityFlyer,EGLC,EIDW,BA4462,E190,80
BA CityFlyer,EGLC,EDDL,BA3271,E190,75
BA CityFlyer,EGLC,EGPH,BA8712,E190,80
BA CityFlyer,EGLC,LPFR,BA8481,E190,180
BA CityFlyer,EGLC,LIRQ,BA3279,E190,125
BA CityFlyer,EGLC,EDDF,BA8736,E190,90
BA CityFlyer,EGLC,LSGG,BA2285,E190,95
BA CityFlyer,EGLC,EGPF,BA2283,E190,80
BA CityFlyer,EGLC,LEIB,BA8461,E190,130
BA CityFlyer,EGLC,LOWI,BA8479,E190,95
BA CityFlyer,EGLC,EGKB,BA7031,E190,20
BA CityFlyer,EGLC,LEMG,BA8487,E190,160
BA CityFlyer,EGLC,EGCC,BA7310,E190,45
BA CityFlyer,EGLC,LIML,BA7301,E190,90
BA CityFlyer,EGLC,LGMK,BA2221,E190,215
BA CityFlyer,EGLC,LFMN,BA8475,E190,120
BA CityFlyer,EGLC,LIEO,BA2335,E190,140
BA CityFlyer,EGLC,LEPA,BA8483,E190,145
BA CityFlyer,EGLC,LKPR,BA7339,E190,120
BA CityFlyer,EGLC,LERS,BA7031,E190,150
BA CityFlyer,EGLC,EHRD,BA4457,E190,55
BA CityFlyer,EGLC,LOWS,BA8479,E190,100
BA CityFlyer,EGLC,LESO,BA7335,E190,115
BA CityFlyer,EGLC,EDDR,BA9769,E190,75
BA CityFlyer,EGLC,LGSK,BA2225,E190,200
BA CityFlyer,EGLC,LDSP,BA7337,E190,155
BA CityFlyer,EGLC,LGTS,BA2229,E190,200
BA CityFlyer,EGLC,LSZH,BA8769,E190,95
BA CityFlyer,EHAM,EGLC,BA8454,E190,70
BA CityFlyer,LEBL,EGLC,BA8760,E190,130
BA CityFlyer,EGAC,EGLC,BA8753,E190,80
BA CityFlyer,LFBE,EGLC,BA8744,E190,80
BA CityFlyer,EDDB,EGLC,BA8492,E190,100
BA CityFlyer,LFLB,EGLC,BA8742,E190,100
BA CityFlyer,EIDW,EGLC,BA4463,E190,80
BA CityFlyer,EDDL,EGLC,BA3270,E190,75
BA CityFlyer,EGPH,EGLC,BA8711,E190,80
BA CityFlyer,LPFR,EGLC,BA8480,E190,180
BA CityFlyer,LIRQ,EGLC,BA3278,E190,125
BA CityFlyer,EDDF,EGLC,BA8735,E190,90
BA CityFlyer,LSGG,EGLC,BA2284,E190,95
BA CityFlyer,EGPF,EGLC,BA2282,E190,80
BA CityFlyer,LEIB,EGLC,BA8462,E190,130
BA CityFlyer,LOWI,EGLC,BA8480,E190,105
BA CityFlyer,EGKB,EGLC,BA7034,E190,20
BA CityFlyer,LEMG,EGLC,BA8488,E190,160
BA CityFlyer,EGCC,EGLC,BA7311,E190,45
BA CityFlyer,LIML,EGLC,BA7302,E190,90
BA CityFlyer,LGMK,EGLC,BA2220,E190,215
BA CityFlyer,LFMN,EGLC,BA8474,E190,120
BA CityFlyer,LIEO,EGLC,BA2334,E190,140
BA CityFlyer,LEPA,EGLC,BA8484,E190,145
BA CityFlyer,LKPR,EGLC,BA7338,E190,120
BA CityFlyer,LERS,EGLC,BA7032,E190,145
BA CityFlyer,EHRD,EGLC,BA4456,E190,55
BA CityFlyer,LOWS,EGLC,BA8480,E190,100
BA CityFlyer,LESO,EGLC,BA7334,E190,115
BA CityFlyer,EDDR,EGLC,BA9770,E190,75
BA CityFlyer,LGSK,EGLC,BA2224,E190,200
BA CityFlyer,LDSP,EGLC,BA7336,E190,155
BA CityFlyer,LGTS,EGLC,BA2228,E190,200
BA CityFlyer,LSZH,EGLC,BA8768,E190,95
Air Liberté,LFQQ,LFSB,IJ563,CRJ7,65
Air Liberté,LFQQ,LFMN,IJ643,CRJ7,90
Air Liberté,LFQQ,LFMP,IJ551,CRJ7,95
Air Liberté,LFPG,LFMT,IJ185,CRJ7,65
Air Liberté,LFPG,LFMN,IJ755,CRJ7,80
Air Liberté,LFPG,LFBO,IJ789,CRJ7,75
Air Liberté,LFPO,GMAD,VD121,CRJ7,180
Air Liberté,LFPO,LFBA,IJ1611,CRJ7,75
Air Liberté,LFPO,LFLP,IJ65,CRJ7,60
Air Liberté,LFPO,LFBE,IJ1651,CRJ7,65
Air Liberté,LFPO,LFBD,IJ711,CRJ7,65
Air Liberté,LFPO,LFSL,IJ121,CRJ7,60
Air Liberté,LFPO,LFCK,IJ111,CRJ7,75
Air Liberté,LFPO,SOCA,IW501,DC10,540
Air Liberté,LFPO,LFRC,IJ251,CRJ7,40
Air Liberté,LFPO,VCBI,IW923,DC10,630
Air Liberté,VCBI,YSSY,IW923,DC10,655
Air Liberté,YSSY,NWWW,IW923,DC10,150
Air Liberté,LFPO,LFGA,IJ6361,CRJ7,60
Air Liberté,LFPO,LFSG,IJ1127,CRJ7,50
Air Liberté,LFPO,LFKF,IJ3967,CRJ7,100
Air Liberté,LFPO,TFFF,IJ811,DC10,545
Air Liberté,LFPO,MUHG,IW441,DC10,560
Air Liberté,LFPO,LEIB,IJ4097,CRJ7,110
Air Liberté,LFPO,LFBH,IJ149,CRJ7,60
Air Liberté,LFPO,LFRO,IJ191,CRJ7,60
Air Liberté,LFPO,KLAX,IW901,DC10,660
Air Liberté,KLAX,NWWW,IW901,DC10,755
Air Liberté,KLAX,NTAA,IW901,DC10,495
Air Liberté,LFPO,LFML,IJ883,CRJ7,75
Air Liberté,LFPO,LFJL,IJ21,CRJ7,50
Air Liberté,LFPO,LFMT,IJ609,CRJ7,75
Air Liberté,LFPO,CYMX,IJ981,DC10,445
Air Liberté,CYMX,CYYZ,IJ981,DC10,65
Air Liberté,LFPO,MYNN,IW623,DC10,545
Air Liberté,MYNN,MUHA,IW623,DC10,55
OpenSkies,LFPO,KJFK,BA8005,B752,390
OpenSkies,LFPO,KEWR,BA8003,B763,405
Air Liberté,LFPO,LFMN,IJ653,CRJ7,80
Air Liberté,LFPO,SMJP,IW551,DC10,545
Air Liberté,LFPO,LFMP,IJ155,CRJ7,80
Air Liberté,LFPO,TLPL,IJ881,DC10,550
Air Liberté,LFPO,TFFR,IJ432,DC10,535
Air Liberté,TFFR,TNCM,IJ432,DC10,35
Air Liberté,LFPO,MDPP,IW357,DC10,535
Air Liberté,LFPO,LFCR,IJ115,CRJ7,65
Air Liberté,LFPO,LFRT,IJ5181,CRJ7,60
Air Liberté,LFPO,LFRZ,IJ5171,CRJ7,60
Air Liberté,LFPO,MUCU,IW443,DC10,555
Air Liberté,LFPO,FMEE,IJ851,DC10,730
Air Liberté,LFPO,LFST,IJ73,CRJ7,60
Air Liberté,LFPO,LFTH,IJ43,CRJ7,80
Air Liberté,LFPO,LFBO,IJ711,CRJ7,75
Air Liberté,LFPO,MUVR,IW645,DC10,575
OpenSkies,LFPO,KIAD,BA8011,B752,490
Air Liberté,LFBO,LFMK,IJ761,CRJ7,35
Air Liberté,LFBO,LPPT,IJ741,CRJ7,105
Air Liberté,LFBO,LFLL,IJ109,CRJ7,60
Air Liberté,LFBO,LFML,IJ449,CRJ7,55
Air Liberté,LFBO,LFRS,IJ447,CRJ7,65
Air Liberté,LFBO,FMEE,IJ197,DC10,705
OpenSkies,EHAM,KJFK,BA7021,B752,465
Air Liberté,LFLL,LFSB,IJ233,CRJ7,50
Air Liberté,LFLL,FMEE,IW835,DC10,710
Air Liberté,LFLL,LFOT,IJ291,CRJ7,60
Air Liberté,LFOT,LFBI,IJ291,CRJ7,40
Air Liberté,LFML,FMEE,IJ855,DC10,690
Air Liberté,LFMN,LFSB,IJ621,CRJ7,65
Air Liberté,LFCR,LFCI,IJ6701,CRJ7,35
Air Liberté,LFCR,LFMK,IJ113,CRJ7,40
Air Liberté,LFSB,LFQQ,IJ562,CRJ7,65
Air Liberté,LFMN,LFQQ,IJ642,CRJ7,90
Air Liberté,LFMP,LFQQ,IJ550,CRJ7,95
Air Liberté,LFMT,LFPG,IJ184,CRJ7,65
Air Liberté,LFMN,LFPG,IJ754,CRJ7,80
Air Liberté,LFBO,LFPG,IJ788,CRJ7,75
Air Liberté,GMAD,LFPO,VD120,CRJ7,180
Air Liberté,LFBA,LFPO,IJ1610,CRJ7,75
Air Liberté,LFLP,LFPO,IJ66,CRJ7,60
Air Liberté,LFBE,LFPO,IJ1650,CRJ7,65
Air Liberté,LFBD,LFPO,IJ710,CRJ7,65
Air Liberté,LFSL,LFPO,IJ122,CRJ7,60
Air Liberté,LFCK,LFPO,IJ112,CRJ7,75
Air Liberté,SOCA,LFPO,IW502,DC10,540
Air Liberté,LFRC,LFPO,IJ250,CRJ7,40
Air Liberté,LFGA,LFPO,IJ6360,CRJ7,60
Air Liberté,VCBI,LFPO,IW924,DC10,630
Air Liberté,YSSY,VCBI,IW924,DC10,655
Air Liberté,NWWW,YSSY,IW924,DC10,150
Air Liberté,LFSG,LFPO,IJ1126,CRJ7,50
Air Liberté,LFKF,LFPO,IJ3966,CRJ7,100
Air Liberté,TFFF,LFPO,IJ810,DC10,545
Air Liberté,MUHG,LFPO,IW442,DC10,560
Air Liberté,LEIB,LFPO,IJ4096,CRJ7,110
Air Liberté,LFBH,LFPO,IJ148,CRJ7,60
Air Liberté,LFRO,LFPO,IJ192,CRJ7,60
Air Liberté,KLAX,LFPO,IW902,DC10,660
Air Liberté,NWWW,KLAX,IW902,DC10,755
Air Liberté,NTAA,KLAX,IW902,DC10,495
Air Liberté,LFML,LFPO,IJ882,CRJ7,75
Air Liberté,LFJL,LFPO,IJ20,CRJ7,50
Air Liberté,LFMT,LFPO,IJ608,CRJ7,75
Air Liberté,CYMX,LFPO,IJ980,DC10,445
Air Liberté,CYYZ,CYMX,IW980,DC10,65
Air Liberté,MYNN,LFPO,IW624,DC10,545
Air Liberté,MUHA,MYNN,IW624,DC10,55
OpenSkies,KJFK,LFPO,BA8006,B752,390
OpenSkies,KEWR,LFPO,BA8004,B763,405
Air Liberté,LFMN,LFPO,IJ652,CRJ7,80
Air Liberté,SMJP,LFPO,IW552,DC10,545
Air Liberté,LFMP,LFPO,IJ154,CRJ7,80
Air Liberté,TLPL,LFPO,IJ880,DC10,550
Air Liberté,TFFR,LFPO,IJ433,DC10,535
Air Liberté,TNCM,TFFR,IJ433,DC10,35
Air Liberté,MDPP,LFPO,IW358,DC10,500
Air Liberté,LFCR,LFPO,IJ114,CRJ7,65
Air Liberté,LFRT,LFPO,IJ5180,CRJ7,60
Air Liberté,LFRZ,LFPO,IJ5170,CRJ7,60
Air Liberté,MUCU,LFPO,IW444,DC10,555
Air Liberté,FMEE,LFPO,IJ850,DC10,730
Air Liberté,LFST,LFPO,IJ72,CRJ7,60
Air Liberté,LFTH,LFPO,IJ42,CRJ7,80
Air Liberté,LFBO,LFPO,IJ710,CRJ7,75
Air Liberté,MUVR,LFPO,IW646,DC10,575
OpenSkies,KIAD,LFPO,BA8012,B752,490
Air Liberté,LFMK,LFBO,IJ760,CRJ7,35
Air Liberté,LPPT,LFBO,IJ740,CRJ7,105
Air Liberté,LFLL,LFBO,IJ108,CRJ7,60
Air Liberté,LFML,LFBO,IJ448,CRJ7,55
Air Liberté,LFRS,LFBO,IJ446,CRJ7,65
Air Liberté,FMEE,LFBO,IJ196,DC10,705
OpenSkies,KJFK,EHAM,BA7022,B752,465
Air Liberté,LFSB,LFLL,IJ232,CRJ7,50
Air Liberté,FMEE,LFLL,IW834,DC10,710
Air Liberté,LFOT,LFLL,IJ290,CRJ7,60
Air Liberté,LFBI,LFOT,IJ290,CRJ7,40
Air Liberté,FMEE,LFML,IJ854,DC10,690
Air Liberté,LFSB,LFMN,IJ620,CRJ7,65
Air Liberté,LFCI,LFCR,IJ6700,CRJ7,35
Air Liberté,LFMK,LFCR,IJ112,CRJ7,40
Comair,FACT,FALE,BA6301,B738,90
Comair,FACT,FAEL,BA6321,B738,95
Comair,FACT,FAPE,BA6323,B738,55
Comair,FALE,FAPE,BA6320,B738,60
Comair,FAOR,FACT,BA6429,B738,110
Comair,FAOR,HTDA,BA6277,B738,210
Comair,FAOR,FALE,BA6201,B738,45
Comair,FAOR,FAEL,BA6253,B738,90
Comair,FAOR,FAGG,MN907,B738,110
Comair,FAOR,FAPE,BA6233,B738,90
Comair,FAOR,FVRG,BA6261,B738,80
Comair,FAOR,FLHN,BA6291,B738,80
Comair,FAOR,FDMS,BA6300,B738,40
Comair,FAOR,FQMA,BA6255,B738,80
Comair,FAOR,FIMP,BA6399,B738,210
Comair,FAOR,FAKN,BA6251,B738,40
Comair,FAOR,FHSH,MN8427,B738,305
Comair,FAOR,FVFA,BA6285,B738,100
Comair,FAOR,FYWH,BA6275,B738,110
Comair,FAOR,HTZA,MN8301,B738,215
Comair,KBFI,MDPC,BA9900,B738,465
Comair,MDPC,GVAC,BA9900,B738,390
Comair,GVAC,DGAA,BA9900,B738,235
Comair,DGAA,FAOR,BA9900,B738,380
Comair,FALE,FACT,BA6302,B738,90
Comair,FAEL,FACT,BA6322,B738,95
Comair,FAPE,FACT,BA6324,B738,55
Comair,FAPE,FALE,BA6323,B738,60
Comair,FACT,FAOR,BA6428,B738,110
Comair,HTDA,FAOR,BA6276,B738,210
Comair,FALE,FAOR,BA6202,B738,45
Comair,FAEL,FAOR,BA6254,B738,90
Comair,FAGG,FAOR,MN908,B738,110
Comair,FAPE,FAOR,BA6230,B738,90
Comair,FVRG,FAOR,BA6262,B738,80
Comair,FLHN,FAOR,BA6287,B738,80
Comair,FDMS,FAOR,BA6301,B738,40
Comair,FQMA,FAOR,BA6254,B738,80
Comair,FIMP,FAOR,BA6400,B738,210
Comair,FAKN,FAOR,BA6250,B738,40
Comair,FVFA,FAOR,BA6282,B738,100
Comair,FHSH,FAOR,MN8426,B738,305
Comair,FYWH,FAOR,BA6274,B738,110
Comair,HTZA,FAOR,MN8300,B738,215
Deutsche BA,EDDT,LEMD,DI3351,B738,150
Deutsche BA,EDDT,UUEE,DI7028,B738,130
Deutsche BA,EDDW,EBBR,DI220,CRJ7,55
Deutsche BA,EDDW,EDDC,DI230,CRJ7,60
Deutsche BA,EDDW,EDNY,DI210,CRJ7,75
Deutsche BA,EDDW,LSZH,DI208,CRJ7,75
Deutsche BA,EDDK,EDDT,DI7062,B738,60
Deutsche BA,EDDK,EDDC,DI273,CRJ7,65
Deutsche BA,EDDK,LGTS,DI4120,CRJ7,155
Deutsche BA,EDDL,EDDT,DI1944,B738,65
Deutsche BA,EDDL,EDDC,DI7897,CRJ7,65
Deutsche BA,EDNY,LFSB,DI153,CRJ7,40
Deutsche BA,EDNY,EDDI,DI151,CRJ7,75
Deutsche BA,EDNY,EDDH,DI143,CRJ7,75
Deutsche BA,EDNY,EDMO,DI100,CRJ7,20
Deutsche BA,EDNY,LSZH,DI205,CRJ7,35
Deutsche BA,EDDG,LFPG,DI258,CRJ7,65
Deutsche BA,EDDG,LSZH,DI550,CRJ7,65
Deutsche BA,EDDM,LTAC,DI7012,B738,170
Deutsche BA,EDDM,EDDT,DI7008,B738,65
Deutsche BA,EDDM,EDDW,DI197,CRJ7,70
Deutsche BA,EDDM,EDDK,DI7176,B738,60
Deutsche BA,EDDM,EDDL,DI7098,B738,65
Deutsche BA,EDDM,EDDH,DI7116,"CRJ7, B738",75
Deutsche BA,EDDM,LFPO,DI4730,CRJ7,80
Deutsche BA,EDDM,LGTS,DI4154,B738,120
Deutsche BA,EDDS,EDDT,DI7030,B738,65
Deutsche BA,EDDS,EDDW,DI196,CRJ7,65
Deutsche BA,EDDS,LSGG,DI7334,B738,55
Deutsche BA,EDDS,EGJB,DI410,CRJ7,95
Deutsche BA,EGJB,EGJJ,DI410,CRJ7,20
Deutsche BA,EDDS,EDDH,DI7186,CRJ7,70
Deutsche BA,EDDS,EDDP,DI314,CRJ7,55
Deutsche BA,EDDS,EDDG,DI240,CRJ7,60
Deutsche BA,EDDS,LKPR,DI342,CRJ7,60
Deutsche BA,LEMD,EDDT,DI3352,B738,150
Deutsche BA,UUEE,EDDT,DI7029,B738,130
Deutsche BA,EBBR,EDDW,DI221,CRJ7,55
Deutsche BA,EDDC,EDDW,DI231,CRJ7,60
Deutsche BA,EDNY,EDDW,DI211,CRJ7,75
Deutsche BA,LSZH,EDDW,DI209,CRJ7,75
Deutsche BA,EDDT,EDDK,DI7063,B738,60
Deutsche BA,EDDC,EDDK,DI274,CRJ7,65
Deutsche BA,LGTS,EDDK,DI4121,CRJ7,155
Deutsche BA,EDDT,EDDL,DI1945,B738,65
Deutsche BA,EDDC,EDDL,DI7898,CRJ7,65
Deutsche BA,LFSB,EDNY,DI154,CRJ7,40
Deutsche BA,EDDI,EDNY,DI152,CRJ7,75
Deutsche BA,EDDH,EDNY,DI144,CRJ7,75
Deutsche BA,EDMO,EDNY,DI101,CRJ7,20
Deutsche BA,LSZH,EDNY,DI206,CRJ7,35
Deutsche BA,LFPG,EDDG,DI259,CRJ7,65
Deutsche BA,LSZH,EDDG,DI551,CRJ7,65
Deutsche BA,LTAC,EDDM,DI7013,B738,170
Deutsche BA,EDDT,EDDM,DI7009,B738,65
Deutsche BA,EDDW,EDDM,DI198,CRJ7,70
Deutsche BA,EDDK,EDDM,DI7177,B738,60
Deutsche BA,EDDL,EDDM,DI7099,B738,65
Deutsche BA,EDDH,EDDM,DI7117,"CRJ7, B738",75
Deutsche BA,LFPO,EDDM,DI4731,CRJ7,80
Deutsche BA,LGTS,EDDM,DI4155,B738,120
Deutsche BA,EDDT,EDDS,DI7031,B738,65
Deutsche BA,EDDW,EDDS,DI197,CRJ7,65
Deutsche BA,LSGG,EDDS,DI7335,B738,55
Deutsche BA,EDDH,EDDS,DI7187,CRJ7,70
Deutsche BA,EGJJ,EDDS,DI411,CRJ7,90
Deutsche BA,EDDP,EDDS,DI315,CRJ7,55
Deutsche BA,EDDG,EDDS,DI241,CRJ7,60
Deutsche BA,LKPR,EDDS,DI343,CRJ7,60
Sun Air of Scandinavia,EKBI,EKYT,BA9149,E190,25
Sun Air of Scandinavia,EKBI,ENAL,BA9088,E190,90
Sun Air of Scandinavia,EKBI,EHAM,BA9075,CL35 (Generic livery),65
Sun Air of Scandinavia,EHAM,LSZS,BA9075,CL35 (Generic livery),85
Sun Air of Scandinavia,EKBI,ESTA,BA9061,CL35 (Generic livery),50
Sun Air of Scandinavia,EKBI,ENBR,BA8621,E190,60
Sun Air of Scandinavia,EKBI,LZIB,BA9201,E190,105
Sun Air of Scandinavia,EKBI,EGEC,BA9002,CL35 (Generic livery),100
Sun Air of Scandinavia,EKBI,LFMD,BA9423,CL35 (Generic livery),140
Sun Air of Scandinavia,EKBI,LFOK,BA9154,CL35 (Generic livery),90
Sun Air of Scandinavia,EKBI,EGNR,BA9191,CL35 (Generic livery),75
Sun Air of Scandinavia,EKBI,LIMZ,BA9315,CL35 (Generic livery),125
Sun Air of Scandinavia,EKBI,EDDC,BA9161,E190,75
Sun Air of Scandinavia,EKBI,EDDL,BA8201,E190,60
Sun Air of Scandinavia,EKBI,EHEH,BA9079,E190,65
Sun Air of Scandinavia,EKBI,LSGG,BA9073,E190,95
Sun Air of Scandinavia,EKBI,DAUG,BA9111,CL35 (Generic livery),225
Sun Air of Scandinavia,EKBI,ESGG,BA8283,E190,40
Sun Air of Scandinavia,EKBI,ENEV,BA9920,CL35 (Generic livery),140
Sun Air of Scandinavia,EKBI,ENHD,BA9053,E190,65
Sun Air of Scandinavia,EKBI,BGSF,BA5085,CL35 (Generic livery),260
Sun Air of Scandinavia,EKBI,LOWK,BA9031,CL35 (Generic livery),110
Sun Air of Scandinavia,EKBI,EFLP,EZ911B,CL35 (Generic livery),120
Sun Air of Scandinavia,EKBI,EHLE,BA9111,CL35 (Generic livery),50
Sun Air of Scandinavia,EKBI,EVLA,BA9011,CL35 (Generic livery),60
Sun Air of Scandinavia,EKBI,EGSS,BA9047,E190,80
Sun Air of Scandinavia,EKBI,EGCC,BA8245,E190,90
Sun Air of Scandinavia,EKBI,LQMO,BA9011,CL35 (Generic livery),145
Sun Air of Scandinavia,EKBI,EDDM,BA8215,E190,90
Sun Air of Scandinavia,EKBI,ENGM,BA8265,E190,55
Sun Air of Scandinavia,EKBI,BIRK,BA9110,E190,155
Sun Air of Scandinavia,EKBI,EKRK,BA9173,CL35 (Generic livery),25
Sun Air of Scandinavia,EKBI,LSGS,BA9050,CL35 (Generic livery),120
Sun Air of Scandinavia,EKBI,LTAR,BA9613,CL35 (Generic livery),205
Sun Air of Scandinavia,EKBI,LWSK,BA9124,E190,140
Sun Air of Scandinavia,EKBI,ENZV,BA9126,CL35 (Generic livery),60
Sun Air of Scandinavia,ENZV,EKVG,BA9126,CL35 (Generic livery),90
Sun Air of Scandinavia,EKBI,ESSB,BA9111,E190,80
Sun Air of Scandinavia,EKBI,ENSB,BA9074,CL35 (Generic livery),215
Sun Air of Scandinavia,EKBI,EKTS,BA9098,CL35 (Generic livery),25
Sun Air of Scandinavia,EKBI,ESNU,BA9113,CL35 (Generic livery),100
Sun Air of Scandinavia,LEPA,LFMD,BA9487,CL35 (Generic livery),60
Sun Air of Scandinavia,LEPA,LFKF,BA9063,CL35 (Generic livery),60
Sun Air of Scandinavia,LEPA,EBKT,BA9162,CL35 (Generic livery),115
Sun Air of Scandinavia,LEPA,LFRM,BA9434,CL35 (Generic livery),85
Sun Air of Scandinavia,EHAM,BIAR,BA9012,CL35 (Generic livery),220
Sun Air of Scandinavia,EHAM,EPLL,BA9536,E190,105
Sun Air of Scandinavia,EBAW,LFJL,BA9437,E190,35
Sun Air of Scandinavia,ESNX,EHAM,BA9077,CL35 (Generic livery),150
Sun Air of Scandinavia,ESNX,EHEH,BA779,CL35 (Generic livery),165
Sun Air of Scandinavia,EDMA,EGGW,BA9036,CL35 (Generic livery),95
Sun Air of Scandinavia,EDMA,LFML,BA1331,CL35 (Generic livery),85
Sun Air of Scandinavia,EDMA,LFRS,BA9085,CL35 (Generic livery),105
Sun Air of Scandinavia,EDDW,LFBO,BA8271,E190,85
Sun Air of Scandinavia,EBBR,EETN,BA898H,E190,190
Sun Air of Scandinavia,EKCH,EGWU,BA9150,CL35 (Generic livery),105
Sun Air of Scandinavia,EDLV,LTAI,BA9102,E190,190
Sun Air of Scandinavia,EDNY,EDDL,BA8241,E190,80
Sun Air of Scandinavia,EDNY,LFBO,BA8219,E190,105
Sun Air of Scandinavia,LSGG,EKTS,BA9006,CL35 (Generic livery),145
Sun Air of Scandinavia,ESGG,EKAH,BA8282,E190,25
Sun Air of Scandinavia,EGKB,LIRZ,BA9038,E190,125
Sun Air of Scandinavia,LIRZ,LIPR,BA9038,E190,20
Sun Air of Scandinavia,LEMG,DNAA,BA911B,CL35 (Generic livery),290
Sun Air of Scandinavia,EGCC,EGSC,BA8235,E190,45
Sun Air of Scandinavia,EGSC,ESGG,BA8235,E190,115
Sun Air of Scandinavia,EGCC,ENVA,BA9035,E190,130
Sun Air of Scandinavia,ENVA,ENKR,BA9035,E190,110
Sun Air of Scandinavia,LFTW,LIRF,BA9682,CL35 (Generic livery),45
Sun Air of Scandinavia,ENGM,EKYT,BA8272,E190,50
Sun Air of Scandinavia,ENGM,EKAH,BA8270,E190,45
Sun Air of Scandinavia,EKRK,EKRN,BA9171,CL35 (Generic livery),45
Sun Air of Scandinavia,EKRN,LKMT,BA9171,CL35 (Generic livery),80
Sun Air of Scandinavia,ESSB,EKAH,BA8290,E190,60
Sun Air of Scandinavia,EKYT,EKBI,BA9150,E190,25
Sun Air of Scandinavia,ENAL,EKBI,BA9089,E190,90
Sun Air of Scandinavia,ESTA,EKBI,BA9062,CL35 (Generic livery),50
Sun Air of Scandinavia,ENBR,EKBI,BA8622,E190,60
Sun Air of Scandinavia,LZIB,EKBI,BA9202,E190,105
Sun Air of Scandinavia,EGEC,EKBI,BA9002,CL35 (Generic livery),100
Sun Air of Scandinavia,LFMD,EKBI,BA9424,CL35 (Generic livery),140
Sun Air of Scandinavia,LFOK,EKBI,BA9155,CL35 (Generic livery),90
Sun Air of Scandinavia,EGNR,EKBI,BA9190,CL35 (Generic livery),75
Sun Air of Scandinavia,LIMZ,EKBI,BA9316,CL35 (Generic livery),125
Sun Air of Scandinavia,EDDC,EKBI,BA9162,E190,75
Sun Air of Scandinavia,EDDL,EKBI,BA8202,E190,60
Sun Air of Scandinavia,LSGG,EKBI,BA9074,E190,95
Sun Air of Scandinavia,DAUG,EKBI,BA9112,CL35 (Generic livery),225
Sun Air of Scandinavia,ESGG,EKBI,BA8284,E190,40
Sun Air of Scandinavia,ENEV,EKBI,BA9921,CL35 (Generic livery),140
Sun Air of Scandinavia,ENHD,EKBI,BA9196,E190,65
Sun Air of Scandinavia,BGSF,EKBI,BA5086,CL35 (Generic livery),260
Sun Air of Scandinavia,LOWK,EKBI,BA9032,CL35 (Generic livery),110
Sun Air of Scandinavia,EFLP,EKBI,EZ911C,CL35 (Generic livery),120
Sun Air of Scandinavia,EHLE,EKBI,BA9112,CL35 (Generic livery),50
Sun Air of Scandinavia,EVLA,EKBI,BA9012,CL35 (Generic livery),60
Sun Air of Scandinavia,EGSS,EKBI,BA9147,E190,80
Sun Air of Scandinavia,EGCC,EKBI,BA8246,E190,90
Sun Air of Scandinavia,LQMO,EKBI,BA9012,CL35 (Generic livery),145
Sun Air of Scandinavia,EDDM,EKBI,BA8216,E190,90
Sun Air of Scandinavia,ENGM,EKBI,BA8266,E190,55
Sun Air of Scandinavia,BIRK,EKBI,BA9111,E190,155
Sun Air of Scandinavia,EKRK,EKBI,BA9174,CL35 (Generic livery),25
Sun Air of Scandinavia,LSGS,EKBI,BA9051,CL35 (Generic livery),120
Sun Air of Scandinavia,LSZS,EKBI,BA9175,CL35 (Generic livery),115
Sun Air of Scandinavia,LTAR,EKBI,BA9614,CL35 (Generic livery),205
Sun Air of Scandinavia,LWSK,EKBI,BA9125,E190,140
Sun Air of Scandinavia,ENZV,EKBI,BA9127,CL35 (Generic livery),60
Sun Air of Scandinavia,EKVG,ENZV,BA9127,CL35 (Generic livery),90
Sun Air of Scandinavia,ESSB,EKBI,BA9112,E190,80
Sun Air of Scandinavia,ENSB,EKBI,BA9075,CL35 (Generic livery),215
Sun Air of Scandinavia,EKTS,EKBI,BA9099,CL35 (Generic livery),25
Sun Air of Scandinavia,ESNU,EKBI,BA9114,CL35 (Generic livery),100
Sun Air of Scandinavia,LFMD,LEPA,BA9488,CL35 (Generic livery),60
Sun Air of Scandinavia,LFKF,LEPA,BA9064,CL35 (Generic livery),60
Sun Air of Scandinavia,EBKT,LEPA,BA9163,CL35 (Generic livery),115
Sun Air of Scandinavia,LFRM,LEPA,BA9435,CL35 (Generic livery),85
Sun Air of Scandinavia,BIAR,EHAM,BA9011,CL35 (Generic livery),220
Sun Air of Scandinavia,EPLL,EHAM,BA9536,E190,105
Sun Air of Scandinavia,LFJL,EBAW,BA9438,E190,35
Sun Air of Scandinavia,EHAM,ESNX,BA9078,CL35 (Generic livery),150
Sun Air of Scandinavia,EHEH,ESNX,BA780,CL35 (Generic livery),165
Sun Air of Scandinavia,EGGW,EDMA,BA9037,CL35 (Generic livery),95
Sun Air of Scandinavia,LFML,EDMA,BA1332,CL35 (Generic livery),85
Sun Air of Scandinavia,LFBO,EDDW,BA8218,E190,85
Sun Air of Scandinavia,EETN,EBBR,BA899H,E190,190
Sun Air of Scandinavia,EGWU,EKCH,BA9051,CL35 (Generic livery),105
Sun Air of Scandinavia,LTAI,EDLV,BA9101,E190,190
Sun Air of Scandinavia,EDDL,EDNY,BA8242,E190,80
Sun Air of Scandinavia,LFBO,EDNY,BA8220,E190,105
Sun Air of Scandinavia,ENCN,LSGG,BA9185,E190,155
Sun Air of Scandinavia,EKTS,LSGG,BA9005,CL35 (Generic livery),145
Sun Air of Scandinavia,EKAH,ESGG,BA8283,E190,25
Sun Air of Scandinavia,LIRZ,EGKB,BA9039,E190,125
Sun Air of Scandinavia,LIPR,LIRZ,BA9039,E190,20
Sun Air of Scandinavia,DNAA,LEMG,BA911A,CL35 (Generic livery),290
Sun Air of Scandinavia,EGSC,EGCC,BA8236,E190,115
Sun Air of Scandinavia,ESGG,EGSC,BA8236,E190,45
Sun Air of Scandinavia,ENVA,EGCC,BA9135,E190,110
Sun Air of Scandinavia,ENKR,ENVA,BA9135,E190,130
Sun Air of Scandinavia,LIRF,LFTW,BA9683,CL35 (Generic livery),45
Sun Air of Scandinavia,EKYT,ENGM,BA8273,E190,50
Sun Air of Scandinavia,EKAH,ENGM,BA8271,E190,45
Sun Air of Scandinavia,LKMT,EKRK,BA9172,CL35 (Generic livery),90
Sun Air of Scandinavia,EKAH,ESSB,BA8291,E190,60
BA CityFlyer,EGFF,LFBD,BA7031,E190,85
BA CityFlyer,EGFF,LFRH,BA7031,E190,55
BA CityFlyer,EGFF,LFPB,BA7031,E190,65
BA CityFlyer,EGFF,LIMP,BA7031,E190,125
BA CityFlyer,EGFF,LIRF,BA7031,E190,150
BA CityFlyer,EGFF,EKVG,BA7037,E190,120
BA CityFlyer,EIDW,LEBL,BA7037,E190,140
BA CityFlyer,EIDW,LFLB,BA4501,E190,120
BA CityFlyer,EIDW,LFLS,BA4501,E190,120
BA CityFlyer,EIDW,LEIB,BA2349,E190,120
BA CityFlyer,EIDW,LFBT,BA9788,E190,120
BA CityFlyer,EIDW,LEMH,BA9786,E190,155
BA CityFlyer,EIDW,EFRO,BA9254,E190,195
BA CityFlyer,EIDW,LFBO,BA4477,E190,120
BA CityFlyer,EGPH,LEAL,BA4513,E190,180
BA CityFlyer,EGPH,LEBL,BA4477,E190,155
BA CityFlyer,EGPH,LFLB,BA2341,E190,125
BA CityFlyer,EGPH,LIRQ,BA2345,E190,145
BA CityFlyer,EGPH,LSGG,BA7031,E190,120
BA CityFlyer,EGPH,EGJB,BA2343,E190,80
BA CityFlyer,EGPH,LEIB,BA4511,E190,170
BA CityFlyer,EGPH,LOWI,BA9789,E190,115
BA CityFlyer,EGPH,EGJJ,BA2349,E190,90
BA CityFlyer,EGPH,LEMG,BA4517,E190,190
BA CityFlyer,EGPH,LEMH,BA4511,E190,155
BA CityFlyer,EGPH,LIMC,BA4529,E190,135
BA CityFlyer,EGPH,LIEO,BA2331,E190,155
BA CityFlyer,EGPH,LEPA,BA2347,E190,160
BA CityFlyer,EGPH,LOWS,BA4503,E190,135
BA CityFlyer,EGPH,LESO,BA2919,E190,115
BA CityFlyer,EGPH,LFBO,BA4475,E190,135
BA CityFlyer,EGPH,LIPX,BA4501,E190,145
BA CityFlyer,EGPF,LEAL,BA4527,E190,175
BA CityFlyer,EGPF,LEBL,BA4533,E190,155
BA CityFlyer,EGPF,LIPE,BA4543,E190,135
BA CityFlyer,EGPF,LIMJ,BA4507,E190,145
BA CityFlyer,EGPF,LOWL,BA4541,E190,145
BA CityFlyer,EGPF,LEMG,BA4541,E190,190
BA CityFlyer,EGPF,LEMH,BA4539,E190,170
BA CityFlyer,EGPF,LEPA,BA4521,E190,170
BA CityFlyer,EGPF,LERS,BA4537,E190,155
BA CityFlyer,EGPF,LOWS,BA4525,E190,140
BA CityFlyer,EGNJ,LEAL,BA4515,E190,160
BA CityFlyer,EGNJ,LEBL,BA4545,E190,130
BA CityFlyer,EGNJ,LEPA,BA4523,E190,145
BA CityFlyer,EGNJ,LIPZ,BA4523,E190,120
BA CityFlyer,EGJJ,LEIB,BA4529,E190,95
BA CityFlyer,EGJJ,EGNS,BA4501,E190,70
BA CityFlyer,EGJJ,LEMG,BA4515,E190,135
BA CityFlyer,EGJJ,LEPA,BA4501,E190,130
BA CityFlyer,EGJJ,LERS,BA7033,E190,140
BA CityFlyer,EGJJ,LDSP,BA9793,E190,125
BA CityFlyer,EGSS,EHAM,BA7319,E190,55
BA CityFlyer,EGSS,LFBE,BA8743,E190,85
BA CityFlyer,EGSS,LFKC,BA9787,E190,120
BA CityFlyer,EGSS,LIRQ,BA7017,E190,120
BA CityFlyer,EGSS,LSGG,BA2285,E190,100
BA CityFlyer,EGSS,LEIB,BA7309,E190,135
BA CityFlyer,EGSS,LFMN,BA2333,E190,115
BA CityFlyer,EGSS,LDSP,BA7342,E190,130
BA CityFlyer,EGPD,LEMG,BA4503,E190,200
BA CityFlyer,EGPD,LEPA,BA4507,E190,180
BA CityFlyer,EGPD,LERS,BA4503,E190,165
BA CityFlyer,EGAC,LEBL,BA4545,E190,145
BA CityFlyer,EGAC,LIPE,BA4545,E190,140
BA CityFlyer,EGAC,LEPA,BA4533,E190,155
BA CityFlyer,EGAA,LJMB,BA7033,E190,160
BA CityFlyer,EGHH,LEPA,BA7035,E190,125
BA CityFlyer,EGHH,LIPZ,BA7033,E190,120
BA CityFlyer,EICK,LFBT,BA9790,E190,115
BA CityFlyer,EGAE,LPFR,BA9797,E190,175
BA CityFlyer,EGJB,LPFR,BA4517,E190,120
BA CityFlyer,EGJB,LEPA,BA4505,E190,125
BA CityFlyer,EGNS,LPFR,BA4547,E190,155
BA CityFlyer,EGNS,LEPA,BA4503,E190,165
BA CityFlyer,EGGP,LECH,BA7032,E190,120
BA CityFlyer,EGKB,EBAW,BA7033,E190,50
BA CityFlyer,EGKB,EGAA,BA7035,E190,65
Ba CityFlyer,EGKB,EGGP,BA7033,E190,60
BA CityFlyer,EGNT,LOWS,BA4523,E190,125
BA CityFlyer,LFBD,EGFF,BA7032,E190,85
BA CityFlyer,LFRH,EGFF,BA7032,E190,55
BA CityFlyer,LFPB,EGFF,BA7032,E190,65
BA CityFlyer,LIMP,EGFF,BA7032,E190,125
BA CityFlyer,LIRF,EGFF,BA7032,E190,150
BA CityFlyer,EKVG,EGFF,BA7038,E190,120
BA CityFlyer,LEBL,EIDW,BA7038,E190,140
BA CityFlyer,LFLB,EIDW,BA4502,E190,120
BA CityFlyer,LFLS,EIDW,BA4502,E190,120
BA CityFlyer,LEIB,EIDW,BA2348,E190,120
BA CityFlyer,LFBT,EIDW,BA9789,E190,120
BA CityFlyer,LEMH,EIDW,BA9787,E190,155
BA CityFlyer,EFRO,EIDW,BA9255,E190,195
BA CityFlyer,LFBO,EIDW,BA4478,E190,120
BA CityFlyer,LEAL,EGPH,BA4514,E190,180
BA CityFlyer,LEBL,EGPH,BA4478,E190,155
BA CityFlyer,LFLB,EGPH,BA2340,E190,125
BA CityFlyer,LIRQ,EGPH,BA2344,E190,145
BA CityFlyer,LSGG,EGPH,BA7032,E190,120
BA CityFlyer,EGJB,EGPH,BA2342,E190,80
BA CityFlyer,LEIB,EGPH,BA4512,E190,170
BA CityFlyer,LOWI,EGPH,BA9790,E190,115
BA CityFlyer,EGJJ,EGPH,BA2348,E190,90
BA CityFlyer,LEMG,EGPH,BA4518,E190,190
BA CityFlyer,LEMH,EGPH,BA4512,E190,155
BA CityFlyer,LIMC,EGPH,BA4530,E190,135
BA CityFlyer,LIEO,EGPH,BA2330,E190,155
BA CityFlyer,LEPA,EGPH,BA2346,E190,160
BA CityFlyer,LOWS,EGPH,BA4504,E190,135
BA CityFlyer,LESO,EGPH,BA2920,E190,115
BA CityFlyer,LFBO,EGPH,BA4476,E190,135
BA CityFlyer,LIPX,EGPH,BA4502,E190,145
BA CityFlyer,LEAL,EGPF,BA4528,E190,175
BA CityFlyer,LEBL,EGPF,BA4544,E190,155
BA CityFlyer,LIPE,EGPF,BA4544,E190,135
BA CityFlyer,LIMJ,EGPF,BA4508,E190,145
BA CityFlyer,LOWL,EGPF,BA4542,E190,145
BA CityFlyer,LEMG,EGPF,BA4542,E190,190
BA CityFlyer,LEMH,EGPF,BA4540,E190,170
BA CityFlyer,LEPA,EGPF,BA4522,E190,170
BA CityFlyer,LERS,EGPF,BA4538,E190,155
BA CityFlyer,LOWS,EGPF,BA4526,E190,140
BA CityFlyer,LEAL,EGNJ,BA4516,E190,160
BA CityFlyer,LEBL,EGNJ,BA4546,E190,130
BA CityFlyer,LEPA,EGNJ,BA4524,E190,145
BA CityFlyer,LIPZ,EGNJ,BA4524,E190,120
BA CityFlyer,LEIB,EGJJ,BA4530,E190,95
BA CityFlyer,EGNS,EGJJ,BA4502,E190,70
BA CityFlyer,LEMG,EGJJ,BA4516,E190,135
BA CityFlyer,LEPA,EGJJ,BA4502,E190,130
BA CityFlyer,LERS,EGJJ,BA7034,E190,140
BA CityFlyer,LDSP,EGJJ,BA9794,E190,125
BA CityFlyer,LFBE,EGSS,BA8744,E190,85
BA CityFlyer,LFKC,EGSS,BA9788,E190,120
BA CityFlyer,LIRQ,EGSS,BA7016,E190,120
BA CityFlyer,LSGG,EGSS,BA2282,E190,100
BA CityFlyer,LEIB,EGSS,BA7308,E190,135
BA CityFlyer,LFMN,EGSS,BA2332,E190,115
BA CityFlyer,LDSP,EGSS,BA7343,E190,140
BA CityFlyer,LEMG,EGPD,BA4504,E190,200
BA CityFlyer,LEPA,EGPD,BA4508,E190,180
BA CityFlyer,LERS,EGPD,BA4504,E190,165
BA CityFlyer,LEBL,EGAC,BA4546,E190,145
BA CityFlyer,LIPE,EGAC,BA4546,E190,140
BA CityFlyer,LEPA,EGAC,BA4534,E190,155
BA CityFlyer,LJMB,EGAA,BA7034,E190,160
BA CityFlyer,LEPA,EGHH,BA7036,E190,125
BA CityFlyer,LIPZ,EGHH,BA7034,E190,120
BA CityFlyer,LFBT,EICK,BA9791,E190,115
BA CityFlyer,LPFR,EGAE,BA9798,E190,175
BA CityFlyer,LPFR,EGJB,BA4518,E190,120
BA CityFlyer,LEPA,EGJB,BA4506,E190,125
BA CityFlyer,LPFR,EGNS,BA4548,E190,155
BA CityFlyer,LEPA,EGNS,BA4504,E190,165
BA CityFlyer,LECH,EGGP,BA7033,E190,140
BA CityFlyer,EBAW,EGKB,BA7034,E190,50
BA CityFlyer,EGAA,EGKB,BA7036,E190,65
Ba CityFlyer,EGGP,EGKB,BA7032,E190,60
BA CityFlyer,LOWS,EGNT,BA4524,E190,125
BA CityFlyer,EGLC,LEAL,BA2225,E190,150
BA CityFlyer,EGLC,EDDT,BA8495,E190,100
Sun Air of Scandinavia,EGLC,EKBI,BA8212,E190,85
Sun Air of Scandinavia,EGLC,EDDW,BA8226,E190,75
BA CityFlyer,EGLC,LFRD,BA7033,E190,55
BA CityFlyer,EGLC,LXGB,BA3289,E190,160
BA CityFlyer,EGLC,LEGR,BA3289,E190,150
BA CityFlyer,EGLC,EGJB,BA3281,E190,55
BA CityFlyer,EGLC,EDDH,BA3291,E190,95
BA CityFlyer,EGLC,EGNS,BA3286,E190,70
BA CityFlyer,EGLC,EGJJ,BA3283,E190,65
BA CityFlyer,EGLC,EGGP,BA7031,E190,40
BA CityFlyer,EGLC,ELLX,BA3297,E190,70
BA CityFlyer,EGLC,LEMD,BA8753,E190,125
BA CityFlyer,EGLC,LEMH,BA8749,E190,135
BA CityFlyer,EGLC,LIMC,BA3289,E190,120
BA CityFlyer,EGLC,LFPO,BA8751,E190,55
BA CityFlyer,EGLC,LFRQ,BA8747,E190,75
BA CityFlyer,EGLC,BIKF,BA2229,E190,175
BA CityFlyer,EGLC,LIRF,BA7349,E190,150
BA CityFlyer,EGLC,LGSR,BA2223,E190,210
British Airways,EGLC,EINN,BA1,A318,75
British Airways,EINN,KJFK,BA1,A318,400
BA CityFlyer,EGLC,ESSA,BA8491,E190,145
BA CityFlyer,EGLC,LIPZ,BA8479,E190,125
BA CityFlyer,LEAL,EGLC,BA2224,E190,150
BA CityFlyer,EDDT,EGLC,BA8494,E190,100
Sun Air of Scandinavia,EKBI,EGLC,BA8211,E190,85
Sun Air of Scandinavia,EDDW,EGLC,BA8225,E190,75
BA CityFlyer,LFRD,EGLC,BA7034,E190,55
BA CityFlyer,LXGB,EGLC,BA3290,E190,160
BA CityFlyer,LEGR,EGLC,BA3290,E190,150
BA CityFlyer,EGJB,EGLC,BA3282,E190,50
BA CityFlyer,EDDH,EGLC,BA3292,E190,95
BA CityFlyer,EGNS,EGLC,BA3285,E190,70
BA CityFlyer,EGJJ,EGLC,BA3284,E190,65
BA CityFlyer,EGGP,EGLC,BA7034,E190,40
BA CityFlyer,ELLX,EGLC,BA3298,E190,70
BA CityFlyer,LEMD,EGLC,BA8752,E190,125
BA CityFlyer,LEMH,EGLC,BA8750,E190,135
BA CityFlyer,LIMC,EGLC,BA3290,E190,120
British Airways,KJFK,EGLC,BA2,A318,490
BA CityFlyer,LFPO,EGLC,BA8750,E190,55
BA CityFlyer,LFRQ,EGLC,BA8746,E190,75
BA CityFlyer,BIKF,EGLC,BA2228,E190,175
BA CityFlyer,LIRF,EGLC,BA7348,E190,150
BA CityFlyer,LGSR,EGLC,BA2222,E190,210
BA CityFlyer,ESSA,EGLC,BA8490,E190,145
BA CityFlyer,LIPZ,EGLC,BA8478,E190,125
British Airways,EGKK,DNAA,BA2083,B772,385
British Airways,DNAA,DNPO,BA2083,B772,65
British Airways,EGKK,DGAA,BA2081,"B772, DC10",415
British Airways,DGAA,DIAP,BA2081,B772,60
GB Airways ,EGKK,LFKJ,BA6818,A320,115
British Airways,EGKK,UAAA,BA2119,B772,355
British Airways,EGKK,LEAM,BA2790,A320,165
British Airways,EGKK,TAPA,BA2157,"B772, B744",520
British Airways,TAPA,TGPY,BA2157,B744,70
British Airways,TAPA,TJSJ,BA2157,B772,65
British Airways,EGKK,EBAW,BA2420,B738,45
GB Airways ,EGKK,OJAQ,BA6806,A320,295
GB Airways ,EGKK,HESN,BA6802,A320,335
British Airways,EGKK,LGAV,BA2830,"A320, B738, B752",220
British Airways,EGKK,KATL,BA2227,"B772, DC10,  B744",540
British Airways,EGKK,OBBI,BA9130,A321,410
British Airways,EGKK,UBBB,BA2029,"B763, DC10",330
British Airways,EGKK,KBWI,BA2143,"B763, B772",480
British Airways,EGKK,GBYD,BA81,DC10,360
British Airways,GBYD,GFLL,BA81,DC10,80
British Airways,GFLL,GLRB,BA81,DC10,60
British Airways,EGKK,TBPB,BA2155,"B772, B744",575
British Airways,EGKK,ZBAA,BA3583,B772,580
British Airways,EGKK,LYBE,BA2888,B738,160
British Airways,EGKK,TXKF,BA2233,"B772, DC10, B744",415
British Airways,EGKK,LEBB,BA2684,A320,120
British Airways,EGKK,TBPB,BA2253,B744,535
British Airways,TBPB,TLPL,BA2253,B744,45
Brymon Airways,EGKK,EGGD,BA4011,C208 (Generic),45
British Airways,EGKK,EBBR,BA2416,B738,50
British Airways,EGKK,LROP,BA2894,B738,140
British Airways,LROP,UBBB,BA2894,B738,220
British Airways,EGKK,SAEZ,BA2267,B744,805
JMC ,EGKK,MMUN,BA4503,DC10,625
JMC ,MMUN,MROC,BA4503,DC10,125
British Airways,EGKK,SVMI,BA2049,"B772, B744",590
British Airways,SVMI,SKBO,BA2049,"B772, B744",105
GB Airways ,EGKK,GMMN,BA6920,A321,185
British Airways,EGKK,KCLT,BA2007,"B763, B772",510
British Airways,EGKK,LFLX,BA9252,B738,65
British Airways,EGKK,EDDK,BA2564,A319,85
British Airways,EGKK,EKCH,BA2766,B738,105
British Airways,EGKK,KDFW,BA2193,"B772, DC10",585
British Airways,EGKK,KDEN,BA2019,B772,590
British Airways,EGKK,OEDR,BA2149,"B763, B772",370
British Airways,EGKK,OTHH,BA2033,B772,400
British Airways,EGKK,EDDC,BA2780 ,B738,110
British Airways,EGKK,FKKD,BA49,DC10,425
British Airways,FKKD,FZAA,BA49,DC10,115
British Airways,EGKK,OMDB,BA2137,DC10,440
British Airways,OMDB,VCBI,BA2137,DC10,275
British Airways,EGKK,EIDW,BA8086,"A319, B738",75
British Airways,EGKK,EGPH,BA2500,"A319, A320",75
British Airways,EGKK,HUEN,BA2067,DC10,510
British Airways,HUEN,HTDA,BA2067,DC10,110
British Airways,EGKK,LPFR,BA2520,DC10,145
GB Airways ,EGKK,GMFF,BA6926,A320,170
British Airways,EGKK,KFLL,BA2169,B772,560
British Airways,EGKK,EDDF,BA2714,B738,60
British Airways,EGKK,EDNY,BA2756,B738,95
British Airways,EGKK,EPGD,BA2864,B738,125
British Airways,EGKK,LIMJ,BA2688,A319,120
British Airways,EGKK,LXGB,BA2494,"A319, A320, B738",145
GB Airways ,EGKK,LEGE,BA6962,A321,90
British Airways,EGKK,EDDV,BA2782,B738,85
British Airways,EGKK,FVRG,BA2053,"B772, B744",645
British Airways,FVRG,FWKI,BA2053,B744,70
British Airways,FVRG,FLKK,BA2053,B744,60
British Airways,EGKK,DAUH,BA2876,B738,180
JMC ,EGKK,MUHA,BA4505,B772,605
British Airways,EGKK,KIAH,BA2025,"B772, DC10, B744",610
GB Airways ,EGKK,HEGN,BA6860,A320,295
British Airways,EGKK,LTBJ,BA2670,B738,225
GB Airways ,EGKK,LEJR,BA6956,A320,150
British Airways,EGKK,DNKN,BA2085,DC10,360
British Airways,DNKN,DGAA,BA2085,DC10,120
British Airways,EGKK,UKKK,BA2884,B738,195
British Airways,EGKK,MKJP,BA2265,B744,590
British Airways,MKJP,MKJS,BA2265,B744,40
British Airways,EGKK,EFKT,BA8610,A320,205
GB Airways ,EGKK,EFKS,BA6804,A320,200
British Airways,EGKK,DNMM,BA2027,B744,405
BA CitiExpress,EGKK,EGNM,BA8123,C208 (Generic),70
British Airways,EGKK,SPJC,BA2239,B772,755
British Airways,EGKK,LFBL,BA2792,A319,85
British Airways,EGKK,LJLJ,BA2686,"B738, B752",110
British Airways,EGKK,KLAX,BA283,DC10,635
British Airways,EGKK,LFBT,BA2360,B738,100
British Airways,EGKK,FLKK,BA2045,"DC10, B744",620
British Airways,FLKK,FBSK,BA2045,DC10,110
British Airways,FLKK,FWKI,BA2045,B744,75
GB Airways ,EGKK,HELX,BA6804,A321,325
British Airways,EGKK,LEMD,BA2464,"A320, B738, DC10",120
British Airways,EGKK,VRMM,BA2043,B772,665
British Airways,VRMM,VCBI,BA2043,B772,90
British Airways,EGKK,ESMS,BA9172,B763,115
British Airways,EGKK,EGCC,BA2508,"A319, A320, B738, B752, DC10, B744",70
GB Airways ,EGKK,GMMX,BA6928,"A321, B763",200
GB Airways ,GMMX,GMAD,BA6928,"A321, B763",45
British Airways,EGKK,MMMX,BA2243,B744,570
British Airways,EGKK,LIME,BA2700,A319,130
British Airways,EGKK,MKJS,BA2265,B772,585
JMC ,EGKK,MKJS,BA4521,DC10,595
JMC ,MKJS,MKJP,BA4521,DC10,40
British Airways,EGKK,UUEE,BA2880,B752,215
British Airways,EGKK,EDDM,BA2726,B738,85
GB Airways ,EGKK,LELC,BA6954,A321,135
British Airways,EGKK,HKJK,BA2067,"B772, B744",535
British Airways,HKJK,HTDA,BA2067,"B772, B744",80
British Airways,HKJK,HUEN,BA2067,B744,70
GB Airways ,EGKK,LFRS,BA6846,A320,60
British Airways,EGKK,MYNN,BA2253,DC10,500
British Airways,MYNN,MWCR,BA2253,DC10,85
British Airways,EGKK,KJFK,BA2273,"B763, B744",490
British Airways,EGKK,EDDN,BA2660,A319,100
British Airways,EGKK,KOAK,BA2279,B772,655
British Airways,EGKK,KMCO,BA2037,B744,525
British Airways,EGKK,LFPG,BA2824,B738,60
British Airways,EGKK,LFMP,BA2786,B738,105
British Airways,EGKK,KPHX,BA2289,"B772, DC10",665
British Airways,KPHX,KSAN,BA2289,DC10,65
British Airways,EGKK,KPIT,BA2199,B763,480
Brymon Airways,EGKK,EGHD,BA4003,C208 (Generic),55
GB Airways ,EGKK,LPPS,BA6872,B738,210
GB Airways ,LPPS,LPMA,BA6872,B738,35
British Airways,EGKK,EPPO,BA2690,B738,115
British Airways,EGKK,LKPR,BA2680,B738,110
British Airways,EGKK,BKPR,BA2682,B738,180
British Airways,EGKK,MDPC,BBCS35,B772,555
British Airways,EGKK,BIKF,BA2650,B738,175
British Airways,EGKK,EVRA,BA2874,B738,150
British Airways,EGKK,LIPR,BA2402,B738,115
British Airways,EGKK,SBGL,BA2267,B744,720
British Airways,SBGL,SBGR,BA2267,B744,55
British Airways,SBGL,SCEL,BA2267,B744,250
British Airways,EGKK,EHRD,BA2229,"B738, B763",50
British Airways,EGKK,EFRO,BA8602,A320,200
British Airways,EGKK,KSAN,BA2275,B772,645
British Airways,EGKK,TJSJ,BA169,DC10,540
British Airways,EGKK,OYSN,BA139,DC10,445
British Airways,OYSN,OYAA,BA139,DC10,55
British Airways,EGKK,SBGR,BA2247,B744,735
British Airways,SBGR,SBGL,BA2247,B744,55
British Airways,SBGR,SCEL,BA2247,B744,225
British Airways,EGKK,LQSA,BA2890,B738,140
British Airways,EGKK,FSIA,BA2063,B744,635
British Airways,FSIA,FIMP,BA2063,B744,160
British Airways,EGKK,HESH,BA2055,"A321, B772",280
British Airways,EGKK,LWSK,BA2882,B738,160
British Airways,EGKK,ULLI,BA2876,B752,200
British Airways,EGKK,ENZV,BA2474,B738,95
British Airways,EGKK,ESSA,BA2772,B738,145
JMC ,EGKK,KTPA,BA4517,"DC10, B744",570
GB Airways ,EGKK,GMTT,BA6924,A320,160
British Airways,EGKK,UTTT,BA2029,B772,425
British Airways,EGKK,EGNV,BA9278,B738,55
British Airways,EGKK,LLBG,BA2167,"B752, B772, DC10",265
GB Airways ,EGKK,GCXO,BA6988,A320,225
JMC ,EGKK,TTCP,BA4507,DC10,555
British Airways,EGKK,CYYZ,BA2171,B772,460
GB Airways ,EGKK,LFTH,BA6814,A320,95
British Airways,EGKK,LIPQ,BA2578,B738,125
British Airways,EGKK,HLLT,BA2898,B738,195
British Airways,EGKK,DTTA,BA2886,"B738, A321",160
British Airways,EGKK,LBWN,BA2860,B738,195
British Airways,EGKK,LOWW,BA2658,"A319, A320",120
British Airways,EGKK,EYVI,BA2852,B738,160
British Airways,EGKK,EPWA,BA2850,B738,130
British Airways,EGKK,KIAD,BA3588,B789,430
British Airways,EGKK,LSZH,BA2752,B738,75
British Airways,DNAA,EGKK,BA2082,B772,385
British Airways,DNPO,DNAA,BA2082,B772,65
British Airways,DGAA,EGKK,BA2080,"B772, DC10",415
British Airways,DIAP,DGAA,BA2080,B772,60
GB Airways ,GMAD,EGKK,BA6929,"A321, B763",205
GB Airways ,LFKJ,EGKK,BA6819,A320,125
British Airways,UAAA,EGKK,BA2118,B772,375
British Airways,LEAM,EGKK,BA2791,A320,165
British Airways,TAPA,EGKK,BA2156,"B772, B744",520
British Airways,TGPY,TAPA,BA2156,B744,70
British Airways,TJSJ,TAPA,BA2156,B772,65
British Airways,EBAW,EGKK,BA2421,B738,50
GB Airways ,OJAQ,EGKK,BA6807,A320,295
GB Airways ,HESN,EGKK,BA6803,A320,335
British Airways,LGAV,EGKK,BA2831,"A320, B738, B752",220
British Airways,KATL,EGKK,BA2226,"B772, DC10, B744",450
British Airways,OBBI,EGKK,BA9131,A321,410
British Airways,UBBB,EGKK,BA2028,"B763, DC10",330
British Airways,KBWI,EGKK,BA2142,"B763, B772",480
British Airways,GBYD,EGKK,BA80,DC10,360
British Airways,GFLL,GBYD,BA80,DC10,80
British Airways,GLRB,GFLL,BA80,DC10,60
British Airways,TBPB,EGKK,BA2154,"B772, B744",575
British Airways,ZBAA,EGKK,BA3584,B772,580
British Airways,LYBE,EGKK,BA2889,B738,165
British Airways,TXKF,EGKK,BA2234,"B772, DC10, B744",400
British Airways,LEBB,EGKK,BA2685,A320,120
British Airways,TBPB,EGKK,BA2252,B744,535
British Airways,TLPL,TBPB,BA2252,B744,45
Brymon Airways,EGGD,EGKK,BA4010,C208 (Generic),45
British Airways,EBBR,EGKK,BA2417,B738,50
British Airways,LROP,EGKK,BA2895,B738,140
British Airways,UBBB,LROP,BA2895,B738,220
British Airways,SAEZ,EGKK,BA2266,B744,805
JMC ,MMUN,EGKK,BA4502,DC10,625
JMC ,MROC,MMUN,BA4502,DC10,125
British Airways,SVMI,EGKK,BA2048,"B772, B744",590
British Airways,SKBO,SVMI,BA2048,"B772, B744",105
GB Airways ,GMMN,EGKK,BA6921,A321,175
British Airways,KCLT,EGKK,BA2006,"B763, B772",510
British Airways,LFLX,EGKK,BA9253,B738,65
British Airways,EDDK,EGKK,BA2565,A319,85
British Airways,EKCH,EGKK,BA2767,B738,105
British Airways,KDFW,EGKK,BA2192,"B772, DC10",505
British Airways,KDEN,EGKK,BA2018,B772,545
British Airways,OEDR,EGKK,BA2148,"B763, B772",410
British Airways,FKKD,EGKK,BA48,DC10,425
British Airways,FZAA,EGKK,BA48,DC10,115
British Airways,OTHH,EGKK,BA2032,B772,450
British Airways,EDDC,EGKK,BA2781,B738,100
British Airways,OMDB,EGKK,BA2136,DC10,440
British Airways,VCBI,OMDB,BA2136,DC10,275
British Airways,EIDW,EGKK,BA8087,"A319, B738",75
British Airways,EGPH,EGKK,BA2501,"A319, A320",75
British Airways,HUEN,EGKK,BA2066,DC10,510
British Airways,HTDA,HUEN,BA2066,DC10,110
British Airways,LPFR,EGKK,BA2521,DC10,145
GB Airways ,GMFF,EGKK,BA6927,A320,170
British Airways,KFLL,EGKK,BA2168,B772,500
British Airways,EDDF,EGKK,BA2715,B738,60
British Airways,EDNY,EGKK,BA2757,B738,95
GB Airways ,LPMA,EGKK,BA6873,B738,220
British Airways,EPGD,EGKK,BA2865,B738,125
British Airways,LIMJ,EGKK,BA2689,A319,120
British Airways,LXGB,EGKK,BA2495,"A319, A320, B738",145
GB Airways ,LEGE,EGKK,BA6963,A321,115
British Airways,EDDV,EGKK,BA2783,B738,85
British Airways,FVRG,EGKK,BA2052,"B772, B744",585
British Airways,FWKI,FVRG,BA2052,B744,70
British Airways,FLKK,FVRG,BA2052,B744,60
British Airways,DAUH ,EGKK,BA2877,B738,180
JMC ,MUHA,EGKK,BA4504,B772,505
British Airways,KIAH,EGKK,BA2024,"B772, DC10, B744",515
GB Airways ,HEGN,EGKK,BA6861,A320,340
British Airways,LTBJ,EGKK,BA2671,B738,225
GB Airways ,LEJR,EGKK,BA6957,A320,150
British Airways,DNKN,EGKK,BA2084,DC10,360
British Airways,DGAA,DNKN,BA2084,DC10,120
British Airways,UKKK,EGKK,BA2885,B738,195
British Airways,EFKT,EGKK,BA8611,A320,205
GB Airways ,EFKS,EGKK,BA6805,A320,200
British Airways,MKJP,EGKK,BA2264,B744,590
British Airways,MKJS,MKJP,BA2264,B744,40
British Airways,DNMM,EGKK,BA2026,B744,405
BA CitiExpress,EGNM,EGKK,BA8124,C208 (Generic),70
British Airways,SPJC,EGKK,BA2238,B772,755
British Airways,LFBL,EGKK,BA2793,A319,85
British Airways,LJLJ,EGKK,BA2687,"B738, B752",110
British Airways,KLAX,EGKK,BA282,DC10,635
British Airways,LFBT,EGKK,BA2361,B738,100
British Airways,FLKK,EGKK,BA2044,"DC10, B744",620
British Airways,FBSK,FLKK,BA2044,DC10,110
British Airways,FWKI,FLKK,BA2044,B744,75
GB Airways ,HELX,EGKK,BA6805,A321,325
British Airways,LEMD,EGKK,BA2465,"A320, B738, DC10",120
British Airways,VRMM,EGKK,BA2042,B772,665
British Airways,VCBI,VRMM,BA2042,B772,90
British Airways,ESMS,EGKK,BA9173,B763,115
British Airways,EGCC,EGKK,BA2509,"A319, A320, B738, B752, DC10, B744",70
British Airways,MMMX,EGKK,BA2242,B744,570
British Airways,LIME,EGKK,BA2701,A319,130
British Airways,MKJS,EGKK,BA2264,B772,500
JMC ,MKJS,EGKK,BA4520,DC10,595
JMC ,MKJP,MKJS,BA4520,DC10,40
British Airways,UUEE,EGKK,BA2881,B752,215
British Airways,EDDM,EGKK,BA2727,B738,85
GB Airways ,LELC,EGKK,BA6955,A321,145
British Airways,HKJK,EGKK,BA2066,"B772, B744",530
British Airways,HTDA,HKJK,BA2066,"B772, B744",80
British Airways,HUEN,HKJK,BA2066,B744,70
GB Airways ,LFRS,EGKK,BA6847,A320,60
British Airways,MYNN,EGKK,BA2252,DC10,500
British Airways,MWCR,MYNN,BA2252,DC10,85
British Airways,KJFK,EGKK,BA2272,"B763, B744",490
British Airways,EDDN,EGKK,BA2661,A319,100
British Airways,KOAK,EGKK,BA2278,B772,600
British Airways,KMCO,EGKK,BA2036,B744,525
British Airways,LFPG,EGKK,BA2825,B738,60
British Airways,LFMP,EGKK,BA2787,B738,110
British Airways,KPHX,EGKK,BA2288,DC10,665
British Airways,KSAN,KPHX,BA2288,DC10,65
British Airways,KPIT,EGKK,BA2198,B763,480
Brymon Airways,EGHD,EGKK,BA4002,C208 (Generic),55
British Airways,EPPO,EGKK,BA2691,B738,120
British Airways,LKPR,EGKK,BA2681,B738,110
British Airways,BKPR,EGKK,BA2683,B738,175
British Airways,MDPC,EGKK,BBCS34,B772,555
British Airways,BIKF,EGKK,BA2651,B738,175
British Airways,EVRA,EGKK,BA2875,B738,155
British Airways,LIPR,EGKK,BA2403,B738,115
British Airways,SBGL,EGKK,BA2266,B744,720
British Airways,SBGR,SBGL,BA2266,B744,55
British Airways,SCEL,SBGL,BA2266,B744,250
British Airways,EHRD,EGKK,BA2228,"B738, B763",50
British Airways,EFRO,EGKK,BA8603,A320,200
British Airways,KSAN,EGKK,BA2274,B772,675
British Airways,TJSJ,EGKK,BA168,DC10,540
British Airways,OYSN,EGKK,BA138,DC10,445
British Airways,OYAA,OYSN,BA138,DC10,55
British Airways,SBGR,EGKK,BA2246,B744,735
British Airways,SBGL,SBGR,BA2246,B744,55
British Airways,SCEL,SBGR,BA2246,B744,225
British Airways,LQSA,EGKK,BA2891,B738,150
British Airways,FSIA,EGKK,BA2062,B744,635
British Airways,FIMP,FSIA,BA2062,B744,160
British Airways,HESH,EGKK,BA2054,"A321, B772",330
British Airways,LWSK,EGKK,BA2883,B738,160
British Airways,ULLI,EGKK,BA2877,B752,200
British Airways,ENZV,EGKK,BA2475,B738,110
British Airways,ESSA,EGKK,BA2773,B738,145
British Airways,EDDS,EGKK,BA3595,B789,80
JMC ,KTPA,EGKK,BA4516,"DC10, B744",570
GB Airways ,GMTT,EGKK,BA6925,A320,160
British Airways,UTTT,EGKK,BA2028,B772,445
British Airways,EGNV,EGKK,BA9279,B738,55
British Airways,LLBG,EGKK,BA2166,"B752, B772, DC10",280
GB Airways ,GCXO,EGKK,BA6989,A320,225
JMC ,TTCP,EGKK,BA4506,DC10,470
British Airways,CYYZ,EGKK,BA2170,B772,430
GB Airways ,LFTH,EGKK,BA6815,A320,100
British Airways,LIPQ,EGKK,BA2579,B738,115
British Airways,HLLT,EGKK,BA2899,B738,205
British Airways,DTTA,EGKK,BA2887,"B738, A321",165
British Airways,LBWN,EGKK,BA2861,B738,200
British Airways,LOWW,EGKK,BA2659,"A319, A320",120
British Airways,EYVI,EGKK,BA2853,B738,155
British Airways,EPWA,EGKK,BA2851,B738,130
British Airways,LSZH,EGKK,BA2753,B738,75
British Airways,EGLL,OMAA,BA73,"B772, B77W",370
British Airways,EGLL,OBBI,BA73,B772,350
British Airways,OBBI,OMAA,BA73,B772,55
British Airways,EGLL,OMAA,BA11 ,B744,440
British Airways,EGLL,OBBI,BA11 ,B744,410
British Airways,EGLL,OOMS,BA11,B744,465
British Airways,EGLL,LIRF,BA11,B744,140
British Airways,EGLL,WSSS,BA11,"B77W, B744",810
British Airways,LIRF,VIDP,BA11,B744,470
British Airways,OOMS,WIHH,BA11,B744,460
British Airways,OBBI,WMSA,BA11,B744,475
British Airways,OOMS,WMSA,BA11,B744,415
British Airways,OMAA,WSSS,BA11,B744,470
British Airways,OBBI,WSSS,BA11,B744,500
British Airways,VIDP,WSSS,BA11,B744,340
British Airways,WMSA,WSSS,BA11,B744,55
British Airways,OOMS,WSSS,BA11,B744,440
British Airways,WIHH,YSSY,BA11,B744,410
British Airways,WSSS,YPPH,BA11,B744,320
British Airways,WSSS,YSSY,BA11,"B77W, B744",500
British Airways,YSSY,YPAD,BA11,B744,115
British Airways,YSSY,YBBN,BA11,B744,85
British Airways,YSSY,YMML,BA11,B744,85
British Airways,YPPH,NZCH,BA11,B744,405
British Airways,EGLL,VAAH,BA9116,"B772, B77W",540
B|MED,EGLL,OSAP,BA6575,A321,285
B|MED,OSAP,OSDI,BA6575,A321,55
B|MED,EGLL,HEAX,BA6565,A321,280
B|MED,HEAX,HAAB,BA6565,A321,225
B|MED,HEAX,HELX,BA6565,A321,80
British Airways,EGLL,DAAG,BA310,"A320, B772",135
British Airways,EGLL,LEAL,BA2630,A320,155
British Airways,EGLL,UAAA,BA159,"B763, B772",360
B|MED/British Airways,EGLL,OJAI,BA65,"A321, DC10",305
British Airways,OJAI,HTDA ,BA65,DC10,320
B|MED,OJAI,HAAB,BA65,A321,220
British Airways,EGLL,VIAR,BA9114,"B772, B77W",500
British Airways,EGLL,EHAM,BA426,"B752, B763",60
B|MED,EGLL,LTAC,BA6509,A321,245
B|MED,LTAC,OSDI,BA6509,A321,70
British Airways,EGLL,TAPA,BA151,B772,525
British Airways,EGLL,LGAV,BA634,"B752, B763",190
British Airways,EGLL,KAUS,BA191,B744,585
British Airways,EGLL,ORBI,BA223,DC10,335
British Airways,EGLL,OBBI,BA125,B772,350
British Airways,OBBI,OEDF,BA125,B772,20
B|MED,EGLL,UBBB,BA6613,"A321, B772",330
British Airways,EGLL,WADD,BA9158,"B772, B789",950
British Airways,EGLL,VTBD,BA9 ,B744,740
British Airways,EGLL,VTBS,BA9,"B772, B77W, B789, B744",640
British Airways,EGLL,VABB,BA9,B744,515
British Airways,VABB,YPPH,BA9,B744,575
British Airways,VTBS,YMML,BA9,B744,575
British Airways,VTBD,YSSY,BA9,B744,590
British Airways,YSSY,YBBN,BA9,B744,85
British Airways,YSSY,YMML,BA9,B744,85
British Airways,YPPH,YMML,BA9,B744,230
British Airways,YMML,NZAA,BA9,B744,225
British Airways,EGLL,LEBL,BA482,B752,105
British Airways,EGLL,LIBD,BA2590,A320,165
British Airways,EGLL,LFSB,BA746,B752,100
British Airways,EGLL,LFKB,BA586,A320,140
British Airways,EGLL,ZBAA,BA39,"B772, B77W, B744",585
British Airways,EGLL,ZBAD,BA89,B772,600
B|MED/British Airways,EGLL,OLBA,BA107,"A321, B763, B772",290
British Airways,OLBA,OJAI,BA107,"B763, B772",50
B|MED,OLBA,OSDI,BA107,A321,40
B|MED,OLBA,HSSS,BA107,A321,185
British Airways,EGLL,EGAA,BA4673,B752,50
British Airways,EGLL,LYBE,BA888,A320,145
British Airways,EGLL,ENBR,BA812,A319,115
British Airways,EGLL,EDDT,BA986,"A319, A320, A321, B752",100
British Airways,EGLL,TXKF,BA233,DC10,440
British Airways,TXKF,KTPA,BA233,DC10,165
British Airways,TXKF,MYNN,BA233,DC10,120
British Airways,MYNN,MKJP,BA233,DC10,70
British Airways,MKJP,MPTO,BA233,DC10,90
British Airways,EGLL,LFBZ,BA382,A320,95
British Airways,EGLL,LEBB,BA468,"A320, B752",120
British Airways,EGLL,LIPE,BA594,B752,105
British Airways,EGLL,LFBD,BA2786,A320,95
British Airways,EGLL,KBOS,BA213,B744,395
British Airways,EGLL,EDDW,BA3570,B789,80
British Airways,EGLL,EGVN,BA9184,B744,35
British Airways,EGVN,FHAW,BA9184,B744,535
British Airways,FHAW,EGYP,BA9184,B744,500
British Airways,EGLL,EBBR,BA398,B752,50
British Airways,EGLL,SAEZ,BA245,B789,795
British Airways,EGLL,LIEE,BA2616,A320,160
British Airways,EGLL,HECA,BA155,"B763, DC10, B744",270
British Airways,HECA,HELX,,DC10,70
British Airways,EGLL,CYYC,BA103,"B772, B789, B744",495
British Airways,EGLL,FACT,BA59,"B77W, B744",710
British Airways,EGLL,SVMI,BA249,B763,595
British Airways,EGLL,LICC,BA536,"A320, A321",190
British Airways,EGLL,LFOK,BA9260,A320,50
British Airways,EGLL,KCHS,BA221,B789,540
British Airways,EGLL,ZUUU,BA89,"B772, B789",615
British Airways,EGLL,VOMM,BA35,B744,570
British Airways,EGLL,KORD,BA295,A388,470
British Airways,EGLL,EDDK,BA926,B752,70
British Airways,EGLL,EICK,BA838,B752,85
B|MED,EGLL,GOOY,BA6569,A321,355
B|MED,GOOY,GFLL,BA6569,A321,90
B|MED/British Airways,EGLL,OSDI,BA235,"A321, B763, B772, DC10",295
B|MED,OSDI,OSAP,BA235,A321,55
B|MED,OSDI,OJAI,BA235,"A321, B763, B772",45
British Airways,OSDI,VCBI,BA235,DC10,395
British Airways,VCBI,WBSB,BA235,DC10,295
British Airways,EGLL,OEDF,BA105,"B763, B772",405
British Airways,EGLL,HTDA ,BA47,"B763, B772",555
British Airways,EGLL,KDTW,BA203,B772,510
British Airways,EGLL,OEDR,BA129,B772,405
British Airways,EGLL,VGHS,BA145,"B772, B744",600
British Airways,EGLL,VIDP,BA145,B744,530
British Airways,VIDP,VGHS,BA145,B744,135
British Airways,VIDP,VECC,BA145,B744,130
British Airways,EGLL,OTHH,BA123,"B789, B78X, A388",390
British Airways,EGLL,OMDB,BA107,"A388, B744",440
British Airways,EGLL,OMDB,BA33 ,B744,440
British Airways,EGLL,WMKK,BA33 ,"B772, B789, B744",705
British Airways,EGLL,WMSA,BA33 ,B744,710
British Airways,EGLL,VABB,BA33 ,B744,515
British Airways,OMDB,VABB,BA33 ,B744,175
British Airways,VABB,VCBI,BA33 ,B744,145
British Airways,VABB,WMSA,BA33 ,B744,295
British Airways,WMKK,WIII,BA33 ,B744,115
British Airways,WMSA,WBSB,BA33 ,B744,140
British Airways,WMSA,WIII,BA33 ,B744,120
British Airways,EGLL,EIDW,BA134,"B752, B772",60
British Airways,EGLL,FALE,BA41,B789,690
British Airways,EGLL,EDDL,BA936,B752,65
British Airways,EGLL,EGPH,BA1458,"B752, B763",75
British Airways,EGLL,CYEG,BA3586,B789,540
British Airways,EGLL,HUEN,BA63,B763,435
British Airways,EGLL,EDDF,BA902,"B752, B763, B772, B77W, B789, A388",100
British Airways,EGLL,GFLL,BA137,B763,395
British Airways,GFLL,GLRB,BA137,B763,60
British Airways,EGLL,EDNY,BA8596,A319,80
British Airways,EGLL,LSGG,BA724,"B752, B763",80
British Airways,EGLL,EGPF,BA1472,"B752, B763",80
British Airways,EGLL,EGPK,BA9260,A320,70
British Airways,EGLL,EGPK,BA81,B744,70
British Airways,EGPK,CYYZ,BA81,B744,425
British Airways,EGLL,VOGO,BA9112,"B772, B77W",595
British Airways,EGLL,KGSP,BA3580,"B77W, B789",500
British Airways,EGLL,LFLS,BA386,A320,110
British Airways,EGLL,CYHZ,BA3575,"B77W, B789 ",400
British Airways,EGLL,VCRI,BA9110,B789,680
British Airways,EGLL,MUHA,BA9111,B772,605
British Airways,EGLL,EFHK,BA794,"A320, B752",120
British Airways,EGLL,VHHH,BA27,"B772, B77W, A388, B744",690
British Airways,EGLL,VHHX,BA31,B744,750
British Airways,VHHX,RPLL,BA31,B744,115
British Asia Airways,VHHX,RCTP,BA31,B744,90
British Airways ,EGLL ,OPIS,BA261,"B772, B789",490
British Airways,EGLL,LTBA,BA676,B763,230
British Airways,EGLL,LTFJ,BA602,"A320, A321, B763",235
British Airways,EGLL,OEJN,BA133,"B772, B744",340
British Airways,EGLL,FAOR,BA55,B744,675
British Airways,FAOR,FALE,BA55,B744,65
British Airways,FAOR,FBSK,BA55,B744,50
British Airways,EGLL,HSSS,BA61,"DC10, B744",400
British Airways,HSSS,HAAB,BA61,"DC10, B744",105
British Airways,HAAB,HKJK,BA61,"DC10, B744",115
British Airways,EGLL,UKBB,BA882,A320,200
British Airways,EGLL,EFKT,BA8010,A320,195
British Airways,EGLL,VECC,BA147,"B772, B744",520
British Airways,EGLL,LGKO,BA788,A320,195
British Airways,EGLL,OKKK,BA111,"B763, B772, B789, DC10, B744",360
British Airways,OKKK,OPKC,,DC10,175
British Airways,EGLL,OPLA ,BA259,B789,465
British Airways,EGLL,LICA,BA8632,A321,175
British Airways,EGLL,GCRR,BA2732,A320,255
British Airways,EGLL,LCLK,BA664,"B752, B763, DC10",270
British Airways,LCLK,HTKJ,BA664,DC10,350
British Airways,LCLK,HTDA ,BA664,DC10,380
British Airways,HTDA,FWCL,BA664,DC10,80
British Airways,EGLL,LFAT,BA8590,A319,30
British Airways,EGLL,EGNM,BA1344,A319,40
British Airways,EGLL,EDDP,BA976,"A320, B752",100
British Airways,EGLL,LGLM,BA9226,"A320, A321",210
British Airways,EGLL,EBLG,BA9240,A319,55
British Airways,EGLL,KLAX,BA281,"DC10, B744",635
British Airways,EGLL,FNLU,BA77,"B772, B77W, B744",490
British Airways,EGLL,FLKK,BA255,B763,570
British Airways,EGLL,LPMA,BA520,A320,230
British Airways,EGLL,LEMD,BA464,"B752, B763, A388",100
British Airways,EGLL,LEMG,BA454,"B752, B763",150
British Airways,EGLL,EGCC,BA1408,B752,45
British Airways,EGLL,FIMP,BA231,"B789, B744",715
British Airways,EGLL,LIML,BA570,B752,95
British Airways,EGLL,LIMC,BA564,B752,95
British Airways,EGLL,LFMT,BA336,"A320, A321",115
British Airways,EGLL,CYMX,BA71,B744,420
British Airways,CYMX,KDTW,BA71,B744,95
British Airways,EGLL,CYUL,BA71,B772,480
British Airways,EGLL,UUDD,BA880,"A320, A321, B752, B772, B744",210
British Airways,EGLL,UUEE,BA235,"A321, B763",205
British Airways,EGLL,UUEE,BA17,B744,215
British Airways,UUEE,RJAA,BA17,B744,590
British Airways,EGLL,VABB,BA139,B744,515
British Airways,EGLL,EDDM,BA948,B752,95
British Airways,EGLL,OOMS,BA79,B789,400
British Airways,EGLL,RJNA,BA21,B744,675
British Airways,EGLL,HKJK,BA65,"B763, B744",540
British Airways,HKJK,FSIA,BA65,"B763, B744",185
British Airways,EGLL,MYNN,BA253,"B763, B772",525
British Airways,MYNN,MWCR,BA253,B763,95
British Airways,MYNN,MBPV,BA253,"B763, B772",80
British Airways,EGLL,KJFK,BA117,B744,470
British Airways,EGLL,KEWR,BA185,B744,475
British Airways,EGLL,EGNT ,BA1324,B752,50
British Airways,EGLL,EGHQ,BA1350,A319,45
British Airways,EGLL,LFMN,BA352,"B752, B763",95
British Airways,EGLL,KMCO,BA205,B772,580
British Airways,EGLL,RJBB,BA19,"B789, B744",690
British Airways,EGLL,LFPG,BA326,B752,50
British Airways,EGLL,LFPO,BA338,B752,50
British Airways,EGLL,KPHL,BA67,"B763, B744",440
British Airways,EGLL,MTPP,BA3589,B789,565
British Airways,EGLL,BKPR ,BA528,A320,170
British Airways,EGLL,LDPL,BA896,A320,120
British Airways,EGLL,OERK,BA127,DC10,400
British Airways,OERK,OOMS,BA127,DC10,120
British Airways,EGLL,LIRF,BA558,"B752, B763",130
British Airways,EGLL,EHRD,BA412,"A319, A320",55
British Airways,EGLL,KSLC,BA3572,"B772, B789",615
British Airways,EGLL,KSAN,BA265,"B77W, B744",650
British Airways,EGLL,KSJC,BA279,B789,615
British Airways,EGLL,LEST,BA8428,B752,115
British Airways,EGLL,RKSI,BA17,"B772, B789, B744",625
British Airways,EGLL,FSIA,BA63,B789,615
British Airways,EGLL,ZSPD,BA169,"B772, B77W",620
British Airways,EGLL,EINN,BA834,B752,70
British Airways,EGLL,WSSS,BA15,"B77W, B789, A388, B744",770
British Airways,EGLL,URSS,BA9156,B772,265
British Airways,EGLL,TLPL,BA201,B772,530
British Airways,EGLL,ULLI,BA878,A320,195
British Airways,EGLL,ENZV,BA790,B752,105
British Airways,EGLL,ESSA,BA776,"B752, B763",140
British Airways,EGLL,EDDS,BA920,"B752, B789",100
British Airways,EGLL,RCTP,BA9174,"B772, B77W",790
British Airways,EGLL,EETN,BA876,A321,180
B|MED,EGLL,UGTB,BA6553,A321,295
British Airways,EGLL,OIIE,BA153,B772,325
British Airways,EGLL,OIII,BA103,"A321, B772",315
British Airways,EGLL,LCLK,BA103,"B763, B772",275
British Airways,LCLK,OIIE,BA103,"B763, B772",150
British Airways,EGLL,LLBG,BA163,"B752, B763, B772, B77W, B789",290
British Airways,EGLL,LPLA,BA420,A320,235
British Airways,EGLL,RJTT,BA7,"B772, B77W, B789",610
British Airways,EGLL,RJAA,BA5,"B77W, B789, B744",660
British Airways,EGLL,PANC,BA5,B744,570
British Airways,PANC,RJFF,BA5,B744,495
British Airways,PANC,RJAA,BA5,B744,440
British Airways,RJAA,VHHX,BA5,B744,250
British Airways,RJAA,RJOO,BA5,B744,65
British Airways,EGLL,CYYZ,BA99,B744,430
British Airways,EGLL,LIPH,BA8584,B763,115
British Airways,EGLL,LIPX,BA798,A320,115
British Airways,EGLL,LOWW,BA696,B752,105
British Airways,EGLL,EPWA ,BA850,B752,125
British Airways,EGLL,KIAD,BA191,B744,470
British Airways,KIAD,KDTW,BA191,B744,75
British Airways,EGLL,CYWG,BA9108,B789,500
B|MED,EGLL,USSS,BA6585,A321,320
B|MED,USSS,UAAA,BA6585,A321,170
B|MED,EGLL,UDYZ,BA6713,"A320, A321",300
B|MED,UDYZ,UTAA,BA6713,A320,120
B|MED,UDYZ,UCFM,BA6713,A320,215
B|MED,UDYZ,UTTT,BA6713,A321,185
British Airways,EGLL,LDZA,BA848,"A319, A320",130
British Airways,EGLL,LSZH,BA710,"B752, B763",80
British Airways,OMAA,EGLL,BA72,"B772, B77W",370
British Airways,OBBI,EGLL,BA72,B772,350
British Airways,OMAA,OBBI,BA72,B772,55
British Airways,OMAA,EGLL,BA12,B744,440
British Airways,OBBI,EGLL,BA12,B744,410
British Airways,OOMS,EGLL,BA12,B744,465
British Airways,LIRF,EGLL,BA12,B744,140
British Airways,WSSS,EGLL,BA12,"B77W, B744",810
British Airways,VIDP,LIRF,BA12,B744,470
British Airways,WIHH,OOMS,BA12,B744,460
British Airways,WMSA,OBBI,BA12,B744,475
British Airways,WMSA,OOMS,BA12,B744,415
British Airways,WSSS,OMAA,BA12,B744,470
British Airways,WSSS,OBBI,BA12,B744,500
British Airways,WSSS,VIDP,BA12,B744,340
British Airways,WSSS,WMSA,BA12,B744,55
British Airways,WSSS,OOMS,BA12,B744,440
British Airways,YSSY,WIHH,BA12,B744,410
British Airways,YPPH,WSSS,BA12,B744,320
British Airways,YSSY,WSSS,BA12,"B77W, B744",500
British Airways,YPAD,YSSY,BA12,B744,115
British Airways,YBBN,YSSY,BA12,B744,85
British Airways,YMML,YSSY,BA12,B744,85
British Airways,NZCH,YPPH,BA12,B744,405
British Airways,VAAH,EGLL,BA9117,"B772, B77W",540
B|MED,HEAX,EGLL,BA6564,A321,280
B|MED,HAAB,HEAX,BA6564,A321,225
B|MED,HELX,HEAX,BA6564,A321,80
British Airways,DAAG,EGLL,BA311,"A320, B772",135
British Airways,LEAL,EGLL,BA2631,A320,155
British Airways,UAAA,EGLL,BA158,"B763, B772",360
B|MED/British Airways,OJAI,EGLL,BA64,"A321, DC10",305
British Airways,HTDA,OJAI,BA64,DC10,320
B|MED,HAAB,OJAI,BA64,A321,220
British Airways,VIAR,EGLL,BA9115,"B772, B77W",500
British Airways,EHAM,EGLL,BA427,"B752, B763",60
B|MED,LTAC,EGLL,BA6510,A321,245
B|MED,OSDI,LTAC,BA6510,A321,70
British Airways,TAPA,EGLL,BA150,B772,480
British Airways,LGAV,EGLL,BA635,"B752, B763",190
British Airways,KAUS,EGLL,BA190,B744,525
British Airways,ORBI,EGLL,BA222,DC10,335
British Airways,OBBI,EGLL,BA124,B772,350
British Airways,OEDF,OBBI,BA124,B772,20
B|MED,UBBB,EGLL,BA6614,"A321, B772",330
British Airways,WADD,EGLL,BA9159,"B772, B789",950
British Airways,VTBD,EGLL,BA10,B744,740
British Airways,VTBS,EGLL,BA10,"B772, B77W, B789, B744",640
British Airways,VABB,EGLL,BA10,B744,570
British Airways,YPPH,VABB,BA10,B744,575
British Airways,YMML,VTBS,BA10,B744,575
British Airways,YSSY,VTBD,BA10,B744,590
British Airways,YBBN,YSSY,BA10,B744,85
British Airways,YMML,YSSY,BA10,B744,85
British Airways,YMML,YPPH,BA10,B744,230
British Airways,NZAA,YMML,BA10,B744,225
British Airways,LEBL,EGLL,BA483,B752,115
British Airways,LIBD,EGLL,BA2591,A320,165
British Airways,LFSB,EGLL,BA747,B752,100
British Airways,LFKB,EGLL,BA587,A320,140
British Airways,ZBAA,EGLL,BA38,"B772, B77W, B744",585
British Airways,ZBAD,EGLL,BA88,B772,685
B|MED/British Airways,OLBA,EGLL,BA106,"A321, B763, B772",290
British Airways,OJAI,OLBA,BA106,"B763, B772",50
B|MED,OSDI,OLBA,BA6556,A321,40
B|MED,HSSS,OLBA,BA6596,A321,185
British Airways,EGAA,EGLL,BA4672,B752,55
British Airways,LYBE,EGLL,BA889,A320,145
British Airways,ENBR,EGLL,BA813,A319,115
British Airways,EDDT,EGLL,BA987,"A319, A320, A321, B752",100
British Airways,TXKF,EGLL,BA232,DC10,440
British Airways,KTPA,TXKF,BA232,DC10,165
British Airways,MYNN,TXKF,BA232,DC10,120
British Airways,MKJP,MYNN,BA232,DC10,70
British Airways,MPTO,MKJP,BA232,DC10,90
British Airways,LFBZ,EGLL,BA383,A320,95
British Airways,LEBB,EGLL,BA469,"A320, B752",120
British Airways,LIPE,EGLL,BA595,B752,115
British Airways,LFBD,EGLL,BA2787,A320,95
British Airways,KBOS,EGLL,BA212,B744,395
British Airways,EGVN,EGLL,BA9185,B744,35
British Airways,FHAW,EGVN,BA9185,B744,535
British Airways,EGYP,FHAW,BA9185,B744,500
British Airways,EDDW,EGLL,BA3571,B789,80
British Airways,EBBR,EGLL,BA399,B752,50
British Airways,SAEZ,EGLL,BA244,B789,770
British Airways,LIEE,EGLL,BA2617,A320,160
British Airways,HECA,EGLL,BA154,"B763, DC10, B744",330
British Airways,HELX,HECA,,DC10,70
British Airways,CYYC,EGLL,BA102,"B744, B772, B789",495
British Airways,FACT,EGLL,BA58,"B77W, B744",730
British Airways,SVMI,EGLL,BA248,B763,595
British Airways,LICC,EGLL,BA537,"A320, A321",190
British Airways,LFOK,EGLL,BA9261,A320,50
British Airways,KCHS,EGLL,BA223,B789,540
British Airways,ZUUU,EGLL,BA88,"B772, B789",655
British Airways,VOMM,EGLL,BA36,B744,570
British Airways,KORD,EGLL,BA294,A388,435
British Airways,EDDK,EGLL,BA927,B752,70
British Airways,EICK,EGLL,BA839,B752,85
B|MED,GOOY,EGLL,BA6568,A321,355
B|MED,GFLL,GOOY,BA6568,A321,90
B|MED/British Airways,OSDI,EGLL,BA234,"A321, B763, B772, DC10",295
B|MED,OSAP,OSDI,BA234,A321,55
B|MED,OJAI,OSDI,BA6504,"A321, B763, B772",45
British Airways,VCBI,OSDI,BA36A,DC10,395
British Airways,WBSB,VCBI,BA36B,DC10,295
British Airways,OEDF,EGLL,BA104,"B763, B772",405
British Airways,HTDA,EGLL,BA46,"B763, B772",555
British Airways,KDTW,EGLL,BA202,B772,510
British Airways,OEDR,EGLL,BA128,B772,405
British Airways,VGHS,EGLL,BA144,"B772, B744",600
British Airways,VIDP,EGLL,BA144,B744,530
British Airways,VGHS,VIDP,BA144,B744,135
British Airways,VECC,VIDP,BA142,B744,130
British Airways,OTHH,EGLL,BA122,"B789, B78X, A388",390
British Airways,OMDB,EGLL,BA106,"A388, B744",440
British Airways,EIDW,EGLL,BA135,"B752, B772",60
British Airways,FALE,EGLL,BA40,B789,690
British Airways,OMDB,EGLL,BA34,B744,440
British Airways,WMKK,EGLL,BA34,"B772, B789, B744",705
British Airways,WMSA,EGLL,BA34,B744,710
British Airways,VABB,EGLL,BA34,B744,570
British Airways,VABB,OMDB,BA34,B744,175
British Airways,VCBI,VABB,BA34,B744,145
British Airways,WMSA,VABB,BA34,B744,295
British Airways,WIII,WMKK,BA34,B744,115
British Airways,WBSB,WMSA,BA34,B744,140
British Airways,WIII,WMSA,BA34,B744,120
British Airways,EDDL,EGLL,BA937,B752,65
British Airways,EGPH,EGLL,BA1459,"B752, B763",75
British Airways,CYEG,EGLL,BA3587,B789,540
British Airways,HUEN,EGLL,BA62,B763,435
British Airways,EDDF,EGLL,BA903,"B752, B763, B772, B77W, B789, A388",100
British Airways,GFLL,EGLL,BA136,B763,395
British Airways,GLRB,GFLL,BA136,B763,60
British Airways,EDNY,EGLL,BA8597,A319,80
British Airways,LSGG,EGLL,BA725,"B752, B763",80
British Airways,EGPF,EGLL,BA1473,"B752, B763",80
British Airways,EGPK,EGLL,BA9261,A320,70
British Airways,EGPK,EGLL,BA80,B744,70
British Airways,CYYZ,EGPK,BA80,B744,425
British Airways,VOGO,EGLL,BA9113,"B772, B77W",595
British Airways,KGSP,EGLL,BA9153,"B77W, B789",435
British Airways,LFLS,EGLL,BA387,A320,110
British Airways,CYHZ,EGLL,BA3576,"B77W, B789 ",320
British Airways,VCRI,EGLL,BA9111,B789,680
British Airways,MUHA,EGLL,BA9114,B772,580
British Airways,EFHK,EGLL,BA795,"A320, B752",120
British Airways,VHHH,EGLL,BA28,"B772, B77W, A388, B744",750
British Airways,VHHX,EGLL,BA32,B744,750
British Airways,RPLL,VHHX,BA32,B744,115
British Asia Airways,RCTP,VHHX,BA32,B744,90
British Airways ,OPIS,EGLL,BA260,"B772, B789",490
British Airways,LTBA,EGLL,BA677,B763,230
British Airways,LTFJ,EGLL,BA603,"A320, A321, B763",235
British Airways,OEJN,EGLL,BA132,"B772, B744",340
British Airways,FAOR,EGLL,BA54,B744,675
British Airways,FALE,FAOR,BA54,B744,65
British Airways,FBSK,FAOR,BA54,B744,50
British Airways,HSSS,EGLL,BA60,"DC10, B744",400
British Airways,HAAB,HSSS,BA60,"DC10, B744",105
British Airways,HKJK,HAAB,BA60,"DC10, B744",115
British Airways,UKBB,EGLL,BA883,A320,200
British Airways,EFKT,EGLL,BA8011,A320,195
British Airways,VECC,EGLL,BA146,"B772, B744",650
British Airways,LGKO,EGLL,BA789,A320,195
British Airways,WMSA,EGLL,BA34,B744,770
British Airways,OKKK,EGLL,BA110,"B763, B772, B789, DC10, B744",360
British Airways,OPKC,OKKK,BA110,DC10,175
British Airways,OPLA,EGLL,BA258,B789,535
British Airways,LICA,EGLL,BA8633,A321,175
British Airways,GCRR,EGLL,BA2733,A320,255
British Airways,LCLK,EGLL,BA665,"B752, B763, DC10",270
British Airways,HTKJ,LCLK,BA64,DC10,350
British Airways,HTDA,LCLK,BA58,DC10,380
British Airways,FWCL,HTDA,BA58,DC10,80
British Airways,LFAT,EGLL,BA9250,A319,30
British Airways,EGNM,EGLL,BA1345,A319,40
British Airways,EDDP,EGLL,BA977,"A320, B752",100
British Airways,LGLM,EGLL,BA9227,"A320, A321",210
British Airways,EBLG,EGLL,BA9241,A319,55
British Airways,KLAX,EGLL,BA280,"DC10, B744",635
British Airways,FNLU,EGLL,BA76,"B772, B77W, B744",520
British Airways,FLKK,EGLL,BA254,B763,600
British Airways,LPMA,EGLL,BA521,A320,230
British Airways,LEMD,EGLL,BA465,"B752, B763, A388",100
British Airways,LEMG,EGLL,BA455,"B752, B763",150
British Airways,EGCC,EGLL,BA1409,B752,45
British Airways,FIMP,EGLL,BA230,"B789, B744",730
British Airways,LIML,EGLL,BA571,B752,95
British Airways,LIMC,EGLL,BA565,B752,95
British Airways,LFMT,EGLL,BA337,"A320, A321",115
British Airways,CYMX,EGLL,BA71,B744,420
British Airways,KDTW,CYMX,BA71,B744,95
British Airways,CYUL,EGLL,BA70,B772,480
British Airways,UUDD,EGLL,BA881,"A320, A321, B752, B772, B744",210
British Airways,UUEE,EGLL,BA234,"A321, B763",205
British Airways,UUEE,EGLL,BA18,B744,215
British Airways,RJAA,UUEE,BA18,B744,590
British Airways,VABB,EGLL,BA138,B744,535
British Airways,EDDM,EGLL,BA949,B752,105
British Airways,OOMS,EGLL,BA78,B789,400
British Airways,RJNA,EGLL,BA22,B744,675
British Airways,HKJK,EGLL,BA64,"B763, B744",540
British Airways,FSIA,HKJK,BA64,"B763, B744",185
British Airways,MYNN,EGLL,BA252,"B763, B772",525
British Airways,MWCR,MYNN,BA252,B763,95
British Airways,MBPV,MYNN,BA252,"B763, B772",80
British Airways,KJFK,EGLL,BA116,B744,470
British Airways,KEWR,EGLL,BA184,B744,475
British Airways,EGNT ,EGLL ,BA1325,B752,55
British Airways,EGHQ,EGLL,BA1351,A319,45
British Airways,LFMN,EGLL,BA353,"B752, B763",95
British Airways,KMCO,EGLL,BA204,B772,485
British Airways,RJBB,EGLL,BA20,"B789, B744",690
British Airways,LFPG,EGLL,BA327,B752,50
British Airways,LFPO,EGLL,BA339,B752,50
British Airways,KPHL,EGLL,BA66,"B763, B744",440
British Airways,BKPR,EGLL,BA529,A320,185
British Airways,LDPL,EGLL,BA897,A320,120
British Airways,MDPC,EGLL,BA3590,B789,545
British Airways,MTPP,MDPC,BA3590,B789,60
British Airways,OERK,EGLL,BA126,DC10,400
British Airways,OOMS,OERK,BA126,DC10,120
British Airways,LIRF,EGLL,BA559,"B752, B763",130
British Airways,EHRD,EGLL,BA413,"A319, A320",55
British Airways,KSLC,EGLL,BA3573,"B772, B789",615
British Airways,KSAN,EGLL,BA264,"B77W, B744",590
British Airways,KSJC,EGLL,BA278,B789,615
British Airways,LEST,EGLL,BA8429,B752,115
British Airways,RKSI,EGLL,BA18,"B772, B789, B744",625
British Airways,FSIA,EGLL,BA62,B789,615
British Airways,ZSPD,EGLL,BA168,"B772, B77W",620
British Airways,EINN,EGLL,BA835,B752,70
British Airways,WSSS,EGLL,BA16,"B77W, B789, A388, B744",770
British Airways,URSS,EGLL,BA9157,B772,265
British Airways,TLPL,EGLL,BA200,B772,500
British Airways,ULLI,EGLL,BA877,A320,195
British Airways,ENZV,EGLL,BA791,B752,100
British Airways,ESSA,EGLL,BA777,"B752, B763",140
British Airways,EDDS,EGLL,BA921,"B752, B789",100
British Airways,RCTP,EGLL,BA3576,B77W,925
British Airways,RCTP,OTHH,BA3576,B772,515
British Airways,EETN,EGLL,BA875,A321,180
B|MED,UGTB,EGLL,BA6554,A321,300
British Airways,OIIE,EGLL,BA152,B772,365
British Airways,OIII,EGLL,BA102,"A321, B772",315
British Airways,LCLK,EGLL,BA102,"B763, B772",275
British Airways,OIIE,LCLK,BA102,"B763, B772",150
British Airways,LLBG,EGLL,BA162,"B752, B763, B772, B77W, B789",290
British Airways,LPLA,EGLL,BA421,A320,235
British Airways,RJTT,EGLL,BA8,"B772, B77W, B789",610
British Airways,RJAA,EGLL,BA6,"B77W, B789, B744",660
British Airways,PANC,EGLL,BA6,B744,570
British Airways,RJFF,PANC,BA6,B744,495
British Airways,RJAA,PANC,BA6,B744,440
British Airways,VHHX,RJAA,BA6,B744,250
British Airways,RJOO,RJAA,BA6,B744,65
British Airways,CYYZ,EGLL,BA98,B744,385
British Airways,LIPH,EGLL,BA8585,B763,115
British Airways,LIPX,EGLL,BA799,A320,115
British Airways,LOWW,EGLL,BA697,B752,120
British Airways,EPWA,EGLL,BA851,B752,135
British Airways,KIAD,EGLL,BA190,B744,470
British Airways,KDTW,KIAD,BA190,B744,75
British Airways,CYWG,EGLL,BA9109,B789,500
B|MED,USSS,EGLL,BA6586,A321,320
B|MED,UAAA,USSS,BA6586,A321,170
B|MED,UDYZ,EGLL,BA6714,"A320, A321",300
B|MED,UTAA,UDYZ,BA6714,A320,120
B|MED,UCFM,UDYZ,BA6566,A320,215
B|MED,UTTT,UDYZ,BA6582,A321,185
British Airways,LDZA,EGLL,BA849,"A319, A320",130
British Airways,LSZH,EGLL,BA711,"B752, B763",80
BA CityFlyer,EGSS,EDDT,BA2298,E190,100
BA CityFlyer,EGSS,LFLB,BA2361,E190,100
BA CityFlyer,EGSS,LPFR,BA2297,E190,180
BA CityFlyer,EGSS,ESGG,BA7037,E190,105
BA CityFlyer,EGSS,LFLS,BA7035,E190,115
BA CityFlyer,EGSS,LEMG,BA2293,E190,135
BA CityFlyer,EGSS,LIML,BA7309,E190,110
BA CityFlyer,EGSS,LGMK,BA2335,E190,215
BA CityFlyer,EGSS,LEPA,BA2339,E190,150
BA CityFlyer,EGSS,LERS,BA4505,E190,120
BA CityFlyer,EGSS,LOWS,BA7033,E190,105
BA CityFlyer,EDDT,EGSS,BA2297,E190,100
BA CityFlyer,LFLB,EGSS,BA2360,E190,100
BA CityFlyer,LPFR,EGSS,BA2296,E190,180
BA CityFlyer,ESGG,EGSS,BA7038,E190,105
BA CityFlyer,LFLS,EGSS,BA7036,E190,115
BA CityFlyer,LEMG,EGSS,BA2292,E190,135
BA CityFlyer,LIML,EGSS,BA7308,E190,110
BA CityFlyer,LGMK,EGSS,BA2334,E190,210
BA CityFlyer,LEPA,EGSS,BA2338,E190,150
BA CityFlyer,LERS,EGSS,BA4506,E190,120
BA CityFlyer,LOWS,EGSS,BA7034,E190,105
Loganair for BA,EGPD,EGAA,BA8784,C208 (Generic),60
British Airways,EGPD,EGPA,BA5710,C208 (Generic),45
Manx Airlines for BA,EGPD,EGNM,BA7701,C208 (Generic),60
Manx Airlines for BA,EGNM,EGHI,BA7701,C208 (Generic),55
BA CitiExpress,EGPD,EGNT,BA8566,C208 (Generic),50
British Airways,EGPD,LFPG,BA1606,B738,80
British Airways,EGPD,EGPB,BA5704,C208 (Generic),50
Loganair for BA,EGAA,EGPD,BA8785,C208 (Generic),60
British Airways,EGPA,EGPD,BA5711,C208 (Generic),45
Manx Airlines for BA,EGNM,EGPD,BA7700,C208 (Generic),60
Manx Airlines for BA,EGHI,EGNM,BA7700,C208 (Generic),55
BA CitiExpress,EGNT,EGPD,BA8567,C208 (Generic),50
British Airways,LFPG,EGPD,BA1607,B738,80
British Airways,EGPB,EGPD,BA5705,C208 (Generic),50
BA CityFlyer,EGAC,EGBB,BA7323,E190,65
Manx Airlines for BA,EGAC,EGFF,BA7830,C208 (Generic),60
BA CityFlyer,EGAC,EGTE,BA7319,E190,55
BA CityFlyer,EGAC,EGPF,BA7327,E190,40
BA CityFlyer,EGAC,EGNM,BA7313,E190,45
BA CityFlyer,EGAC,EGHQ,BA7331,E190,55
Manx Airlines for BA,EGAC,EGHI,BA7884,C208 (Generic),95
BA CityFlyer,EGBB,EGAC,BA7322,E190,65
Manx Airlines for BA,EGFF,EGAC,BA7831,C208 (Generic),60
BA CityFlyer,EGTE,EGAC,BA7318,E190,55
BA CityFlyer,EGPF,EGAC,BA7326,E190,40
BA CityFlyer,EGNM,EGAC,BA7312,E190,45
BA CityFlyer,EGHQ,EGAC,BA7330,E190,55
Manx Airlines for BA,EGHI,EGAC,BA7885,C208 (Generic),95
British Airways,EGBB,EGPD,BA4652,A319,70
BA Connect,EGBB,LIEA,TH1204,CRJ7,140
British Airways,EGBB,LEAL,BA1920,A319,150
Maersk Air UK,EGBB,EHAM,BA8354,CRJ7,60
British Airways,EGBB,LEBL,BA1796,A319,125
Maersk Air UK,EGBB,EGAA,BA8340,"CRJ7, C208 (Generic)",45
Maersk Air UK,EGBB,EDDT,BA8322,CRJ7,120
Maersk Air UK,EGBB,LFBD,BA1938,"CRJ7, A319",90
BA Connect,EGBB,LIPO,TH1280,CRJ7,115
Maersk Air UK,EGBB,EBBR,BA1744,"CRJ7, A319",60
Maersk Air UK,EGBB,EKCH,BA8362,CRJ7,150
Maersk Air UK,EGBB,EICK,BA8336,CRJ7,45
BA CityFlyer,EGBB,EDDC,BA7033,E190,110
Maersk Air UK,EGBB,EIDW,BA8330,CRJ7,45
British Airways,EGBB,EDDL,BA1778,A319,75
British Airways,EGBB,EGPH,BA1788,A319,60
BA CityFlyer,EGBB,LPFR,BA7035,E190,155
BA CityFlyer,EGBB,LIRQ,BA7025,E190,110
Maersk Air UK,EGBB,EDDF,BA1762,"CRJ7, A319, B738",90
Maersk Air UK,EDDF,EDDV,BA5362,"CRJ7, B738",50
Maersk Air UK,EGBB,LSGG,BA8412,CRJ7,120
Maersk Air UK,EGBB,EGPF,BA1820,"CRJ7, C208 (Generic), A319",45
Maersk Air UK,EGBB,ESGG,BA8314,CRJ7,120
Maersk Air UK,EGBB,EDDH,BA1754,"CRJ7, A319",90
BA CityFlyer,EGBB,LEIB,BA1932,"E190, A319",150
BA Connect,EGBB,LOWI,TH1286,CRJ7,110
Maersk Air UK,EGBB,LFLL,BA1926,"CRJ7, A319",90
BA CityFlyer,EGBB,LEMG,BA1792,"E190, A319",150
Maersk Air UK,EGBB,LFML,BA7033,"E190, CRJ7",100
British Airways,EGBB,LIME,BA1930,A319,115
Maersk Air UK,EGBB,LIMC,BA8370,CRJ7,120
British Airways,EGBB,EDDM,BA1768,A319,110
British Airways,EGBB,LELC,BA1942,A319,150
British Airways,EGBB,KJFK,BA187,B752,435
British Airways,KJFK,CYYZ,BA187,B752,75
Maersk Air UK,EGBB,EGNT,BA8390,CRJ7,30
Maersk Air UK,EGBB,LFMN,BA5416,CRJ7,100
BA CityFlyer,EGBB,LEPA,BA1922,"E190, A319",150
British Airways,EGBB,LFPG,BA1800,A319,70
British Airways,EGBB,LIRP,BA1936,A319,130
Maersk Air UK,EGBB,LIRF,BA1850,"CRJ7, A319",120
Maersk Air UK,EGBB,ESSA,BA1772,"CRJ7, A319",150
Maersk Air UK,EGBB,EDDS,BA8380,CRJ7,90
British Airways,EGBB,EGNV,BA1552,A319,45
Maersk Air UK,EGBB,LFBO,BA1924,"CRJ7, A319",85
British Airways,EGBB,LIMF,BA1928,A319,110
Maersk Air UK,EGBB,LIPZ,BA1968,"CRJ7, A319",105
Maersk Air UK,EGBB,LSZH,BA5344,CRJ7,105
British Airways,EGPD,EGBB,BA4653,A319,70
BA Connect,LIEA,EGBB,TH1205,CRJ7,140
British Airways,LEAL,EGBB,BA1921,A319,150
Maersk Air UK,EHAM,EGBB,BA8355,CRJ7,60
British Airways,LEBL,EGBB,BA1797,A319,125
Maersk Air UK,EGAA,EGBB,BA8341,"CRJ7, C208 (Generic)",45
Maersk Air UK,EDDT,EGBB,BA8323,CRJ7,120
Maersk Air UK,LFBD,EGBB,BA1939,"CRJ7, A319",90
BA Connect,LIPO,EGBB,TH1281,CRJ7,115
Maersk Air UK,EBBR,EGBB,BA1745,"CRJ7, A319",60
Maersk Air UK,EKCH,EGBB,BA8363,CRJ7,150
Maersk Air UK,EICK,EGBB,BA8337,CRJ7,45
BA CityFlyer,EDDC,EGBB,BA7034,E190,110
Maersk Air UK,EIDW,EGBB,BA8331,CRJ7,45
British Airways,EDDL,EGBB,BA1779,A319,75
British Airways,EGPH,EGBB,BA1789,A319,60
BA CityFlyer,LPFR,EGBB,BA7034,E190,155
BA CityFlyer,LIRQ,EGBB,BA7024,E190,110
Maersk Air UK,EDDF,EGBB,BA1763,"CRJ7, A319, B738",90
Maersk Air UK,EDDV,EDDF,,"CRJ7, B738",50
Maersk Air UK,LSGG,EGBB,BA8413,CRJ7,120
Maersk Air UK,EGPF,EGBB,BA1821,"CRJ7, C208 (Generic), A319",45
Maersk Air UK,ESGG,EGBB,BA8315,CRJ7,120
Maersk Air UK,EDDH,EGBB,BA1755,"CRJ7, A319",90
BA CityFlyer,LEIB,EGBB,BA1933,"E190, A319",150
BA Connect,LOWI,EGBB,TH1287,CRJ7,110
Maersk Air UK,LFLL,EGBB,BA1927,"CRJ7, A319",90
BA CityFlyer,LEMG,EGBB,BA1793,"E190, A319",150
Maersk Air UK,LFML,EGBB,BA7032,"E190, CRJ7",100
British Airways,LIME,EGBB,BA1931,A319,115
Maersk Air UK,LIMC,EGBB,BA8371,CRJ7,120
British Airways,EDDM,EGBB,BA1769,A319,110
British Airways,LELC,EGBB,BA1943,A319,150
British Airways,KJFK,EGBB,BA186,B752,435
British Airways,CYYZ,KJFK,BA186,B752,75
Maersk Air UK,EGNT,EGBB,BA8391,CRJ7,30
Maersk Air UK,LFMN,EGBB,BA5417,CRJ7,100
BA CityFlyer,LEPA,EGBB,BA1923,"E190, A319",150
British Airways,LFPG,EGBB,BA1801,A319,70
British Airways,LIRP,EGBB,BA1937,A319,130
Maersk Air UK,LIRF,EGBB,BA1851,"CRJ7, A319",120
Maersk Air UK,ESSA,EGBB,BA1773,"CRJ7, A319",150
Maersk Air UK,EDDS,EGBB,BA8381,CRJ7,90
British Airways,EGNV,EGBB,BA1553,A319,45
Maersk Air UK,LFBO,EGBB,BA1925,"CRJ7, A319",85
British Airways,LIMF,EGBB,BA1929,A319,110
Maersk Air UK,LIPZ,EGBB,BA1969,"CRJ7, A319",105
Maersk Air UK,LSZH,EGBB,BA5345,CRJ7,105
BA Connect,EGGD,LIPO,TH1050,CRJ7,110
Brymon Airways,EGGD,EICK,BA4107,C208,60
BA Connect,EGGD,EGPH,TH1038,CRJ7,65
BA CityFlyer,EGGD,LIRQ,BA7017,E190,135
BA CityFlyer,EGGD,LFLS,BA7033,E190,100
BA CityFlyer,EGGD,LEIB,BA7019,E190,140
BA CityFlyer,EGGD,LFLL,BA7031,E190,95
BA CityFlyer,EGGD,LEMG,BA7021,E190,140
BA CityFlyer,EGGD,LEPA,BA7023,E190,145
British Airways,EGGD,LFPG,BA4084,A319,65
GB Airways,EGGD,GCTS,BA6834,A320,245
BA Connect,EGGD,LSZH,TH1066,CRJ7,95
BA Connect,LIPO,EGGD,TH1051,CRJ7,110
Brymon Airways,EICK,EGGD,BA4108,C208,60
BA Connect,EGPH,EGGD,TH1039,CRJ7,65
BA CityFlyer,LIRQ,EGGD,BA7016,E190,135
BA CityFlyer,LFLS,EGGD,BA7034,E190,100
BA CityFlyer,LEIB,EGGD,BA7018,E190,140
BA CityFlyer,LFLL,EGGD,BA7032,E190,95
BA CityFlyer,LEMG,EGGD,BA7020,E190,140
BA CityFlyer,LEPA,EGGD,BA7022,E190,145
British Airways,LFPG,EGGD,BA4085,A319,65
GB Airways,GCTS,EGGD,BA6835,A320,245
BA Connect,LSZH,EGGD,TH1067,CRJ7,95
British Airways,EGPH,KATL,BA9125,B772,510
Manx Airlines for BA,EGPH,EGAC,BA7649,C208 (Generic),45
Manx Airlines for BA,EGPH,EGAA,BA7661,C208 (Generic),50
British Airways,EGPH,EDDL,BA1784,A319,95
BA CityFlyer,EGPH,LPFR,BA2341,E190,190
British Airways,EGPH,EDDF,BA5364,"A319, B738",110
Loganair for BA,EGPH,EGNS,BA8813,C208 (Generic),50
British Airways,EGPH,LEMD,BA1794,B738,160
British Airways,EGPH,EDDM,BA1770,A319,130
Maersk Air UK,EGPH,ENGM,BA508,CRJ7,105
British Airways,EGPH,LFPG,BA5404,B738,95
Loganair for BA,EGPH,EGPC,BA8764,C208 (Generic),50
British Airways,EGPH,LSZH,BA5344,B738,125
British Airways,KATL,EGPH,BA9126,B772,510
Manx Airlines for BA,EGAC,EGPH,BA7648,C208 (Generic),45
Manx Airlines for BA,EGAA,EGPH,BA7660,C208 (Generic),50
British Airways,EDDL,EGPH,BA1785,A319,95
BA CityFlyer,LPFR,EGPH,BA2340,E190,175
British Airways,EDDF,EGPH,BA5365,"A319, B738",110
Loganair for BA,EGNS,EGPH,BA8814,C208 (Generic),50
British Airways,LEMD,EGPH,BA1795,B738,160
British Airways,EDDM,EGPH,BA1771,A319,130
Maersk Air UK,ENGM,EGPH,BA509,CRJ7,105
British Airways,LFPG,EGPH,BA5405,B738,95
Loganair for BA,EGPC,EGPH,BA8765,C208 (Generic),50
British Airways,LSZH,EGPH,BA5345,B738,125
British Airways,EGPF,EGPD,BA5686,C208 (Generic),45
Loganair for BA,EGPF,EGPR,BA8752,C208 (Generic),50
Manx Airlines for BA,EGPF,EGAC,BA7629,C208 (Generic),40
Loganair for BA,EGPF,EGAA,BA8780,C208 (Generic),45
British Airways,EGPF,EGPL,BA5814,C208 (Generic),50
British Airways,EGPF,EGGD,BA4044,B738,70
Loganair for BA,EGPF,EGEC,BA8728,C208 (Generic),35
Loganair for BA,EGPF,EGAE,BA8712,C208 (Generic),45
Loganair for BA,EGPF,EIDL,BA8710,C208 (Generic),50
British Airways,EGPF,EGPE,BA2923,B738,30
Loganair for BA,EGPF,EGPI,BA8722,C208 (Generic),40
BA Connect,EGPF,EGJJ,TH1205,CRJ7,85
Loganair for BA,EGPF,EIKN,BA8718,C208 (Generic),60
British Airways,EGPF,WMKK,BA3588,"B772, B77W",780
British Airways,EGPF,KJFK,BA205,B752,415
British Airways,KJFK,KBOS,BA205,B752,50
Loganair for BA,EGPF,EGPU,BA8853,C208 (Generic),40
British Airways,EGPF,EGPO,BA5820,C208 (Generic),50
British Airways,EGPD,EGPF,BA5687,C208 (Generic),45
Loganair for BA,EGPR,EGPF,BA8753,C208 (Generic),50
Manx Airlines for BA,EGAC,EGPF,BA7628,C208 (Generic),40
Loganair for BA,EGAA,EGPF,BA8781,C208 (Generic),45
British Airways,EGPL,EGPF,BA5815,C208 (Generic),50
British Airways,EGGD,EGPF,BA4045,B738,70
Loganair for BA,EGEC,EGPF,BA8729,C208 (Generic),35
Loganair for BA,EGAE,EGPF,BA8713,C208 (Generic),45
Loganair for BA,EIDL,EGPF,BA8711,C208 (Generic),50
British Airways,EGPE,EGPF,BA2924,B738,30
Loganair for BA,EGPI,EGPF,BA8723,C208 (Generic),40
BA Connect,EGJJ,EGPF,TH1204,CRJ7,85
Loganair for BA,EIKN,EGPF,BA8719,C208 (Generic),60
British Airways,WMKK,EGPF,BA3589,"B772, B77W",780
British Airways,KJFK,EGPF,BA204,B752,415
British Airways,KBOS,KJFK,BA204,B752,50
Loganair for BA,EGPU,EGPF,BA8854,C208 (Generic),40
British Airways,EGPO,EGPF,BA5821,C208 (Generic),50
British Airways,EGCC,EGPD,BA1880,A319,60
British Airways,EGCC,LEAL,BA1946,"E190, B738",155
British Airways,EGCC,EHAM,BA1624,B738,65
British Airways,EGCC,EGAA,BA5492,C208 (Generic),50
BA CityFlyer,EGCC,EDDW,BA8240,E190,90
British Airways,EGCC,TBPB,BA255,B744,520
British Airways,EGCC,EBBR,BA1556,A319,75
British Airways,EGCC,LIEE,BA1962,A319,160
BA CityFlyer,EGCC,LFLB,BA7327,E190,120
British Airtours,EGCC,LGKR,KT328,B738,200
Manx Airlines for BA,EGCC,EGAE,BA7653,C208 (Generic),55
GB Airways,EGCC,LDDU,BA6838,A320,175
British Airways,EGCC,EDDL,BA1682,A319,80
British Airways,EGCC,EGPH,BA1654,B738,55
British Airways,EGCC,LPFR,BA516,A320,170
British Airways,EGCC,LFKF,BA1972,A319,145
BA CityFlyer,EGCC,LIRQ,BA7330,E190,150
British Airways,EGCC,EDDF,BA1712,A319,90
British Airways,EGCC,LSGG,BA1940,B738,105
GB Airways,EGCC,LXGB,BA6992,A320,175
British Airways,EGCC,EGPF,BA1662,B738,55
Sun Air of Scandinavia,EGCC,ESGG,BA8234,E190,120
GB Airways,EGCC,LGIR,BA6810,A320,250
BA CityFlyer,EGCC,LEIB,BA7315,E190,110
GB Airways,EGCC,LOWI,BA6828,A320,105
British Airways,EGCC,OPRN,BA2129,"B772, B744",500
British Airways,EGCC,EGJJ,BA1998,A319,65
GB Airways,EGCC,GCRR,BA6830,A320,245
GB Airways,EGCC,GCLP,BA6812,A320,255
British Airways,EGCC,KLAX,BA277,"B763, B744",670
British Airways,EGCC,LFLL,BA1958,A319,105
British Airways,EGCC,LEMD,BA1642,A319,140
British Airways,EGCC,LEMG,BA1964,"E190, B738",170
GB Airways,EGCC,LMML,BA6822,A320,205
GB Airways,EGCC,GMMX,BA6832,A320,205
British Airways,EGCC,KMIA,BA9091,B744,535
British Airways,EGCC,LIME,BA1960,B738,120
British Airways,EGCC,LIML,BA1660,B738,120
British Airways,EGCC,LIMC,BA1658,B738,120
British Airways,EGCC,LELC,BA1948,A319,160
British Airways,EGCC,VABB,BA19,B744,575
British Airways,VABB,VHHX,BA19,B744,350
British Airways,EGCC,EDDM,BA23,DC10,115
British Airways,EDDM,OMDB,BA23,DC10,370
British Airways,OMDB,VTBD,BA23,DC10,395
British Airways,VTBD,VHHX,BA23,DC10,155
BA CityFlyer,EGCC,LGMK,BA7319,E190,230
British Airways,EGCC,KJFK,BA1503,"B763, DC10",450
British Airways,EGCC,LFMN,BA1950,"E190, B738",125
British Airways,EGCC,KMCO,BA239,B744,525
British Airways,EGCC,ENGM,BA1696,A319,105
British Airways,EGCC,LEPA,BA1944,"E190, A319",150
GB Airways,EGCC,LCPH,BA6820,A320,285
British Airways,EGCC,LFPG,BA1602,A319,75
British Airways,EGCC,LIRP,BA1956,A319,135
British Airways,EGCC,LIRF,BA1654,A319,155
GB Airways,EGCC,LOWS,BA6836,"E190, A320",100
British Airways,EGCC,EINN,BA1562,B738,65
British Airways,EGCC,EGNV,BA1550,A319,40
GB Airways,EGCC,GCTS,BA6824,A320,250
British Airways,EGCC,LIPZ,BA1952,A319,120
British Airways,EGCC,LIPX,BA1954,A319,115
BA Connect,EGCC,LOWW,TH1330,CRJ7,130
British Airways,EGCC,EPWA,BA1720,B738,130
British Airways,EGPD,EGCC,BA1881,A319,60
British Airways,LEAL,EGCC,BA1947,"E190, B738",155
British Airways,EHAM,EGCC,BA1625,B738,65
British Airways,EGAA,EGCC,BA5493,C208 (Generic),50
BA CityFlyer,EDDW,EGCC,BA8239,E190,90
British Airways,TBPB,EGCC,BA254,B744,465
British Airways,EBBR,EGCC,BA1557,A319,75
British Airways,LIEE,EGCC,BA1963,A319,160
BA CityFlyer,LFLB,EGCC,BA7326,E190,120
British Airtours,LGKR,EGCC,KT329,B738,200
Manx Airlines for BA,EGAE,EGCC,BA7652,C208 (Generic),55
GB Airways,LDDU,EGCC,BA6839,A320,175
British Airways,EDDL,EGCC,BA1683,A319,80
British Airways,EGPH,EGCC,BA1655,B738,55
British Airways,LPFR,EGCC,BA517,A320,160
British Airways,LFKF,EGCC,BA1973,A319,145
BA CityFlyer,LIRQ,EGCC,BA7331,E190,150
British Airways,EDDF,EGCC,BA1713,A319,90
British Airways,LSGG,EGCC,BA1941,B738,105
GB Airways,LXGB,EGCC,BA6993,A320,175
British Airways,EGPF,EGCC,BA1663,B738,55
Sun Air of Scandinavia,ESGG,EGCC,BA8233,E190,120
GB Airways,LGIR,EGCC,BA6811,A320,250
BA CityFlyer,LEIB,EGCC,BA7314,E190,110
GB Airways,LOWI,EGCC,BA6829,A320,105
British Airways,OPRN,EGCC,BA2128,"B772, B744",500
British Airways,EGJJ,EGCC,BA1999,A319,65
GB Airways,GCRR,EGCC,BA6831,A320,245
GB Airways,GCLP,EGCC,BA6813,A320,255
British Airways,KLAX,EGCC,BA276,"B763, B744",610
British Airways,LFLL,EGCC,BA1959,A319,105
British Airways,LEMD,EGCC,BA1643,A319,140
British Airways,LEMG,EGCC,BA1965,"E190, B738",170
GB Airways,LMML,EGCC,BA6823,A320,205
GB Airways,GMMX,EGCC,BA6833,A320,205
British Airways,KMIA,EGCC,BA9090,B744,460
British Airways,LIME,EGCC,BA1961,B738,120
British Airways,LIML,EGCC,BA1661,B738,120
British Airways,LIMC,EGCC,BA1659,B738,120
British Airways,LELC,EGCC,BA1949,A319,160
British Airways,VABB,EGCC,BA20,B744,575
British Airways,VHHX,VABB,BA20,B744,350
British Airways,EDDM,EGCC,BA24,DC10,115
British Airways,OMDB,EDDM,BA24,DC10,370
British Airways,VTBD,OMDB,BA24,DC10,395
British Airways,VHHX,VTBD,BA24,DC10,155
BA CityFlyer,LGMK,EGCC,BA7318,E190,230
British Airways,KJFK,EGCC,BA1502,"B763, DC10",450
British Airways,LFMN,EGCC,BA1951,"E190, B738",125
British Airways,KMCO,EGCC,BA238,B744,460
British Airways,ENGM,EGCC,BA1697,A319,105
British Airways,LEPA,EGCC,BA1945,"E190, A319",150
GB Airways,LCPH,EGCC,BA6821,A320,285
British Airways,LFPG,EGCC,BA1603,A319,75
British Airways,LIRP,EGCC,BA1957,A319,135
British Airways,LIRF,EGCC,BA1655,A319,155
GB Airways,LOWS,EGCC,BA6837,"E190, A320",100
British Airways,EINN,EGCC,BA1563,B738,65
British Airways,EGNV,EGCC,BA1551,A319,40
GB Airways,GCTS,EGCC,BA6825,A320,250
British Airways,LIPZ,EGCC,BA1953,A319,120
British Airways,LIPX,EGCC,BA1955,A319,115
BA Connect,LOWW,EGCC,TH1331,CRJ7,130
British Airways,EPWA,EGCC,BA1721,B738,130
BA CityFlyer,EGHI,LEAL,BA2905,E190,135
BA CityFlyer,EGHI,LFBE,BA2907,E190,70
BA CityFlyer,EGHI,EDDB,BA2937,E190,95
BA CityFlyer,EGHI,LFLB,BA2935,E190,100
BA CityFlyer,EGHI,EIDW,BA2938,E190,80
BA CityFlyer,EGHI,EGPH,BA2900,E190,65
BA CityFlyer,EGHI,LPFR,BA2927,E190,150
BA CityFlyer,EGHI,LIRQ,BA2921,E190,120
BA CityFlyer,EGHI,LEIB,BA2915,E190,125
BA CityFlyer,EGHI,LFBL,BA2911,E190,85
BA CityFlyer,EGHI,LEMG,BA2925,E190,140
BA CityFlyer,EGHI,LGMK,BA2933,E190,200
BA CityFlyer,EGHI,LFMN,BA2931,E190,125
BA CityFlyer,EGHI,LEPA,BA2903,E190,115
BA CityFlyer,EGHI,LOWS,BA2929,E190,120
BA CityFlyer,LEAL,EGHI,BA2906,E190,125
BA CityFlyer,LFBE,EGHI,BA2908,E190,70
BA CityFlyer,EDDB,EGHI,BA2938,E190,105
BA CityFlyer,LFLB,EGHI,BA2936,E190,100
BA CityFlyer,EIDW,EGHI,BA2937,E190,80
BA CityFlyer,EGPH,EGHI,BA2939,E190,65
BA CityFlyer,LPFR,EGHI,BA2928,E190,140
BA CityFlyer,LIRQ,EGHI,BA2922,E190,120
BA CityFlyer,LEIB,EGHI,BA2916,E190,120
BA CityFlyer,LFBL,EGHI,BA2912,E190,85
BA CityFlyer,LEMG,EGHI,BA2926,E190,140
BA CityFlyer,LGMK,EGHI,BA2934,E190,230
BA CityFlyer,LFMN,EGHI,BA2932,E190,125
BA CityFlyer,LEPA,EGHI,BA2904,E190,125
BA CityFlyer,LOWS,EGHI,BA2930,E190,120
Manx Airlines for BA,EGFF,EGAA,BA7833,C208 (Generic),65
British Airways,EGFF,EGSY,BA9172,B744,10
Loganair for BA,EGEF,EGPA,BA8840,C208 (Generic),35
GB Airways,LXGB,GMAD,BA8928,B738,90
GB Airways,LXGB,GMMN,BA8918,B738,60
GB Airways,LXGB,LEMD,BA6760,A320,70
GB Airways,LXGB,GMMX,BA8922,B738,75
GB Airways,LXGB,GMTT,BA8924,B738,35
British Airways,EGPE,EGPA,BA5720,C208 (Generic),40
British Airways,EGPE,EGPO,BA5830,C208 (Generic),35
Loganair for BA,EGPE,EGPC,BA8728,C208 (Generic),40
BA Connect,EGNS,EGGW,TH1102,CRJ7,60
British Airways,EGJJ,LPFR,BA8642,A320,120
BA CityFlyer,EGJJ,EDNY,BA7037,E190,100
British Airways,EGJJ,LPMA,BA8640,A320,195
British Airways,EGJJ,LFLS,BA8644,A320,65
BA CitiExpress,EGJJ,LFPG,BA8554,C208 (Generic),60
British Airways,FAOR,FSIA,BA24,B744,310
British Airways,FSIA,VCBI,BA24,B744,255
British Airways,VCBI,VHHX,BA24,B744,330
Loganair for BA,EGPA,EGED,BA8875,C208 (Generic),20
British Airways,EGHC,EGHE,BA5910,C208 (Generic),25
British Airways,KLAS,OTHH,BA8590,"B772, B789",900
BA CitiExpress,EGNM,EIDW,BA8125,C208 (Generic),50
Loganair for BA,EGET,EGEF,BA8801,C208 (Generic),25
Loganair for BA,EGET,EG42,BA8855,C208 (Generic),20
GB Airways,EGGP,GCTS,BA6824,A320,255
British Airways,EGNT,LPFR,BA512,A320,180
BA Connect,EGNT,LEGE,TH1710,CRJ7,140
British Airways,EGNT,EGJJ,BA1974,A319,85
Brymon Airways,EGHD,EICK,BA4109,C208 (Generic),55
British Airways,EGPB,EGPA,BA5746,C208 (Generic),35
Loganair for BA,EGPB,EGPW,BA8766,C208 (Generic),35
Loganair for BA,EGPB,EGPC,BA8896,C208 (Generic),45
Loganair for BA,EGEW,EGPA,BA8872,C208 (Generic),30
Loganair for BA,EGEW,EGEN,BA8884,C208 (Generic),15
Loganair for BA,EGEW,EGEP,BA8880,C208 (Generic),5
Loganair for BA,EGEW,EGES,BA8890,C208 (Generic),10
Loganair for BA,EGEW,EGER,BA8888,C208 (Generic),15
Manx Airlines for BA,EGAA,EGFF,BA7832,C208 (Generic),65
Loganair for BA,EGPA,EGEF,BA8841,C208 (Generic),35
GB Airways,GMAD,LXGB,BA8929,B738,90
GB Airways,GMMN,LXGB,BA8919,B738,60
GB Airways,LEMD,LXGB,BA6761,A320,70
GB Airways,GMMX,LXGB,BA8923,B738,75
GB Airways,GMTT,LXGB,BA8925,B738,35
British Airways,EGPA,EGPE,BA5721,C208 (Generic),40
British Airways,EGPO,EGPE,BA5831,C208 (Generic),35
Loganair for BA,EGPC,EGPE,BA8729,C208 (Generic),40
BA Connect,EGGW,EGNS,TH1103,CRJ7,60
British Airways,LPFR,EGJJ,BA8643,A320,120
BA CityFlyer,EDNY,EGJJ,BA7038,E190,100
British Airways,LPMA,EGJJ,BA8641,A320,195
British Airways,LFLS,EGJJ,BA8645,A320,65
BA CitiExpress,LFPG,EGJJ,BA8555,C208 (Generic),60
British Airways,FSIA,FAOR,BA25,B744,310
British Airways,VCBI,FSIA,BA25,B744,255
British Airways,VHHX,VCBI,BA25,B744,330
Loganair for BA,EGED,EGPA,BA8876,C208 (Generic),20
British Airways,EGHE,EGHC,BA5911,C208 (Generic),25
BA CitiExpress,EIDW,EGNM,BA8126,C208 (Generic),50
Loganair for BA,EGEF,EGET,BA8802,C208 (Generic),25
Loganair for BA,EG42,EGET,BA8856,C208 (Generic),20
GB Airways,GCTS,EGGP,BA6825,A320,255
British Airways,LPFR,EGNT,BA513,A320,170
BA Connect,LEGE,EGNT,TH1711,CRJ7,140
British Airways,EGJJ,EGNT,BA1975,A319,85
Brymon Airways,EICK,EGHD,BA4110,C208 (Generic),55
British Airways,EGPA,EGPB,BA5747,C208 (Generic),35
Loganair for BA,EGPW,EGPB,BA8767,C208 (Generic),35
Loganair for BA,EGPC,EGPB,BA8895,C208 (Generic),45
Loganair for BA,EGPA,EGEW,BA8871,C208 (Generic),30
Loganair for BA,EGEN,EGEW,BA8885,C208 (Generic),15
Loganair for BA,EGEP,EGEW,BA8881,C208 (Generic),5
Loganair for BA,EGES,EGEW,BA8891,C208 (Generic),10
Loganair for BA,EGER,EGEW,BA8889,C208 (Generic),15
BA Cityfler,EGLC,EGSH,BA9750,E190,30
BA EuroFlyer,EGKK,OMAA,BA9270,"A319, A320",420
BA EuroFlyer,EGKK,EGBB,BA9750,"A320, A321",30
British Airways,EGKK,EGFF,BA9700,B772,30
British Airways,EGLL,EGBB,BA9278,A319,30
British Airways,EGLL,EGFF,BA9800,"B772, B77W, B789, B78X",30
British Airways,EGLL,EGKK,BA9258,"A319, A320, A321, B772",25
British Airways,EGLL,LMML,BA9276,"A320, B78X",155
British Airways,EGLL,RPLL,BA9175,A388,810
British Airways,EGLL,LKMT,BA9271,A320,115
British Airways,EGLL,LETL,BA9170,B772,100
BA CityFlyer,EGSH,EGLC,BA9751,E190,30
BA EuroFlyer,EGBB,EGKK,BA9751,"A320, A321",30
BA EuroFlyer,OMAA,EGKK,BA9269,"A319, A320",465
British Airways,EGFF,EGKK,BA9701,B772,30
British Airways,EGBB,EGLL,BA9279,A319,30
British Airways,EGFF,EGLL,BA9801,"B772, B77W, B789",30
British Airways,KCHS,EGLL,BA9400,"B789, B78X",510
British Airways,KPAE,EGLL,BA9500,"B772, B77W, B789, B78X",510
British Airways,EGKK,EGLL,BA9259,"A319, A320, A321, B772",25
British Airways,LMML,EGLL,BA9273,"A320, B78X",155
British Airways,RPLL,EGLL,BA9176,A388,810
British Airways,LKMT,EGLL,BA9272,A320,115
British Airways,LFBO,EGLL,BA9600,"A319, A320, A321, A388",100
Iberia for LEVEL,LEBL,KBOS,IB2625,A333,465
Iberia for LEVEL,LEBL,SAEZ,IB2601,A333,790
Iberia for LEVEL,LEBL,KLAX,IB2623,A333,755
Iberia for LEVEL,LEBL,KJFK,IB2627,A333,490
Iberia for LEVEL,LEBL,KSFO,IB2621,A333,730
Iberia for LEVEL,LEBL,SCEL,IB2605,A333,840
Iberia for LEVEL,KBOS,LEBL,IB2626,A333,425
Iberia for LEVEL,SAEZ,LEBL,IB2602,A333,730
Iberia for LEVEL,KLAX,LEBL,IB2624,A333,695
Iberia for LEVEL,KJFK,LEBL,IB2628,A333,445
Iberia for LEVEL,KSFO,LEBL,IB2622,A333,670
Iberia for LEVEL,SCEL,LEBL,IB2606,A333,780
Iberia,LEMD,LECO,IB453,"CRJX, A321",65
Iberia,LEMD,DAAG,IB929,A321,70
Air Nostrum for Iberia,LEMD,LEAL,IB1011,CRJX,55
Air Nostrum for Iberia,LEMD,LEAM,IB1033,CRJX,50
Iberia Express,LEMD,EHAM,IB1791,A321,120
Air Nostrum for Iberia,LEMD,LESU,IB2326,CRJX,65
Iberia,LEMD,LEAS,IB477,"CRJX, A321",50
Iberia Express,LEMD,LGAV,IB1873,A321,185
Iberia Express,LGAV,LLBG,,A321,#VALUE!
Air Nostrum for Iberia,LEMD,LEBZ,IB2332,CRJX,45
Iberia,LEMD,LEBL,IB401,A321,55
Iberia Express,LEMD,LIBD,IB1451,A321,130
Iberia,LEMD,ENBR,IB3396,A321,180
Iberia Express,LEMD,EDDB,IB1801,A321,150
Iberia,LEMD,LEBB,IB433,"CRJX, A321",65
Iberia,LEMD,SKBO,IB151,A359,635
Air Nostrum for Iberia,LEMD,LIPE,IB1237,CRJX,105
Air Nostrum for Iberia,LEMD,LFBD,IB1199,CRJX,55
Iberia,LEMD,KBOS,IB347,A321,470
Iberia,LEMD,EBBR,IB597,A321,110
Iberia,LEMD,LHBP,IB869,A321,155
Iberia,LEMD,SAEZ,IB101,"A333, A359",740
Iberia,LEMD,LIEE,IB973,A321,95
Iberia,LEMD,HECA,IB1903,A321,260
Iberia,LEMD,SVMI,IB191,"A333, B772 (Generic)",510
Air Nostrum for Iberia,LEMD,GMMN,IB1355,CRJX,110
Air Nostrum for Iberia,LEMD,LECH,IB2318,CRJX,40
Iberia,LEMD,LICC,IB695,A321,130
Iberia,LEMD,KORD,IB341,A333,580
Iberia Express,LEMD,EKCH,IB1821,A321,165
Iberia,LEMD,LGKR,IB843,A321,155
Iberia,LEMD,GOBD,IB919,A321,265
Iberia,LEMD,KDFW,IB363,A333,675
Iberia,LEMD,OTHH,IB391,A333,380
Iberia Express,LEMD,EIDW,IB1881,A321,175
Iberia,LEMD,LDDU,IB935,A321,145
Iberia,LEMD,EDDL,IB751,"CRJX, A321",120
Iberia Express,LEMD,EGPH,IB1915,A321,130
Iberia,LEMD,LPFR,IB557,"CRJX, A321",65
Iberia,LEMD,LIRQ,IB689,"CRJX, A321",105
Iberia,LEMD,EDDF,IB765,"CRJX, A321",115
Iberia Express,LEMD,GCFV,IB1521,A321,165
Iberia,LEMD,LPMA,IB559,"CRJX, A321",140
Iberia,LEMD,LSGG,IB613,"CRJX, A321",85
Air Nostrum,LEMD,DAUG,YW5753,CRJX,110
Air Nostrum for Iberia,LEMD,LEGR,IB1019,CRJX,70
Iberia,LEMD,MGGT,IB221,A333,680
Iberia,MGGT,MSLP,IB221,A333,45
Iberia,LEMD,SEGU,IB131,A333,665
Iberia,LEMD,EDDH,IB773,A321,145
Air Nostrum for Iberia,LEMD,DAUH,IB5753,CRJX,115
Iberia,LEMD,MUHA,IB273,A333,635
Iberia Express,LEMD,LEIB,IB1691,A321,50
Iberia,LEMD,LOWI,IB801,A321,130
Iberia,LEMD,LEJR,IB1089,"CRJX, A321",75
Iberia Express,LEMD,GCLA,IB1531,A321,165
Air Nostrum for Iberia,LEMD,LERJ,IB2222,CRJX,35
Iberia Express,LEMD,GCRR,IB1501,A321,145
Iberia Express,LEMD,GCLP,IB1601,A321,155
Iberia,LEMD,SPJC,IB123,A359,710
Iberia,LEMD,LPPT,IB529,"CRJX, A321",55
Iberia,LEMD,LJLJ,IB819,A321,130
Iberia Express,LEMD,EGKK,IB1861,A321,120
Iberia,LEMD,EGLL,IB711,"A321, A333, A359",125
Iberia,LEMD,KLAX,IB351,A359,755
Iberia Express,LEMD,LFLL,IB1179,CRJX,80
Air Nostrum for Iberia,LEMD,LEMG,IB1731,"CRJX, A321",55
Iberia Express,LEMD,EGCC,IB1891,A321,135
Iberia,LEMD,GMMX,IB1851,A321,90
Iberia,LEMD,LFML,IB1169,"CRJX, A321",70
Air Nostrum for Iberia,LEMD,GEML,IB2020,CRJX,90
Iberia Express,LEMD,LEMH,IB1039,A321,65
Iberia,LEMD,MMMX,IB303,A359,690
Iberia,LEMD,KMIA,IB333,A333,600
Iberia,LEMD,LIML,IB663,A321,100
Iberia,LEMD,LIMC,IB671,A321,95
Iberia,LEMD,SUMU,IB169,A333,750
Iberia,LEMD,EDDM,IB741,"CRJX, A321",120
Iberia,LEMD,LGMK,IB847,A321,185
Air Nostrum for Iberia,LEMD,LFRS,IB1219,CRJX,65
Iberia Express,LEMD,LIRN,IB1831,A321,120
Iberia,LEMD,KJFK,IB211,"A333, A359",480
Iberia,LEMD,LFMN,IB1211,"CRJX, A321",80
Iberia,LEMD,LIEO,IB697,A321,90
Iberia,LEMD,KMCO,IB339,A333,555
Iberia,LEMD,ENGM,IB953,A321,190
Iberia,LEMD,LICJ,IB701,A321,115
Iberia Express,LEMD,LEPA,IB1651,A321,75
Air Nostrum for Iberia,LEMD,LEPP,IB1049,CRJX,55
Iberia,LEMD,MPTO,IB257,A333,645
Iberia Express,LEMD,LFPG,IB585,A321,90
Iberia,LEMD,LFPO,IB569,A321,85
Iberia,LEMD,LPPD,IB555,A321,190
Iberia,LEMD,LPPR,IB543,"CRJX, A321",80
Iberia,LEMD,LKPR,IB807,A321,140
Iberia,LEMD,SEQM,IB137,A359,630
Iberia Express,LEMD,BIKF,IB1925,A321,225
Iberia,LEMD,SBGL,IB269,A333,630
Iberia,LEMD,LIRF,IB647,A321,110
Iberia,LEMD,EFRO,IB969,A321,260
Iberia,LEMD,LOWS,IB805,A321,135
Iberia,LEMD,KSFO,IB355,A333,750
Iberia,LEMD,MROC,IB243,A333,680
Iberia,LEMD,TJSJ,IB379,A333,510
Iberia,LEMD,LESO,IB443,A321,50
Iberia,LEMD,LEXJ,IB1059,"CRJX, A321",45
Iberia,LEMD,SCEL,IB113,A359,840
Iberia Express,LEMD,LEST,IB517,"CRJX, A321",70
Iberia,LEMD,MDSD,IB265,A333,540
Iberia,LEMD,LGSR,IB851,A321,190
Iberia,LEMD,SBGR,IB263,"A333, A359",630
Iberia Express,LEMD,LEZL,IB1751,A321,70
Iberia,LEMD,LDSP,IB943,A321,135
Iberia,LEMD,ESSA,IB823,A321,205
Air Nostrum for Iberia,LEMD,LFST,IB2240,CRJX,110
Air Nostrum for Iberia,LEMD,GMTT,IB1361,CRJX,80
Iberia Express,LEMD,GCXO ,IB1561,A321,160
Iberia Express,LEMD,GCTS,IB1545,A321,165
Iberia,LEMD,LATI,IB859,A321,145
Iberia,LEMD,RJAA,IB281,A359,815
Air Nostrum for Iberia,LEMD,LFBO,IB975,"CRJX, A321",60
Iberia,LEMD,LIPQ,IB1457,A321,145
Iberia,LEMD,ENTC,IB961,A321,255
Air Nostrum for Iberia,LEMD,LIMF,IB1247,CRJX,90
Air Nostrum for Iberia,LEMD,LEVC,IB1079,CRJX,60
Iberia,LEMD,LIPZ,IB677,"CRJX, A321",115
Iberia,LEMD,LOWW,IB791,A321,145
Iberia,LEMD,LEVX,IB465,"CRJX, A321",75
Iberia,LEMD,KIAD,IB361,A321,545
Iberia,LEMD,LDZA,IB939,A321,130
Iberia,LEMD,LSZH,IB627,A321,100
Iberia,LECO,LEMD,IB454,"CRJX, A321",65
Iberia,DAAG,LEMD,IB930,A321,70
Air Nostrum for Iberia,LEAL,LEMD,IB1012,CRJX,55
Air Nostrum for Iberia,LEAM,LEMD,IB1032,CRJX,50
Iberia Express,EHAM,LEMD,IB1792,A321,120
Air Nostrum for Iberia,LESU,LEMD,IB2327,CRJX,65
Iberia,LEAS,LEMD,IB478,"CRJX, A321",50
Iberia,LGAV,LEMD,IB834,A321,185
Air Nostrum for Iberia,LEBZ,LEMD,IB2333,CRJX,45
Iberia,LEBL,LEMD,IB402,A321,55
Iberia Express,LIBD,LEMD,IB1452,A321,130
Iberia,ENBR,LEMD,IB3397,A321,180
Iberia Express,EDDB,LEMD,IB1802,A321,150
Iberia,LEBB,LEMD,IB430,"CRJX, A321",65
Iberia,SKBO,LEMD,IB152,A359,635
Air Nostrum for Iberia,LIPE,LEMD,IB1238,CRJX,105
Air Nostrum for Iberia,LFBD,LEMD,IB1200,CRJX,55
Iberia,KBOS,LEMD,IB348,A321,470
Iberia,EBBR,LEMD,IB598,A321,110
Iberia,LHBP,LEMD,IB870,A321,155
Iberia,SAEZ,LEMD,IB102,"A333, A359",740
Iberia,LIEE,LEMD,IB974,A321,95
Iberia,HECA,LEMD,IB1904,A321,260
Iberia,SVMI,LEMD,IB192,"A333, B772 (Generic)",510
Air Nostrum for Iberia,GMMN,LEMD,IB900,CRJX,110
Air Nostrum for Iberia,LECH,LEMD,IB2319,CRJX,40
Iberia,LICC,LEMD,IB696,A321,130
Iberia,KORD,LEMD,IB342,A333,580
Iberia Express,EKCH,LEMD,IB1822,A321,165
Iberia,LGKR,LEMD,IB844,A321,155
Iberia,GOBD,LEMD,IB920,A321,265
Iberia,KDFW,LEMD,IB364,A333,575
Iberia,OTHH,LEMD,IB392,A333,430
Iberia Express,EIDW,LEMD,IB1882,A321,175
Iberia,LDDU,LEMD,IB936,A321,145
Iberia,EDDL,LEMD,IB752,"CRJX, A321",120
Iberia Express,EGPH,LEMD,IB1916,A321,130
Iberia,MSLP,LEMD,IB222,A333,720
Iberia,LPFR,LEMD,IB558,"CRJX, A321",65
Iberia,LIRQ,LEMD,IB690,"CRJX, A321",105
Iberia,EDDF,LEMD,IB766,"CRJX, A321",115
Iberia Express,GCFV,LEMD,IB1522,A321,155
Iberia,LPMA,LEMD,IB560,"CRJX, A321",140
Iberia,LSGG,LEMD,IB614,"CRJX, A321",85
Air Nostrum,DAUG,LEMD,YW5753,CRJX,110
Air Nostrum for Iberia,LEGR,LEMD,IB1020,CRJX,70
Iberia,SEGU,LEMD,IB132,A333,620
Iberia,EDDH,LEMD,IB774,A321,145
Air Nostrum for Iberia,DAUH,LEMD,IB5754,CRJX,115
Iberia,MUHA,LEMD,IB274,A333,635
Iberia Express,LEIB,LEMD,IB1692,A321,50
Iberia,LOWI,LEMD,IB802,A321,135
Iberia,LEJR,LEMD,IB1090,"CRJX, A321",75
Iberia Express,GCLA,LEMD,IB1532,A321,155
Air Nostrum for Iberia,LERJ,LEMD,IB2221,CRJX,35
Iberia Express,GCRR,LEMD,IB1502,A321,130
Iberia Express,GCLP,LEMD,IB1602,A321,145
Iberia,SUMU,GCLP,,A333,575
Iberia,SPJC,LEMD,IB124,A359,710
Iberia,LPPT,LEMD,IB530,"CRJX, A321",55
Iberia,LJLJ,LEMD,IB820,A321,130
Iberia Express,EGKK,LEMD,IB1862,A321,120
Iberia,EGLL,LEMD,IB712,"A321, A333, A359",125
Iberia,KLAX,LEMD,IB352,A359,755
Iberia Express,LFLL,LEMD,IB1180,CRJX,80
Air Nostrum for Iberia,LEMG,LEMD,IB1732,"CRJX, A321",55
Iberia Express,EGCC,LEMD,IB1892,A321,135
Iberia,GMMX,LEMD,IB1852,A321,90
Iberia,LFML,LEMD,IB1170,"CRJX, A321",70
Air Nostrum for Iberia,GEML,LEMD,IB2021,CRJX,90
Iberia Express,LEMH,LEMD,IB1040,A321,65
Iberia,MMMX,LEMD,IB304,A359,690
Iberia,KMIA,LEMD,IB334,A333,600
Iberia,LIML,LEMD,IB664,A321,100
Iberia,LIMC,LEMD,IB672,A321,95
Iberia,SUMU,LEMD,IB170,A333,750
Iberia,EDDM,LEMD,IB742,"CRJX, A321",120
Iberia,LGMK,LEMD,IB848,A321,185
Air Nostrum for Iberia,LFRS,LEMD,IB1220,CRJX,65
Iberia Express,LIRN,LEMD,IB1832,A321,120
Iberia,KJFK,LEMD,IB212,A333,480
Iberia,LEMD,LEMD,IB1212,"CRJX, A321",80
Iberia,LIEO,LEMD,IB698,A321,90
Iberia,KMCO,LEMD,IB340,A333,495
Iberia,ENGM,LEMD,IB954,A321,190
Iberia,LICJ,LEMD,IB702,A321,115
Iberia Express,LEPA,LEMD,IB1652,A321,75
Air Nostrum for Iberia,LEPP,LEMD,IB1050,CRJX,55
Iberia,MPTO,LEMD,IB258,A333,645
Iberia Express,LFPG,LEMD,IB586,A321,90
Iberia,LFPO,LEMD,IB570,A321,85
Iberia,LPPD,LEMD,IB556,A321,190
Iberia,LPPR,LEMD,IB544,"CRJX, A321",80
Iberia,LKPR,LEMD,IB808,A321,140
Iberia,SEQM,LEMD,IB138,A359,590
Iberia Express,BIKF,LEMD,IB1926,A321,225
Iberia,SBGL,LEMD,IB270,A333,630
Iberia,LIRF,LEMD,IB648,A321,110
Iberia,EFRO,LEMD,IB970,A321,260
Iberia,LOWS,LEMD,IB806,A321,135
Iberia,KSFO,LEMD,IB356,A333,750
Iberia,MROC,LEMD,IB244,A333,680
Iberia,TJSJ,LEMD,IB380,A333,510
Iberia,LESO,LEMD,IB444,A321,50
Iberia,LEXJ,LEMD,IB1060,"CRJX, A321",45
Iberia,SCEL,LEMD,IB114,A359,840
Iberia Express,LEST,LEMD,IB518,"CRJX, A321",75
Iberia,MDSD,LEMD,IB266,A333,540
Iberia,LGSR,LEMD,IB852,A321,190
Iberia,SBGR,LEMD,IB268,"A333, A359",630
Iberia Express,LEZL,LEMD,IB1752,A321,65
Iberia,LDSP,LEMD,IB944,A321,135
Iberia,ESSA,LEMD,IB824,A321,205
Air Nostrum for Iberia,LFST,LEMD,IB2241,CRJX,110
Air Nostrum for Iberia,GMTT,LEMD,IB1362,CRJX,80
Iberia Express,GCXO,LEMD,IB1562,A321,145
Iberia Express,GCTS,LEMD,IB1546,A321,165
Iberia,LATI,LEMD,IB860,A321,145
Iberia Express,LLBG,LEMD,IB1874,A321,270
Iberia,RJAA,LEMD,IB282,A359,870
Air Nostrum for Iberia,LFBO,LEMD,IB976,"CRJX, A321",60
Iberia,LIPQ,LEMD,IB1458,A321,145
Iberia,ENTC,LEMD,IB962,A321,255
Air Nostrum for Iberia,LIMF,LEMD,IB1248,CRJX,90
Air Nostrum for Iberia,LEVC,LEMD,IB1080,CRJX,60
Iberia,LIPZ,LEMD,IB678,"CRJX, A321",115
Iberia,LOWW,LEMD,IB792,A321,145
Iberia,LEVX,LEMD,IB466,"CRJX, A321",75
Iberia,KIAD,LEMD,IB362,A321,545
Iberia,LEMD,LEMD,IB940,A321,130
Iberia,LSZH,LEMD,IB628,A321,100
Air Nostrum for Iberia,LEAL,GMMW,IB2188,CRJX,80
Air Nostrum for Iberia,GMMW,LEAL,IB2189,CRJX,80
Air Nostrum for Iberia,LEBL,LEBZ,IB2334,CRJX,95
Air Nostrum for Iberia,LEBL,LPMA,IB2244,CRJX,180
Air Nostrum,LEBL,LOWG,YW2227,CRJX,100
Air Nostrum for Iberia,LEBL,LELN,IB2470,CRJX,85
Mel Air,LEBL,GEML,IB2250,CRJX,135
Air Nostrum for Iberia,LEBL,LEMH,IB2086,CRJX,35
Air Nostrum for Iberia,LEBL,LFST,IB2168,CRJX,110
Air Nostrum for Iberia,LEBZ,LEBL,IB2335,CRJX,95
Air Nostrum for Iberia,LPMA,LEBL,IB2245,CRJX,180
Air Nostrum,LOWG,LEBL,YW2228,CRJX,100
Air Nostrum for Iberia,LELN,LEBL,IB2471,CRJX,85
Mel Air,GEML,LEBL,IB2251,CRJX,135
Air Nostrum for Iberia,LEMH,LEBL,IB2087,CRJX,35
Air Nostrum for Iberia,LFST,LEBL,IB2169,CRJX,110
Air Nostrum for Iberia,LEBB,LPMA,IB2246,CRJX,160
Air Nostrum for Iberia,LEBB,LEST,IB2354,CRJX,65
Air Nostrum for Iberia,LPMA,LEBB,IB2247,CRJX,160
Air Nostrum for Iberia,LEST,LEBB,IB2355,CRJX,65
Air Nostrum for Iberia,LSGG,GMTN,YW5201,CRJX,125
Air Nostrum for Iberia,GMTN,LSGG,YW5202,CRJX,125
Air Nostrum for Iberia,LEIB,LEAL,IB2451,CRJX,50
Air Nostrum for Iberia,LEIB,LEAS,IB2652,CRJX,90
Air Nostrum for Iberia,LEIB,LEBZ,IB2612,CRJX,80
Air Nostrum for Iberia,LEIB,LSGG,IB2225,CRJX,105
Air Nostrum for Iberia,LEIB,LELN,IB2478,CRJX,90
Air Nostrum for Iberia,LEIB,LEDA,IB2320,CRJX,75
Air Nostrum for Iberia,LEIB,LEMG,IB2424,CRJX,75
Air Nostrum for Iberia,LEIB,LFML,IB2190,CRJX,80
Air Nostrum for Iberia,LEIB,LEMH,IB2540,CRJX,50
Air Nostrum for Iberia,LEIB,LFMN,IB2234,CRJX,95
Air Nostrum for Iberia,LEIB,LEPP,IB2603,CRJX,55
Air Nostrum for Iberia,LEIB,LEVC,IB2201,CRJX,45
Air Nostrum for Iberia,LEIB,LEVX,IB2342,CRJX,100
Air Nostrum for Iberia,LEIB,LEZG,IB2614,CRJX,40
Air Nostrum for Iberia,LEIB,LSZH,IB2227,CRJX,125
Air Nostrum for Iberia,LEAL,LEIB,IB2450,CRJX,50
Air Nostrum for Iberia,LEAS,LEIB,IB2621,CRJX,90
Air Nostrum for Iberia,LEBZ,LEIB,IB2613,CRJX,80
Air Nostrum for Iberia,LSGG,LEIB,IB2224,CRJX,105
Air Nostrum for Iberia,LELN,LEIB,IB2479,CRJX,90
Air Nostrum for Iberia,LEDA,LEIB,IB2321,CRJX,75
Air Nostrum for Iberia,LEMG,LEIB,IB2425,CRJX,75
Air Nostrum for Iberia,LFML,LEIB,IB2191,CRJX,80
Air Nostrum for Iberia,LEMH,LEIB,IB2541,CRJX,50
Air Nostrum for Iberia,LFMN,LEIB,IB2235,CRJX,95
Air Nostrum for Iberia,LEPP,LEIB,IB2604,CRJX,55
Air Nostrum for Iberia,LEVC,LEIB,IB2200,CRJX,45
Air Nostrum for Iberia,LEVX,LEIB,IB2343,CRJX,100
Air Nostrum for Iberia,LEZG,LEIB,IB2615,CRJX,40
Air Nostrum for Iberia,LSZH,LEIB,IB2226,CRJX,125
Air Nostrum for Iberia,GCRR,LEVD,IB2598,CRJX,130
Air Nostrum for Iberia,LEVD,GCRR,IB2599,CRJX,130
Air Nostrum,LELN,LPPR,IB2469,CRJX,45
Air Nostrum,LPPR,LELN,IB2468,CRJX,45
Air Nostrum for Iberia,GCLP,LEAL,IB2567,CRJX,155
Air Nostrum for Iberia,GCLP,LEBZ,IB2555,CRJX,145
Air Nostrum for Iberia,GCLP,LEBA,IB2588,CRJX,120
Air Nostrum for Iberia,GCLP,LELN,IB2578,CRJX,170
Mel Air,GCLP,GEML,IB2552,CRJX,120
Air Nostrum for Iberia,GCLP,LESA,IB2551,CRJX,160
Air Nostrum for Iberia,GCLP,LEST,IB2575,CRJX,160
Air Nostrum for Iberia,GCLP,LEVC,IB2559,CRJX,165
Air Nostrum for Iberia,GCLP,LEVD,IB2586,CRJX,155
Air Nostrum for Iberia,GCLP,LEVX,IB2347,CRJX,155
Air Nostrum for Iberia,GCLP,LEZG,IB2593,CRJX,145
Air Nostrum for Iberia,LEAL,GCLP,IB2566,CRJX,155
Air Nostrum for Iberia,LEBZ,GCLP,IB2554,CRJX,145
Air Nostrum for Iberia,LEBA,GCLP,IB2589,CRJX,120
Air Nostrum for Iberia,LELN,GCLP,IB2465,CRJX,170
Mel Air,GEML,GCLP,IB2553,CRJX,120
Air Nostrum for Iberia,LESA,GCLP,IB2550,CRJX,160
Air Nostrum for Iberia,LEST,GCLP,IB2574,CRJX,160
Air Nostrum for Iberia,LEVC,GCLP,IB2558,CRJX,165
Air Nostrum for Iberia,LEVD,GCLP,IB2587,CRJX,155
Air Nostrum for Iberia,LEVX,GCLP,IB2346,CRJX,155
Air Nostrum for Iberia,LEZG,GCLP,IB2592,CRJX,145
Air Nostrum for Iberia,LEMG,GMMN,IB2180,CRJX,100
Air Nostrum for Iberia,LEMG,LPMA,IB2248,CRJX,125
Air Nostrum for Iberia,LEMG,GCLA,IB2544,CRJX,130
Air Nostrum for Iberia,LEMG,GCRR,IB2594,CRJX,120
Air Nostrum for Iberia,LEMG,LELN,IB2472,CRJX,85
Mel Air,LEMG,GEML,IB2260,CRJX,55
Mel Air,LEMG,GMMW,IB2182,CRJX,100
Air Nostrum for Iberia,LEMG,LFMN,IB2232,CRJX,135
Mel Air,LEMG,GMTN,IB2178,CRJX,50
Air Nostrum for Iberia,GMMN,LEMG,IB2181,CRJX,100
Air Nostrum for Iberia,LPMA,LEMG,IB2249,CRJX,125
Air Nostrum for Iberia,GCLA,LEMG,IB2545,CRJX,130
Air Nostrum for Iberia,GCRR,LEMG,IB2595,CRJX,120
Air Nostrum for Iberia,LELN,LEMG,IB2473,CRJX,85
Mel Air,GEML,LEMG,IB2261,CRJX,55
Mel Air,GMMW,LEMG,IB2183,CRJX,100
Air Nostrum for Iberia,LFMN,LEMG,IB2233,CRJX,135
Mel Air,GMTN,LEMG,IB2179,CRJX,50
Air Nostrum for Iberia,GEML,LEAM,IB2255,CRJX,45
Air Nostrum for Iberia,GEML,LEAS,IB2280,CRJX,135
Air Nostrum for Iberia,GEML,LEGR,IB2289,CRJX,55
Mel Air,GEML,LEZL,IB2285,CRJX,70
Air Nostrum for Iberia,GEML,GCXO,IB2597,CRJX,210
Air Nostrum for Iberia,LEAM,GEML,IB2254,CRJX,45
Air Nostrum for Iberia,LEAS,GEML,IB2281,CRJX,135
Air Nostrum for Iberia,LEGR,GEML,IB2288,CRJX,55
Mel Air,LEZL,GEML,IB2256,CRJX,70
Air Nostrum for Iberia,GCXO,GEML,IB2596,CRJX,210
Air Nostrum,LEMH,LFLC,YW2371,CRJX,60
Air Nostrum,LEMH,LFBH,YW2361,CRJX,75
Air Nostrum for Iberia,LEMH,LELN,IB2474,CRJX,100
Air Nostrum for Iberia,LEMH,LEDA,IB2324,CRJX,65
Air Nostrum for Iberia,LEMH,LEVC,IB2441,CRJX,45
Air Nostrum for Iberia,LEMH,LEVX,IB2349,CRJX,120
Air Nostrum,LFLC,LEMH,YW2372,CRJX,60
Air Nostrum,LFBH,LEMH,YW2362,CRJX,75
Air Nostrum for Iberia,LELN,LEMH,IB2475,CRJX,100
Air Nostrum for Iberia,LEDA,LEMH,IB2325,CRJX,65
Air Nostrum for Iberia,LEVC,LEMH,IB2440,CRJX,45
Air Nostrum for Iberia,LEVX,LEMH,IB2348,CRJX,120
Air Nostrum for Iberia,LEPA,LEAL,IB2455,CRJX,35
Air Nostrum for Iberia,LEPA,LEAM,IB2410,CRJX,55
Air Nostrum for Iberia,LEPA,LESU,IB2328,CRJX,60
Air Nostrum for Iberia,LEPA,LEBZ,IB2408,CRJX,70
Air Nostrum,LEPA,LSZB,YW2271,CRJX,85
Air Nostrum,LEPA,LZIB,YW8141,CRJX,130
Air Nostrum for Iberia,LEPA,LEBG,IB2060,CRJX,70
Air Nostrum for Iberia,LEPA,LECH,IB2378,CRJX,55
Air Nostrum for Iberia,LEPA,LEBA,IB2446,CRJX,70
Air Nostrum for Iberia,LEPA,LEIB,IB2510,CRJX,30
Air Nostrum for Iberia,LEPA,LERJ,IB2218,CRJX,80
Air Nostrum for Iberia,LEPA,LELN,IB2462,CRJX,75
Air Nostrum for Iberia,LEPA,LEDA,IB2322,CRJX,45
Mel Air,LEPA,GEML,IB2258,CRJX,65
Air Nostrum for Iberia,LEPA,LEMH,IB2480,CRJX,30
Air Nostrum for Iberia,LEPA,LIME,YW2273,CRJX,75
Air Nostrum for Iberia,LEPA,LEMI,IB2620,CRJX,50
Air Nostrum for Iberia,LEPA,GMMW,IB2196,CRJX,70
Air Nostrum for Iberia,LEPA,LFMN,IB2228,CRJX,65
Air Nostrum for Iberia,LEPA,EDLP,YW2261,CRJX,120
Air Nostrum for Iberia,LEPA,LEPP,IB2418,CRJX,55
Air Nostrum for Iberia,LEPA,LFPG,YW2263,CRJX,90
Air Nostrum for Iberia,LEPA,LERS,IB2456,CRJX,55
Air Nostrum for Iberia,LEPA,LESA,IB2040,CRJX,65
Air Nostrum for Iberia,LEPA,LEXJ,IB2090,CRJX,85
Air Nostrum for Iberia,LEPA,LEVC,IB2400,CRJX,40
Air Nostrum for Iberia,LEPA,LEVD,IB2428,CRJX,90
Air Nostrum for Iberia,LEPA,LEVX,IB2340,CRJX,90
Air Nostrum for Iberia,LEPA,LEVT,IB2628,CRJX,65
Air Nostrum for Iberia,LEPA,LEZG,IB2630,CRJX,50
Air Nostrum,LEPA,LSZH,YW8173,CRJX,85
Air Nostrum,LSZH,ETNL,,CRJX,80
Air Nostrum for Iberia,LEAL,LEPA,IB2454,CRJX,35
Air Nostrum for Iberia,LEAM,LEPA,IB2411,CRJX,55
Air Nostrum for Iberia,LESU,LEPA,IB2329,CRJX,60
Air Nostrum for Iberia,LEBZ,LEPA,IB2409,CRJX,70
Air Nostrum,LSZB,LEPA,YW2272,CRJX,85
Air Nostrum,LZIB,LEPA,YW8142,CRJX,130
Air Nostrum for Iberia,LEBG,LEPA,IB2061,CRJX,70
Air Nostrum for Iberia,LECH,LEPA,IB2379,CRJX,55
Air Nostrum for Iberia,LEBA,LEPA,IB2447,CRJX,65
Air Nostrum for Iberia,LEIB,LEPA,IB2511,CRJX,30
Air Nostrum for Iberia,LERJ,LEPA,IB2219,CRJX,80
Air Nostrum for Iberia,LELN,LEPA,IB2463,CRJX,75
Air Nostrum for Iberia,LEDA,LEPA,IB2323,CRJX,45
Mel Air,GEML,LEPA,IB2259,CRJX,65
Air Nostrum for Iberia,LEMH,LEPA,IB2481,CRJX,30
Air Nostrum for Iberia,LIME,LEPA,YW2274,CRJX,75
Air Nostrum for Iberia,LEMI,LEPA,IB2621,CRJX,50
Air Nostrum for Iberia,GMMW,LEPA,IB2197,CRJX,70
Air Nostrum for Iberia,LFMN,LEPA,IB2229,CRJX,65
Air Nostrum for Iberia,EDLP,LEPA,YW2262,CRJX,120
Air Nostrum for Iberia,LEPP,LEPA,IB2419,CRJX,55
Air Nostrum for Iberia,LFPG,LEPA,YW2264,CRJX,90
Air Nostrum for Iberia,LERS,LEPA,IB2457,CRJX,55
Air Nostrum for Iberia,LESA,LEPA,IB2041,CRJX,65
Air Nostrum for Iberia,LEXJ,LEPA,IB2047,CRJX,85
Air Nostrum for Iberia,LEVC,LEPA,IB2401,CRJX,40
Air Nostrum for Iberia,LEVD,LEPA,IB2429,CRJX,90
Air Nostrum for Iberia,LEVX,LEPA,IB2341,CRJX,90
Air Nostrum for Iberia,LEVT,LEPA,IB2629,CRJX,65
Air Nostrum for Iberia,LEZG,LEPA,IB2631,CRJX,50
Air Nostrum,LSZH,LEPA,YW8174,CRJX,85
Air Nostrum,ETNL,LSZH,,CRJX,80
Air Nostrum for Iberia,LEXJ,LEGR,IB2308,CRJX,75
Air Nostrum for Iberia,LEXJ,LEJR,IB2306,CRJX,85
Air Nostrum for Iberia,LEGR,LEXJ,IB2309,CRJX,75
Air Nostrum for Iberia,LEJR,LEXJ,IB2307,CRJX,85
Air Nostrum for Iberia,LEST,GCFV,IB2057,CRJX,160
Air Nostrum for Iberia,LEST,LPMA,IB2238,CRJX,130
Air Nostrum for Iberia,LEST,GCLA,IB2546,CRJX,140
Air Nostrum,LEST,EDHL,YW5223,CRJX,150
Air Nostrum,EDHL,EFVA,YW5223,CRJX,100
Air Nostrum for Iberia,GCFV,LEST,IB2056,CRJX,140
Air Nostrum for Iberia,LPMA,LEST,IB2239,CRJX,130
Air Nostrum for Iberia,GCLA,LEST,IB2547,CRJX,140
Air Nostrum,EDHL,LEST,YW5224,CRJX,150
Air Nostrum,EFVA,EDHL,YW5224,CRJX,100
Mel Air,LEZL,LEAM,IB2301,CRJX,75
Air Nostrum for Iberia,LEZL,LECH,IB2378,CRJX,80
Air Nostrum for Iberia,LEZL,LPMA,IB2174,CRJX,100
Mel Air,LEAM,LEZL,IB2300,CRJX,75
Air Nostrum for Iberia,LECH,LEZL,IB2379,CRJX,80
Air Nostrum for Iberia,LPMA,LEZL,IB2175,CRJX,100
Air Nostrum for Iberia,GCXO,LEAL,IB2590,CRJX,145
Iberia Express,GCXO,LEAS,IB3612,A321,155
Air Nostrum for Iberia,GCXO,LEST,IB2561,CRJX,140
Air Nostrum for Iberia,GCXO,LEVC,IB2583,CRJX,150
Air Nostrum for Iberia,GCXO,LEVD,IB2571,CRJX,160
Air Nostrum for Iberia,GCXO,LEAL,IB2563,CRJX,145
Iberia Express,GCXO,LEAS,IB3613,A321,155
Air Nostrum for Iberia,GCXO,LEST,IB2560,CRJX,140
Air Nostrum for Iberia,GCXO,LEVC,IB2580,CRJX,150
Air Nostrum for Iberia,GCXO,LEVD,IB2570,CRJX,160
Air Nostrum,LYTV,LIBD,YW2233,CRJX,30
Air Nostrum,LIBD,LYTV,YW2234,CRJX,30
Air Nostrum for Iberia,LEVC,LEBL,IB2377,CRJX,40
Air Nostrum for Iberia,LEVC,LEBB,IB2312,CRJX,55
Air Nostrum for Iberia,LEVC,LPMA,IB2172,CRJX,150
Air Nostrum for Iberia,LEVC,GCRR,IB2565,CRJX,135
Air Nostrum for Iberia,LEVC,LEMG,IB2381,CRJX,55
Air Nostrum for Iberia,LEVC,LEZL,IB2394,CRJX,60
Air Nostrum for Iberia,LEVC,LEVX,IB2360,CRJX,70
Air Nostrum for Iberia,LEBL,LEVC,IB2376,CRJX,40
Air Nostrum for Iberia,LEBB,LEVC,IB2313,CRJX,55
Air Nostrum for Iberia,LPMA,LEVC,IB2173,CRJX,150
Air Nostrum for Iberia,GCRR,LEVC,IB2566,CRJX,135
Air Nostrum for Iberia,LEMG,LEVC,IB2380,CRJX,55
Air Nostrum for Iberia,LEZL,LEVC,IB2391,CRJX,60
Air Nostrum for Iberia,LEVX,LEVC,IB2361,CRJX,70
Air Nostrum for Iberia,LEVX,LEBB,IB2353,CRJX,70
Air Nostrum for Iberia,LEVX,GCRR,IB2549,CRJX,140
Air Nostrum for Iberia,LEVX,EGGW,IB2404,CRJX,105
Air Nostrum for Iberia,LEVX,LEXJ,IB2305,CRJX,60
Air Nostrum for Iberia,LEBB,LEVX,IB2352,CRJX,70
Air Nostrum for Iberia,GCRR,LEVX,IB2548,CRJX,140
Air Nostrum for Iberia,EGGW,LEVX,IB2405,CRJX,105
Air Nostrum for Iberia,LEXJ,LEVX,IB2304,CRJX,60
Iberia,LEMD,DIAP,IB961,"DC10 (Generic), B742",290
Iberia,DIAP,FOOL,IB961,"DC10 (Generic), B742",125
Iberia,LEMD,DGAA,IB3730,A321,315
Air Nostrum for Iberia,LEMD,DAUA,YW5755,CRJX,120
Iberia,LEMD,UAAA,IB1401,A359,430
Iberia,LEMD,PANC,IB995,B742,625
Iberia,PANC,RJAA,IB995,B742,440
Iberia,LEMD,SGAS,IB991,B742,685
Iberia,LEMD,VTBD,IB882,B742,745
Iberia,VTBD,VHHX,IB882,B742,155
Iberia,VTBD,RJAA,IB882,B742,415
Iberia,LEMD,VTBS,IB2835,A333,650
Iberia,LEMD,LEBL,IB2830,A321,55
Iberia,LEBL,ENVA,IB2830,A321,195
Iberia,LEMD,LFSB,IB3260,A321,100
Iberia Express,LEMD,EDDT,IB3672,A321,145
Iberia Express,LEMD,EGBB,IB3708,A321,110
Iberia,LEMD,SKBO,IB987,"A346 (Generic), B742",635
Iberia,SKBO,SLLP,,B742,185
Iberia,LEMD,KBOS,IB6165,B742,470
Iberia Express,LEMD,LROP,IB3656,A321,190
Iberia,LEMD,LRBS,IB2810,A321,190
Iberia,LEMD,SAEZ,IB6845,"A346 (Generic), B742",740
Iberia,LEMD,SKCL,IB6603,A333,670
Iberia,LEMD,MMUN,IB2840,A333,600
Iberia,LEMD,SVMI,IB6673,"A346 (Generic), B742",510
Iberia Express,LEMD,EGFF,IB3686,A321,100
Iberia,LEMD,KORD,IB6275,B742,580
Iberia,LEMD,LICB,IB2912,A321,135
Iberia,LEMD,SACO,IB6849,A333,750
Iberia Express,LEMD,EICK,IB3638,A321,110
Iberia,LEMD,GOBD,IB3328,A333,265
Iberia,LEMD,OTHH,IB2812,A359,380
Iberia,OTHH,YSSY,IB2812,A359,870
Iberia,LEMD,OMDW,IB2841,A333,425
Iberia,LEMD,EDDE,IB2800,A333,130
Iberia,LEMD,SBFZ,IB6031,A333,460
Iberia,SBFZ,SBRF,IB6031,A333,65
Iberia,LEMD,LXGB,IB3180,A321,55
Iberia,LEMD,LEGE,IB1401,A321,60
Iberia,LEMD,MMGL,IB6409,A333,695
Iberia,MMGL,MMMX,IB6409,A333,50
Iberia,LEMD,MGGT,IB6341,B742,680
Iberia,MGGT,MSLP,IB6341,B742,45
Iberia,LEMD,ZSHC,IB2831,"A333, A346 (Generic)",775
Iberia,LEMD,MUHA,IB6621,B742,635
Iberia Express,LEMD,LGIR,IB3786,A321,195
Iberia,LEMD,LEHC,IB2800,A321,40
Iberia,LEMD,OEJN,IB768,B742,335
Iberia,LEMD,FAOR,IB6051,"A333, B742",600
Iberia,LEMD,EPKT,IB2816,A321,165
Iberia,LEMD,EYKA,IB2804,A321,205
Iberia Express,LEMD,LGKF,IB3686,A321,165
Iberia,LEMD,UKHH,IB2800,A321,250
Iberia,LEMD,FZAA,IB967,"DC10 (Generic), B742",400
Iberia,FZAA,FAOR,IB967,"DC10 (Generic), B742",210
Iberia,LEMD,LOWK,IB2800,A321,130
Iberia,LEMD,LTAN,IB1415,A333,220
Iberia Express,LEMD,EPKK,IB3666,A321,170
Iberia,LEMD,OKKK,IB356,B742,360
Iberia,LEMD,DNMM,IB961,B742,295
Iberia,LEMD,GCLP,IB963,A321,140
Iberia,GCLP,DIAP,IB963,A321,220
Iberia,DIAP,FZAA,IB963,A321,190
Iberia,LEMD,KLAS,IB2831,A333,670
Iberia,LEMD,SPJC,IB6659,B742,710
Iberia,LEMD,LOWL,IB2878,A321,135
Iberia,LEMD,EGGP,IB1400,A333,125
Iberia,LEMD,LEDA,IB2830,A321,50
Iberia,LEDA,URKK,IB2830,A321,245
Iberia,LEMD,EGGW,IB2800,A321,115
Iberia,LEMD,EGSS,IB3494,A321,115
Iberia,LEMD,KLAX,IB6171,B742,755
Iberia,LEMD,FNLU,IB6321,A333,440
Iberia,LEMD,HELX,IB2874,A321,290
Iberia Express,LEMD,LFLL,IB3732,A321,80
Iberia,LEMD,FGSL,IB3326,A321,325
Iberia,LEMD,VRMM,IB6791,A333,640
Iberia Express,LEMD,LMML,IB3646,A321,135
Iberia,LEMD,RPLL,IB2831,A359,870
Iberia,LEMD,LJMB,IB2810,A321,140
Iberia,LEMD,SKRG,IB6589,"A333, B742",635
Iberia,LEMD,MMMX,IB6405,B742,690
Iberia,LEMD,KMIA,IB6117,B742,600
Iberia,LEMD,UMMS,IB2814,A321,215
Iberia,LEMD,SUMU,IB6011,B742,750
Iberia,LEMD,CYMX,IB971,B742,445
Iberia,LEMD,CYUL,IB2807,A346 (Generic),435
Iberia,LEMD,UUDD,IB3810,A321,265
Iberia,LEMD,UUEE,IB6711,B742,265
Iberia,UUEE,RJAA,IB6711,B742,560
Iberia,LEMD,VABB,IB882,B742,555
Iberia,LEMD,EDDG,IB2810,A321,130
Iberia,LEMD,HKJK,IB967,B742,460
Air Nostrum for Iberia,LEMD,GMMW,IB8170,CRJX,100
Iberia,LEMD,KEWR,IB1401,A359,490
Iberia,LEMD,KJFK,IB6251,B742,480
Iberia,LEMD,UWGG,IB2870,A321,295
Air Nostrum for Iberia,LEMD,DAOO,IB8812,CRJX,60
Iberia,LEMD,EBOS,IB2800,A321,110
Iberia,LEMD,LKMT,IB2812,A321,155
Iberia,LEMD,MPTO,IB6339,B742,645
Iberia,LEMD,LFPG,IB2826,A333,90
Iberia,LFPG,BGSF,IB2826,A333,275
Iberia,LEMD,BKPR,IB2810,A321,165
Iberia,LEMD,GMME,IB2802,A333,75
Iberia Express,LEMD,LFRN,IB3650,A321,75
Iberia,LEMD,LERS,IB52,CRJX (in place of DC93),45
Iberia,LEMD,SBGL,IB993,"DC10 (Generic), B742",630
Iberia,SBGL,SBKP,IB993,"DC10 (Generic), B742",50
iberia,LEMD,EHRD,IB1413,A321,105
Iberia,LEMD,LFRT,IB1401,A321,100
Iberia,LEMD,KSFO,IB6175,B742,750
Iberia,LEMD,MROC,IB6317,B742,680
Iberia,LEMD,TJSJ,IB6301,B742,510
Iberia,LEMD,MHLM,IB6133,"A346 (Generic), B742",620
Air Nostrum for Iberia,LEMD,LESO,IB8834,CRJX,50
Iberia,LEMD,SCEL,IB6833,B742,840
Iberia,LEMD,MDSD,IB979,"DC10 (Generic), B742",540
Iberia,MDSD,MNMG,IB979,"DC10 (Generic), B742",150
Iberia,LEMD,SBGR,IB6827,B742,630
Iberia,LEMD,RKSI,IB7100,B742,745
Iberia,LEMD,ZSPD,IB6889,A333,750
Iberia,LEMD,ZGSZ,IB2841,A346 (Generic),790
Iberia Express,LEMD,ULLI,IB3780,A321,245
Iberia,LEMD,EETN,IB2800,A346 (Generic),220
Iberia,LEMD,UGTB,IB2830,"A321, A359",305
Iberia,LEMD,OIII,IB358,B742,360
Iberia,LEMD,LLBG,IB3980,A321,275
Iberia,LEMD,DTTA,IB3708,A321,100
Iberia,LEMD,SLVR,IB2841,A333,675
Iberia,LEMD,LEVT,IB852,CRJX (in place of DC93),40
Iberia,LEMD,KPBI,IB1401,A359,510
Iberia Express,LEMD,LDZD,IB3680,A321,130
Iberia,LEMD,LEZG,IB56,CRJX (in place of DC93),40
Iberia,DIAP,LEMD,IB960,"DC10 (Generic), B742",290
Iberia,FOOL,LEMD,IB960,"DC10 (Generic), B742",125
Iberia,DGAA,LEMD,IB3731,A321,315
Air Nostrum for Iberia,DAUA,LEMD,YW5756,CRJX,120
Iberia,UAAA,LEMD,IB1400,A359,545
Iberia,PANC,LEMD,IB994,B742,625
Iberia,RJAA,PANC,IB994,B742,440
Iberia,SGAS,LEMD,IB990,B742,685
Iberia,VTBD,LEMD,IB883,B742,745
Iberia,VHHX,VTBD,IB883,B742,155
Iberia,RJAA,VTBD,IB883,B742,415
Iberia,VTBS,LEMD,IB2834,A333,785
Iberia,LEBL,LEMD,IB2831,A321,55
Iberia,ENVA,LEBL,IB2831,A321,195
Iberia,LFSB,LEMD,IB3261,A321,100
Iberia Express,EDDT,LEMD,IB3673,A321,145
Iberia Express,EGBB,LEMD,IB3709,A321,110
Iberia,SKBO,LEMD,IB988,"A346 (Generic), B742",635
Iberia,SLLP,SKBO,,B742,185
Iberia,LEMD,KBOS,IB6166,B742,470
Iberia Express,LROP,LEMD,IB3657,A321,190
Iberia,LRBS,LEMD,IB2811,A321,190
Iberia,SAEZ,LEMD,IB6856,"A346 (Generic), B742",740
Iberia,SKCL,LEMD,IB6604,A333,610
Iberia,MMUN,LEMD,IB2841,A333,600
Iberia,SVMI,LEMD,IB6674,"A346 (Generic), B742",510
Iberia Express,EGFF,LEMD,IB3687,A321,100
Iberia,KORD,LEMD,IB6276,B742,580
Iberia,LICB,LEMD,IB2913,A321,135
Iberia,SACO,LEMD,IB6848,A333,750
Iberia Express,EICK,LEMD,IB3639,A321,110
Iberia,GOBD,LEMD,IB3329,A333,265
Iberia,OTHH,LEMD,IB2813,A359,380
Iberia,YSSY,OTHH,IB2813,A359,870
Iberia,OMDW,LEMD,IB2840,A333,425
Iberia,MSLP,LEMD,IB6342,B742,720
Iberia,EDDE,LEMD,IB2801,A333,130
Iberia,SBFZ,LEMD,IB6030,A333,460
Iberia,SBRF,SBFZ,IB6030,A333,65
Iberia,LXGB,LEMD,IB3181,A321,55
Iberia,LEGE,LEMD,IB1400,A321,60
Iberia,ZSHC,LEMD,IB2830,"A333, A346 (Generic)",775
Iberia,LEMD,MUHA,IB6622,B742,635
Iberia Express,LGIR,LEMD,IB3787,A321,195
Iberia,LEHC,LEMD,IB2801,A321,40
Iberia,OEJN,LEMD,IB769,B742,335
Iberia,FAOR,LEMD,IB6052,"A333, B742",600
Iberia,EPKT,LEMD,IB2817,A321,165
Iberia,EYKA,LEMD,IB2805,A321,205
Iberia Express,LGKF,LEMD,IB3687,A321,165
Iberia,UKHH,LEMD,IB2801,A321,250
Iberia,FZAA,LEMD,IB966,"DC10 (Generic), B742",400
Iberia,FAOR,FZAA,IB966,"DC10 (Generic), B742",210
Iberia,LOWK,LEMD,IB2801,A321,130
Iberia,LTAN,LEMD,IB1414,A333,250
Iberia Express,EPKK,LEMD,IB3667,A321,170
Iberia,OKKK,LEMD,IB357,B742,360
Iberia,DNMM,LEMD,IB960,B742,295
Iberia,GCLP,LEMD,IB962,A321,140
Iberia,DIAP,GCLP,IB962,A321,220
Iberia,FZAA,DIAP,IB962,A321,190
Iberia,KLAS,LEMD,IB2830,A333,670
Iberia,SPJC,LEMD,IB6660,B742,710
Iberia,LOWL,LEMD,IB2879,A321,135
Iberia,EGGW,LEMD,IB2801,A321,115
Iberia,EGSS,LEMD,IB3495,A321,115
Iberia,EGGP,LEMD,IB1401,A333,125
Iberia,LEDA,LEMD,IB2831,A321,50
Iberia,URKK,LEDA,IB2831,A321,245
Iberia,KLAX,LEMD,IB6172,B742,755
Iberia,FNLU,LEMD,IB6322,A333,440
Iberia,HELX,LEMD,IB2875,A321,290
Iberia Express,LFLL,LEMD,IB3733,A321,80
Iberia,FGSL,LEMD,IB3327,A321,325
Iberia,VRMM,LEMD,IB6790,A333,660
Iberia Express,LMML,LEMD,IB3647,A321,135
Iberia,RPLL,LEMD,IB2830,A359,870
Iberia,LJMB,LEMD,IB2811,A321,140
Iberia,SKRG,LEMD,IB6582,"A333, B742",635
Iberia,MMMX,LEMD,IB6400,B742,690
Iberia,KMIA,LEMD,IB6118,B742,600
Iberia,UMMS,LEMD,IB2815,A321,215
Iberia,SUMU,LEMD,IB6012,B742,750
Iberia,CYMX,LEMD,IB970,B742,420
Iberia,CYUL,LEMD,IB2806,A346 (Generic),375
Iberia,UUDD,LEMD,IB3811,A321,265
Iberia,UUEE,LEMD,IB6710,B742,265
Iberia,RJAA,UUEE,IB6710,B742,560
Iberia,VABB,LEMD,IB883,B742,555
Iberia,EDDG,LEMD,IB2811,A321,130
Iberia,HKJK,LEMD,IB966,B742,460
Air Nostrum for Iberia,GMMW,LEMD,IB8171,CRJX,100
Iberia,KEWR,LEMD,IB1400,A359,490
Iberia,KJFK,LEMD,IB6252,B742,480
Iberia,UWGG,LEMD,IB2871,A321,295
Air Nostrum for Iberia,DAOO,LEMD,IB8813,CRJX,60
Iberia,EBOS,LEMD,IB2801,A321,110
Iberia,LKMT,LEMD,IB2813,A321,155
Iberia,MPTO,LEMD,IB6340,B742,645
Iberia,LFPG,LEMD,IB2827,A333,90
Iberia,BGSF,LFPG,IB2827,A333,275
Iberia,BKPR,LEMD,IB2811,A321,165
Iberia,GMME,LEMD,IB2803,A333,75
Iberia Express,LFRN,LEMD,IB3651,A321,75
Iberia,LERS,LEMD,IB53,CRJX (in place of DC93),45
Iberia,SBGL,LEMD,IB992,"DC10 (Generic), B742",630
Iberia,SBKP,SBGL,IB992,"DC10 (Generic), B742",50
Iberia,EHRD,LEMD,IB1412,A321,105
Iberia,LFRT,LEMD,IB1400,A321,100
Iberia,KSFO,LEMD,IB6176,B742,750
Iberia,MROC,LEMD,IB6318,B742,680
Iberia,TJSJ,LEMD,IB6302,B742,510
Iberia,MHLM,LEMD,IB6134,"A346 (Generic), B742",620
Air Nostrum for Iberia,LESO,LEMD,IB8831,CRJX,50
Iberia,SCEL,LEMD,IB6834,B742,840
Iberia,MDSD,LEMD,IB978,"DC10 (Generic), B742",540
Iberia,MNMG,MDSD,IB978,"DC10 (Generic), B742",150
Iberia,SBGR,LEMD,IB6828,B742,630
Iberia,RKSI,LEMD,IB7101,B742,770
Iberia,ZSPD,LEMD,IB6888,A333,780
Iberia,ZGSZ,LEMD,IB2840,A346 (Generic),790
Iberia Express,ULLI,LEMD,IB3781,A321,245
Iberia,EETN,LEMD,IB2801,A346 (Generic),220
Iberia,UGTB,LEMD,IB2831,"A321, A359",305
Iberia,OIII,LEMD,IB359,B742,360
Iberia,LLBG,LEMD,IB3981,A321,275
Iberia,DTTA,LEMD,IB3709,A321,100
Iberia,SLVR,LEMD,IB2840,A333,675
Iberia,LEVT,LEMD,IB853,CRJX (in place of DC93),40
Iberia,KPBI,LEMD,IB1400,A359,510
Iberia Express,LDZD,LEMD,IB3681,A321,130
Iberia,LEZG,LEMD,IB57,CRJX (in place of DC93),40
Vueling,DAAG,LFML,VY7990,A320,70
Vueling,LFML,DAAG,VY7991,A320,70
Vueling,LEAL,DAAG,VY7396,A320,55
Vueling,LEAL,EHAM,VY1377,A320,165
Vueling,LEAL,LEBB,VY1451,A320,60
Vueling,LEAL,EBBR,VY1332,A320,120
Vueling,LEAL,EGFF,VY1241,A320,140
Vueling,LEAL,LEIB,VY1354,A320,45
Vueling,LEAL,GCLP,VY3200,A320,140
Vueling,LEAL,DAOO,VY7392,A320,45
Vueling,LEAL,LEPA,VY3934,A320,45
Vueling,LEAL,LFPG,VY8255,A320,100
Vueling,LEAL,LFPO,VY8325,"A320, A321",95
Vueling,LEAL,GCXO,VY3118,A320,145
Vueling,DAAG,LEAL,VY7397,A320,55
Vueling,EHAM,LEAL,VY1376,A320,165
Vueling,LEBB,LEAL,VY1450,A320,60
Vueling,EBBR,LEAL,VY1333,A320,120
Vueling,EGFF,LEAL,VY1240,A320,140
Vueling,LEIB,LEAL,VY1353,A320,45
Vueling,GCLP,LEAL,VY3201,A320,140
Vueling,DAOO,LEAL,VY7393,A320,45
Vueling,LEPA,LEAL,VY3935,A320,45
Vueling,LFPG,LEAL,VY8254,A320,100
Vueling,LFPO,LEAL,VY8324,"A320, A321",95
Vueling,GCXO,LEAL,VY3119,A320,145
Vueling,EHAM,LEAS,VY8368,A320,140
Vueling,EHAM,LEBB,VY8355,A320,130
Vueling,EHAM,LIRQ,VY6815,A320,120
Vueling,EHAM,LEIB,VY3323,A320,160
Vueling,EHAM,LEMG,VY8364,A320,185
Vueling,EHAM,LEPA,VY2902,A320,155
Vueling,EHAM,LEST,VY8379,A320,150
Vueling,EHAM,LEVC,VY8352,A320,150
Vueling,LEAS,EHAM,VY8369,A320,140
Vueling,LEBB,EHAM,VY8354,A320,130
Vueling,LIRQ,EHAM,VY6814,A320,120
Vueling,LEIB,EHAM,VY3322,A320,160
Vueling,LEMG,EHAM,VY8365,A320,185
Vueling,LEPA,EHAM,VY2901,A320,155
Vueling,LEST,EHAM,VY8378,A320,150
Vueling,LEVC,EHAM,VY8353,A320,150
Vueling,LEBL,LECO,VY1290,A320,75
Vueling,LEBL,DAAG,VY7476,A320,60
Vueling,LEBL,LEAL,VY1310,A320,50
Vueling,LEBL,LEAM,VY1340,A320,65
Vueling,LEBL,EHAM,VY8300,"A320, A321",105
Vueling,LEBL,LEAS,VY1570,"A320, A321",70
Vueling,LEBL,LGAV,VY8100,"A320, A321",150
Vueling,LEBL,GBYD,VY7574,A320,275
Vueling,LEBL,LIBD,VY6612,A320,100
Vueling,LEBL,LFSB,VY6260,A320,75
Vueling,LEBL,OLBA,VY7620,A321,235
Vueling,LEBL,ENBR,VY1876,A320,170
Vueling,LEBL,EDDB,VY1882,"A320, A321",125
Vueling,LEBL,LEBB,VY1420,"A320, A321",55
Vueling,LEBL,EGBB,VY8754,A320,105
Vueling,LEBL,LIPE,VY6522,A320,75
Vueling,LEBL,LFBD,VY2912,A320,50
Vueling,LEBL,EBBR,VY8980,"A320, A321",95
Vueling,LEBL,LIEE,VY6164,A320,60
Vueling,LEBL,HECA,VY7894,"A320, A321",225
Vueling,LEBL,LICC,VY6534,"A320, A321",95
Vueling,LEBL,EKCH,VY1872,A320,150
Vueling,LEBL,LEBA,VY1642,A320,80
Vueling,LEBL,GOBD,VY7886,A320,270
Vueling,LEBL,EIDW,VY8720,"A320, A321",125
Vueling,LEBL,LDDU,VY7720,A320,115
Vueling,LEBL,EDDL,VY1896,"A320, A321",100
Vueling,LEBL,EGPH,VY7846,A320,140
Vueling,LEBL,GMMI,VY7338,A320,165
Vueling,LEBL,LPFR,VY8482,A320,90
Vueling,LEBL,LIRQ,VY6001,A320,75
Vueling,LEBL,GCFV,VY3014,"A320, A321",165
Vueling,LEBL,LSGG,VY6201,A320,60
Vueling,LEBL,LIMJ,VY6005,A320,65
Vueling,LEBL,LEGR,VY2014,"A320, A321",65
Vueling,LEBL,EDDH,VY1820,A320,125
Vueling,LEBL,EDDV,VY1890,A320,120
Vueling,LEBL,EFHK,VY1268,A320,210
Vueling,LEBL,LGIR,VY2350,A320,175
Vueling,LEBL,LEIB,VY3500,"A320, A321",40
Vueling,LEBL,LTFM,VY7850,A320,195
Vueling,LEBL,LEJR,VY2286,"A320, A321",80
Vueling,LEBL,GCLA,VY3248,A320,185
Vueling,LEBL,GCRR,VY2472,"A320, A321",160
Vueling,LEBL,GCLP,VY3000,"A320, A321",175
Vueling,LEBL,LPPT,VY8464,"A320, A321",90
Vueling,LEBL,EGKK,VY7525,"A320, A321",100
Vueling,LEBL,EGLL,VY6650,"A320, A321",105
Vueling,LEBL,HELX,VY7872,"A320, A321",255
Vueling,LEBL,LFLL,VY1218,"A320, A321",60
Vueling,LEBL,LEMG,VY2113,"A320, A321",75
Vueling,LEBL,LMML,VY8740,A320,105
Vueling,LEBL,EGCC,VY8750,"A320, A321",120
Vueling,LEBL,GMMX,VY7330,A320,120
Vueling,LEBL,LFML,VY1508,A320,45
Vueling,LEBL,LEMH,VY3700,"A320, A321",35
Vueling,LEBL,LIMC,VY6330,"A320, A321",75
Vueling,LEBL,EDDM,VY1812,"A320, A321",95
Vueling,LEBL,LGMK,VY2570,A320,165
Vueling,LEBL,LFRS,VY2972,A320,70
Vueling,LEBL,LIRN,VY6500,"A320, A321",95
Vueling,LEBL,LFMN,VY1515,A320,55
Vueling,LEBL,EDDN,VY2468,"A320, A321",100
Vueling,LEBL,LIEO,VY6142,A320,65
Vueling,LEBL,ENGM,VY8538,A320,180
Vueling,LEBL,LICJ,VY6600,A320,90
Vueling,LEBL,LEPA,VY3900,"A320, A321",35
Vueling,LEBL,LFPG,VY8242,"A320, A321",80
Vueling,LEBL,LFPO,VY8012,"A320, A321",75
Vueling,LEBL,LPPR,VY8476,"A320, A321",80
Vueling,LEBL,LKPR,VY8652,"A320, A321",115
Vueling,LEBL,BIKF,VY8560,A320,235
Vueling,LEBL,LIPR,VY6620,A320,100
Vueling,LEBL,LIRF,VY6100,"A320, A321",80
Vueling,LEBL,EFRO,VY7698,A320,255
Vueling,LEBL,GVAC,VY7898,A320,280
Vueling,LEBL,LIRI,VY8358,A320,105
Vueling,LEBL,LESO,VY2484,A320,50
Vueling,LEBL,LEXJ,VY1590,"A320, A321",60
Vueling,LEBL,LEST,VY1673,"A320, A321",80
Vueling,LEBL,LGSR,VY2590,A320,170
Vueling,LEBL,LEZL,VY2221,"A320, A321",75
Vueling,LEBL,LDSP,VY2476,"A320, A321",105
Vueling,LEBL,ESSA,VY1265,A320,190
Vueling,LEBL,EDDS,VY1866,A320,90
Vueling,LEBL,GMTT,VY7364,"A320, A321",85
Vueling,LEBL,LLBG,VY7844,A320,245
Vueling,LEBL,GCXO,VY3208,"A320, A321",180
Vueling,LEBL,GCTS,VY3220,A320,185
Vueling,LEBL,LATI,VY8850,A320,150
Vueling,LEBL,LYTV,VY8432,A320,140
Vueling,LEBL,ENTC,VY8540,A320,260
Vueling,LEBL,DTTA,VY7712,A320,80
Vueling,LEBL,LIMF,VY6514,A320,65
Vueling,LEBL,LEVC,VY1316,A320,40
Vueling,LEBL,LIPZ,VY6402,"A320, A321",90
Vueling,LEBL,LOWW,VY8714,"A320, A321",115
Vueling,LEBL,LEVX,VY1702,"A320, A321",80
Vueling,LEBL,LSZH,VY6246,"A320, A321",80
Vueling,LECO,LEBL,VY1291,A320,75
Vueling,DAAG,LEBL,VY7477,A320,60
Vueling,LEAL,LEBL,VY1311,A320,50
Vueling,LEAM,LEBL,VY1252,A320,65
Vueling,EHAM,LEBL,VY8301,"A320, A321",105
Vueling,LEAS,LEBL,VY1571,"A320, A321",70
Vueling,LGAV,LEBL,VY8101,"A320, A321",150
Vueling,GBYD,LEBL,VY7575,A320,275
Vueling,LIBD,LEBL,VY6613,A320,100
Vueling,LFSB,LEBL,VY6261,A320,75
Vueling,OLBA,LEBL,VY7621,A321,235
Vueling,ENBR,LEBL,VY1877,A320,170
Vueling,EDDB,LEBL,VY1883,"A320, A321",125
Vueling,LEBB,LEBL,VY1421,"A320, A321",55
Vueling,EGBB,LEBL,VY8755,A320,105
Vueling,LIPE,LEBL,VY6523,A320,75
Vueling,LFBD,LEBL,VY2913,A320,50
Vueling,EBBR,LEBL,VY8981,"A320, A321",95
Vueling,LIEE,LEBL,VY6165,A320,60
Vueling,HECA,LEBL,VY7895,"A320, A321",225
Vueling,LICC,LEBL,VY6535,"A320, A321",95
Vueling,EKCH,LEBL,VY1873,A320,150
Vueling,LEBA,LEBL,VY1643,A320,80
Vueling,GOBD,LEBL,VY7887,A320,270
Vueling,EIDW,LEBL,VY8721,"A320, A321",125
Vueling,LDDU,LEBL,VY7721,A320,115
Vueling,EDDL,LEBL,VY1897,"A320, A321",100
Vueling,EGPH,LEBL,VY7847,A320,140
Vueling,GMMI,LEBL,VY7339,A320,165
Vueling,LPFR,LEBL,VY8483,A320,90
Vueling,LIRQ,LEBL,VY6002,A320,75
Vueling,GCFV,LEBL,VY3015,"A320, A321",165
Vueling,LSGG,LEBL,VY6202,A320,60
Vueling,LIMJ,LEBL,VY6006,A320,65
Vueling,LEGR,LEBL,VY2015,"A320, A321",65
Vueling,EDDH,LEBL,VY1821,A320,125
Vueling,EDDV,LEBL,VY1891,A320,120
Vueling,EFHK,LEBL,VY1269,A320,210
Vueling,LGIR,LEBL,VY2351,A320,175
Vueling,LEIB,LEBL,VY3501,"A320, A321",40
Vueling,LTFM,LEBL,VY7851,A320,195
Vueling,LEJR,LEBL,VY2287,"A320, A321",80
Vueling,GCLA,LEBL,VY3249,A320,185
Vueling,GCRR,LEBL,VY2473,"A320, A321",160
Vueling,GCLP,LEBL,VY3001,"A320, A321",175
Vueling,LPPT,LEBL,VY8465,"A320, A321",90
Vueling,EGKK,LEBL,VY7524,"A320, A321",100
Vueling,EGLL,LEBL,VY6651,"A320, A321",105
Vueling,HELX,LEBL,VY7873,"A320, A321",255
Vueling,LFLL,LEBL,VY1219,"A320, A321",60
Vueling,LEMG,LEBL,VY2114,"A320, A321",75
Vueling,LMML,LEBL,VY8741,A320,105
Vueling,EGCC,LEBL,VY8751,"A320, A321",120
Vueling,GMMX,LEBL,VY7331,A320,120
Vueling,LFML,LEBL,VY1509,A320,45
Vueling,LEMH,LEBL,VY3701,"A320, A321",35
Vueling,LIMC,LEBL,VY6331,"A320, A321",75
Vueling,EDDM,LEBL,VY1813,"A320, A321",95
Vueling,LGMK,LEBL,VY2571,A320,165
Vueling,LFRS,LEBL,VY2973,A320,70
Vueling,LIRN,LEBL,VY6501,"A320, A321",95
Vueling,LFMN,LEBL,VY1516,A320,55
Vueling,EDDN,LEBL,VY2469,"A320, A321",100
Vueling,LIEO,LEBL,VY6143,A320,65
Vueling,ENGM,LEBL,VY8539,A320,180
Vueling,LICJ,LEBL,VY6601,A320,90
Vueling,LEPA,LEBL,VY3901,"A320, A321",35
Vueling,LFPG,LEBL,VY8243,"A320, A321",80
Vueling,LFPO,LEBL,VY8013,"A320, A321",75
Vueling,LPPR,LEBL,VY8477,"A320, A321",80
Vueling,LKPR,LEBL,VY8653,"A320, A321",115
Vueling,BIKF,LEBL,VY8561,A320,235
Vueling,LIPR,LEBL,VY6621,A320,100
Vueling,LIRF,LEBL,VY6101,"A320, A321",80
Vueling,EFRO,LEBL,VY7699,A320,255
Vueling,GVAC,LEBL,VY7899,A320,280
Vueling,LIRI,LEBL,VY8359,A320,105
Vueling,LESO,LEBL,VY2485,A320,50
Vueling,LEXJ,LEBL,VY1591,"A320, A321",60
Vueling,LEST,LEBL,VY1672,"A320, A321",80
Vueling,LGSR,LEBL,VY2591,A320,170
Vueling,LEZL,LEBL,VY2222,"A320, A321",75
Vueling,LDSP,LEBL,VY2477,"A320, A321",105
Vueling,ESSA,LEBL,VY1266,A320,190
Vueling,EDDS,LEBL,VY1867,A320,90
Vueling,GMTT,LEBL,VY7365,"A320, A321",85
Vueling,LLBG,LEBL,VY7845,A320,245
Vueling,GCXO,LEBL,VY3209,"A320, A321",180
Vueling,GCTS,LEBL,VY3221,A320,185
Vueling,LATI,LEBL,VY8851,A320,150
Vueling,LYTV,LEBL,VY8433,A320,140
Vueling,ENTC,LEBL,VY8541,A320,260
Vueling,DTTA,LEBL,VY7713,A320,80
Vueling,LIMF,LEBL,VY6514,A320,65
Vueling,LEVC,LEBL,VY1317,A320,40
Vueling,LIPZ,LEBL,VY6403,"A320, A321",90
Vueling,LOWW,LEBL,VY8715,"A320, A321",115
Vueling,LEVX,LEBL,VY1703,"A320, A321",80
Vueling,LSZH,LEBL,VY6247,"A320, A321",80
Vueling,LEBB,EBBR,VY1470,A320,95
Vueling,LEBB,GCFV,VY3284,A320,145
Vueling,LEBB,LEGR,VY2618,A320,65
Vueling,LEBB,LEIB,VY3976,A320,65
Vueling,LEBB,LEJR,VY2614,A320,75
Vueling,LEBB,GCRR,VY3280,A320,150
Vueling,LEBB,GCLP,VY3270,A320,160
Vueling,LEBB,LPPT,VY2700,A320,70
Vueling,LEBB,EGLL,VY6310,A320,110
Vueling,LEBB,LEMG,VY2607,A320,70
Vueling,LEBB,LMML,VY3290,A320,140
Vueling,LEBB,GMMX,VY8510,A320,130
Vueling,LEBB,LEMH,VY3800,A320,70
Vueling,LEBB,LIMC,VY1454,A320,80
Vueling,LEBB,LEPA,VY3932,A320,65
Vueling,LEBB,LPPR,VY2702,A320,60
Vueling,LEBB,LKPR,VY3296,A320,125
Vueling,LEBB,LIRF,VY3970,A320,110
Vueling,LEBB,LEST,VY1386,A320,55
Vueling,LEBB,LEZL,VY2508,A320,70
Vueling,LEBB,GCXO,VY3260,A320,160
Vueling,LEBB,LEVC,VY3968,A320,55
Vueling,EBBR,LEBB,VY1471,A320,95
Vueling,GCFV,LEBB,VY3285,A320,145
Vueling,LEGR,LEBB,VY2619,A320,65
Vueling,LEIB,LEBB,VY3977,A320,65
Vueling,LEJR,LEBB,VY2615,A320,75
Vueling,GCRR,LEBB,VY3281,A320,150
Vueling,GCLP,LEBB,VY3271,A320,160
Vueling,LPPT,LEBB,VY2701,A320,70
Vueling,EGLL,LEBB,VY6311,A320,110
Vueling,LEMG,LEBB,VY2608,A320,70
Vueling,LMML,LEBB,VY3291,A320,140
Vueling,GMMX,LEBB,VY8511,A320,130
Vueling,LEMH,LEBB,VY3801,A320,70
Vueling,LIMC,LEBB,VY1455,A320,80
Vueling,LEPA,LEBB,VY3933,A320,65
Vueling,LPPR,LEBB,VY2703,A320,60
Vueling,LKPR,LEBB,VY3297,A320,125
Vueling,LIRF,LEBB,VY3971,A320,110
Vueling,LEST,LEBB,VY1387,A320,55
Vueling,LEZL,LEBB,VY2509,A320,70
Vueling,GCXO,LEBB,VY3261,A320,160
Vueling,LEVC,LEBB,VY3967,A320,55
Vueling,LIRQ,EBBR,VY6814,A320,100
Vueling,LIRQ,LICC,VY6864,A320,90
Vueling,LIRQ,LEMD,VY1500,A320,140
Vueling,LIRQ,LIEO,VY6926,A320,55
Vueling,LIRQ,LFPO,VY1502,A320,130
Vueling,EBBR,LIRQ,VY6815,A320,100
Vueling,LICC,LIRQ,VY6865,A320,90
Vueling,LEMD,LIRQ,VY1501,A320,140
Vueling,LIEO,LIRQ,VY6927,A320,55
Vueling,LFPO,LIRQ,VY1503,A320,130
Vueling,LEIB,LEAS,VY3174,A320,70
Vueling,LEIB,LSGG,VY6962,A320,75
Vueling,LEIB,LPPT,VY3646,A320,80
Vueling,LEIB,LEMG,VY2454,A320,50
Vueling,LEIB,LIMC,VY6377,A320,80
Vueling,LEIB,LFPO,VY6955,"A320, A321",90
Vueling,LEIB,LPPR,VY6964,A320,75
Vueling,LEIB,LIRF,VY3302,A320,85
Vueling,LEIB,LEXJ,VY3960,A320,70
Vueling,LEIB,LECO,VY8058,A320,80
Vueling,LEIB,LEZL,VY2425,A320,60
Vueling,LEIB,LEZL,VY3694,A320,25
Vueling,LEAS,LEIB,VY3175,A320,70
Vueling,LSGG,LEIB,VY6963,A320,75
Vueling,LPPT,LEIB,VY3647,A320,80
Vueling,LEMG,LEIB,VY2455,A320,50
Vueling,LIMC,LEIB,VY6378,A320,80
Vueling,LFPO,LEIB,VY6954,"A320, A321",90
Vueling,LPPR,LEIB,VY6965,A320,75
Vueling,LIRF,LEIB,VY3301,A320,85
Vueling,LEXJ,LEIB,VY3961,A320,70
Vueling,LECO,LEIB,VY8059,A320,80
Vueling,LEZL,LEIB,VY2424,A320,60
Vueling,LEZL,LEIB,VY3695,A320,25
Vueling,GCRR,LEMG,VY3141,A320,105
Vueling,GCRR,LFPO,VY8188,"A320, A321",205
Vueling,GCRR,LEST,VY3136,A320,135
Vueling,GCRR,LEZL,VY3159,A320,95
Vueling,GCRR,LEPA,VY3171,A320,155
Vueling,LEMG,GCRR,VY3140,A320,105
Vueling,LFPO,GCRR,VY8187,"A320, A321",205
Vueling,LEST,GCRR,VY3137,A320,135
Vueling,LEZL,GCRR,VY3158,A320,95
Vueling,LEPA,GCRR,VY3170,A320,155
Vueling,GCLP,LEGR,VY3061,A320,125
Vueling,GCLP,LEMG,VY3071,A320,120
Vueling,GCLP,LFPG,VY3184,A320,220
Vueling,GCLP,LEST,VY3022,A320,140
Vueling,GCLP,LEZL,VY3043,A320,120
Vueling,GCLP,LEVC,VY1174,A320,150
Vueling,LEGR,GCLP,VY3062,A320,125
Vueling,LEMG,GCLP,VY3072,A320,120
Vueling,LFPG,GCLP,VY3185,A320,220
Vueling,LEST,GCLP,VY3023,A320,140
Vueling,LEZL,GCLP,VY3044,A320,120
Vueling,LEVC,GCLP,VY1175,A320,150
Vueling,EGKK,LECO,VY6018,A320,115
Vueling,EGKK,LEAL,VY6024,A320,150
Vueling,EGKK,LEAS,VY6626,A320,170
Vueling,EGKK,LEBB,VY7293,A320,180
Vueling,EGKK,LIRQ,VY6205,A320,190
Vueling,EGKK,LEMG,VY6615,A320,175
Vueling,EGKK,LFPO,VY6977,"A320, A321",80
Vueling,EGKK,LIRF,VY6225,A320,210
Vueling,EGKK,LEST,VY7109,A320,120
Vueling,EGKK,LEZL,VY6014,A320,165
Vueling,EGKK,LEVC,VY8473,A320,150
Vueling,LECO,EGKK,VY6019,A320,115
Vueling,LEAL,EGKK,VY6025,A320,150
Vueling,LEAS,EGKK,VY6627,A320,170
Vueling,LEBB,EGKK,VY7292,A320,180
Vueling,LIRQ,EGKK,VY6206,A320,190
Vueling,LEMG,EGKK,VY6614,A320,175
Vueling,LFPO,EGKK,VY6976,"A320, A321",80
Vueling,LIRF,EGKK,VY6224,A320,210
Vueling,LEST,EGKK,VY7108,A320,120
Vueling,LEZL,EGKK,VY6015,A320,165
Vueling,LEVC,EGKK,VY8472,A320,150
Vueling,LEMG,EBBR,VY2150,A320,140
Vueling,LEMG,EGFF,VY1260,A320,150
Vueling,LEMG,GCFV,VY3146,A320,105
Vueling,LEMG,LEPA,VY3148,A320,75
Vueling,LEMG,LFPO,VY8172,"A320, A321",120
Vueling,LEMG,LIRF,VY6210,A320,125
Vueling,LEMG,LEST,VY2655,A320,70
Vueling,LEMG,GCXO,VY3274,A320,115
Vueling,EBBR,LEMG,VY2151,A320,140
Vueling,EGFF,LEMG,VY1261,A320,150
Vueling,GCFV,LEMG,VY3147,A320,105
Vueling,LEPA,LEMG,VY3149,A320,75
Vueling,LFPO,LEMG,VY8171,"A320, A321",120
Vueling,LIRF,LEMG,VY6211,A320,125
Vueling,LEST,LEMG,VY2654,A320,70
Vueling,GCXO,LEMG,VY3275,A320,115
Vueling,LEPA,LEAS,VY3864,A320,80
Vueling,LEPA,LEGR,VY3929,A320,60
Vueling,LEPA,LEJR,VY3153,A320,75
Vueling,LEPA,LPPT,VY3436,A320,85
Vueling,LEPA,LFRS,VY2978,A320,80
Vueling,LEPA,LFPO,VY6951,"A320, A321",85
Vueling,LEPA,LEXJ,VY3265,A320,60
Vueling,LEPA,LEST,VY3980,A320,85
Vueling,LEPA,LEZL,VY3940,A320,70
Vueling,LEPA,LEVC,VY3952,A320,30
Vueling,LEPA,LEZG,VY3978,A320,40
Vueling,LEAS,LEPA,VY3865,A320,80
Vueling,LEGR,LEPA,VY3928,A320,60
Vueling,LEJR,LEPA,VY3154,A320,75
Vueling,LPPT,LEPA,VY3437,A320,85
Vueling,LFRS,LEPA,VY2979,A320,80
Vueling,LFPO,LEPA,VY6950,"A320, A321",85
Vueling,LEXJ,LEPA,VY3264,A320,60
Vueling,LEST,LEPA,VY3981,A320,85
Vueling,LEZL,LEPA,VY3941,A320,70
Vueling,LEVC,LEPA,VY3953,A320,30
Vueling,LEZG,LEPA,VY3979,A320,40
Vueling,LFPO,GMAD,VY8526,A321,180
Vueling,LFPO,OJAI,VY8020,A321,275
Vueling,LFPO,LEAS,VY8619,A321,75
Vueling,LFPO,HECA,VY8522,A320,250
Vueling,LFPO,EIDW,VY8578,A321,70
Vueling,LFPO,GCFV,VY8940,A321,205
Vueling,LFPO,EFIV,VY8560,A320,225
Vueling,LFPO,LPPT,VY1981,A321,115
Vueling,LFPO,EGLL,VY8960,A321,60
Vueling,LFPO,ESPA,VY8548,A320,190
Vueling,LFPO,GMMX,VY8633,A321,165
Vueling,LFPO,LEMH,VY8954,A321,85
Vueling,LFPO,LPPR,VY1985,A321,100
Vueling,LFPO,LERS,VY8018,A321,75
Vueling,LFPO,LIRF,VY6250,"A320, A321",90
Vueling,LFPO,LIRI,VY6240,A320,120
Vueling,LFPO,GMTT,VY8625,A321,130
Vueling,LFPO,GCTS,VY3134,"A320, A321",220
Vueling,LFPO,LEVC,VY8153,"A320, A321",90
Vueling,GMAD,LFPO,VY8527,A321,180
Vueling,OJAI,LFPO,VY8021,A321,275
Vueling,LEAS,LFPO,VY8618,A321,75
Vueling,HECA,LFPO,VY8523,A320,250
Vueling,EIDW,LFPO,VY8579,A321,70
Vueling,GCFV,LFPO,VY8941,A321,205
Vueling,EFIV,LFPO,VY8561,A320,230
Vueling,LPPT,LFPO,VY1982,A321,115
Vueling,EGLL,LFPO,VY8961,A321,60
Vueling,ESPA,LFPO,VY8549,A320,190
Vueling,GMMX,LFPO,VY8632,A321,165
Vueling,LEMH,LFPO,VY8955,A321,85
Vueling,LPPR,LFPO,VY1986,A321,100
Vueling,LERS,LFPO,VY8019,A321,75
Vueling,LIRF,LFPO,VY6251,"A320, A321",90
Vueling,LIRI,LFPO,VY6241,A320,120
Vueling,GMTT,LFPO,VY8624,A321,130
Vueling,GCTS,LFPO,VY3135,"A320, A321",220
Vueling,LEVC,LFPO,VY8152,"A320, A321",90
Vueling,LIRF,LDDU,VY6736,A320,50
Vueling,LIRF,LGMK,VY3320,A320,100
Vueling,LIRF,LGSR,VY3330,A320,105
Vueling,LIRF,LEZL,VY6570,A320,130
Vueling,LIRF,LDSP,VY6734,A320,40
Vueling,LDDU,LIRF,VY6737,A320,50
Vueling,LGMK,LIRF,VY3321,A320,100
Vueling,LGSR,LIRF,VY3331,A320,105
Vueling,LEZL,LIRF,VY6571,A320,130
Vueling,LDSP,LIRF,VY6735,A320,40
Vueling,LEST,GCFV,VY1640,A320,135
Vueling,LEST,EGLL,VY7112,A320,105
Vueling,LEST,LFPG,VY8222,A320,90
Vueling,LEST,LEZL,VY6367,A320,60
Vueling,LEST,GCXO,VY3225,A320,140
Vueling,GCFV,LEST,VY1641,A320,135
Vueling,EGLL,LEST,VY7113,A320,105
Vueling,LFPG,LEST,VY8223,A320,90
Vueling,LEZL,LEST,VY6366,A320,60
Vueling,GCXO,LEST,VY3224,A320,140
Vueling,LEZL,GCFV,VY3164,A320,105
Vueling,LEZL,LFPG,VY8828,A320,140
Vueling,LEZL,GCXO,VY3254,A320,115
Vueling,LEZL,LEVC,VY3973,A320,50
Vueling,GCFV,LEZL,VY3165,A320,105
Vueling,LFPG,LEZL,VY8829,A320,140
Vueling,GCXO,LEZL,VY3255,A320,115
Vueling,LEVC,LEZL,VY3972,A320,50
Vueling,GCXO,LEAS,VY3202,A320,155
Vueling,GCXO,LEGR,VY3116,A320,125
Vueling,GCXO,LEVC,VY3123,A320,150
Vueling,LEAS,GCXO,VY3203,A320,155
Vueling,LEGR,GCXO,VY3117,A320,125
Vueling,LEVC,GCXO,VY3124,A320,150
Vueling,LEVC,EBBR,VY8920,A320,110
Vueling,EBBR,LEVC,VY8921,A320,110
Vueling,LEAL,LEAS,VY1462,A320,65
Vueling,LEAL,EGBB,VY1394,A320,155
Vueling,LEAL,EKCH,VY1918,A320,190
Vueling,LEAL,EGPH,VY1380,A320,175
Vueling,LEAL,EGCC,VY1396,A320,160
Vueling,LEAL,UUDD,VY7743,A320,260
Vueling,LEAL,LIRF,VY1368,A320,145
Vueling,LEAL,LEST,VY1458,A320,75
Vueling,LEAL,LSZH,VY1388,A320,105
Vueling,LEAS,LEAL,VY1463,A320,65
Vueling,EGBB,LEAL,VY1395,A320,155
Vueling,EKCH,LEAL,VY1919,A320,190
Vueling,EGPH,LEAL,VY1381,A320,175
Vueling,EGCC,LEAL,VY1397,A320,160
Vueling,UUDD,LEAL,VY7744,A320,260
Vueling,LIRF,LEAL,VY1369,A320,145
Vueling,LEST,LEAL,VY1459,A320,75
Vueling,LSZH,LEAL,VY1389,A320,105
Vueling,EHAM,EKCH,VY8446,A320,90
Vueling,EHAM,GCRR,VY8442,A320,260
Vueling,EHAM,GCLP,VY8340,A320,270
Vueling,EHAM,LPPT,VY8435,A320,180
Vueling,EHAM,EGGW,VY8404,A320,55
Vueling,EHAM,LIRF,VY6293,A320,125
Vueling,EHAM,GCTS,VY8344,A320,280
Vueling,EKCH,EHAM,VY8447,A320,90
Vueling,GCRR,EHAM,VY8443,A320,260
Vueling,GCLP,EHAM,VY8341,A320,270
Vueling,LPPT,EHAM,VY8436,A320,180
Vueling,EGGW,EHAM,VY8405,A320,55
Vueling,LIRF,EHAM,VY6292,A320,125
Vueling,GCTS,EHAM,VY8345,A320,280
Vueling,LEBL,EKYT,VY8500,A320,145
Vueling,LEBL,DGAA,VY7706,A320,305
Vueling,LEBL,LIEA,VY6592,A320,60
Vueling,LEBL,OJAI,VY7896,A320,250
Vueling,LEBL,LIPY,VY6218,A320,80
Vueling,LEBL,LFKB,VY6168,A320,65
Vueling,LEBL,EGAC,VY8780,A320,130
Vueling,LEBL,LYBE,VY1286,A320,125
Vueling,LEBL,EKBI,VY1880,A320,135
Vueling,LEBL,LROP,VY7400,A320,160
Vueling,LEBL,EGFF,VY7222,A320,90
Vueling,LEBL,LERL,VY1998,A320,55
Vueling,LEBL,LRCL,VY7446,A320,145
Vueling,LEBL,LICB,VY2008,A320,125
Vueling,LEBL,DABC,VY7498,A320,65
Vueling,LEBL,LGKR,VY2352,A320,125
Vueling,LEBL,DTTJ,VY7714,A320,95
Vueling,LEBL,EDLW,VY1832,A320,100
Vueling,LEBL,ESGG,VY1874,A320,160
Vueling,LEBL,UMKK,VY7664,A320,160
Vueling,LEBL,UWKD,VY7852,A320,290
Vueling,LEBL,UKKK,VY7734,A320,190
Vueling,LEBL,LGKO,VY7600,A320,175
Vueling,LEBL,URKK,VY8874,A320,235
Vueling,LEBL,LCLK,VY6230,A320,220
Vueling,LEBL,EGNM,VY8794,A320,120
Vueling,LEBL,LFQQ,VY2437,A320,85
Vueling,LEBL,EGGP,VY8782,A320,120
Vueling,LEBL,LEDA,VY1902,A320,25
Vueling,LEBL,EGGW,VY7964,A320,105
Vueling,LEBL,LEMD,VY1002,"A320, A321",55
Vueling,LEBL,LIML,VY6320,A320,85
Vueling,LEBL,UMMS,VY7517,A320,185
Vueling,LEBL,UUDD,VY1068,A320,235
Vueling,LEBL,GMMW,VY7378,A320,70
Vueling,LEBL,EGNT,VY8824,A320,130
Vueling,LEBL,LIRP,VY6770,A320,70
Vueling,LEBL,GMME,VY7312,A320,95
Vueling,LEBL,EVRA,VY9520,A320,180
Vueling,LEBL,UWWW,VY7708,A320,290
Vueling,LEBL,EGHI,VY7677,A320,95
Vueling,LEBL,ENZV,VY2701,A320,160
Vueling,LEBL,ULLI,VY7892,A320,220
Vueling,LEBL,LEVD,VY1584,A320,60
Vueling,LEBL,EYVI,VY9536,A320,180
Vueling,LEBL,UDYZ,VY7928,A320,275
Vueling,LEBL,LDZA,VY1280,A320,105
Vueling,EKYT,LEBL,VY8501,A320,145
Vueling,DGAA,LEBL,VY7707,A320,305
Vueling,LIEA,LEBL,VY6593,A320,60
Vueling,LIPY,LEBL,VY6219,A320,80
Vueling,OJAI,LEBL,VY7897,A320,250
Vueling,LFKB,LEBL,VY6169,A320,65
Vueling,EGAC,LEBL,VY8781,A320,130
Vueling,LYBE,LEBL,VY1287,A320,125
Vueling,EKBI,LEBL,VY1881,A320,135
Vueling,LROP,LEBL,VY7401,A320,160
Vueling,EGFF,LEBL,VY7223,A320,90
Vueling,LERL,LEBL,VY1999,A320,55
Vueling,LRCL,LEBL,VY7447,A320,145
Vueling,LICB,LEBL,VY2009,A320,125
Vueling,DABC,LEBL,VY7499,A320,65
Vueling,LGKR,LEBL,VY2353,A320,125
Vueling,DTTJ,LEBL,VY7715,A320,95
Vueling,EDLW,LEBL,VY1833,A320,100
Vueling,ESGG,LEBL,VY1875,A320,160
Vueling,UMKK,LEBL,VY7665,A320,160
Vueling,UWKD,LEBL,VY7853,A320,290
Vueling,UKKK,LEBL,VY7735,A320,190
Vueling,LGKO,LEBL,VY7601,A320,175
Vueling,URKK,LEBL,VY8875,A320,235
Vueling,LCLK,LEBL,VY6231,A320,220
Vueling,EGNM,LEBL,VY8795,A320,120
Vueling,LFQQ,LEBL,VY2438,A320,85
Vueling,EGGP,LEBL,VY8783,A320,120
Vueling,LEDA,LEBL,VY1903,A320,25
Vueling,EGGW,LEBL,VY7965,A320,105
Vueling,LEMD,LEBL,VY1003,"A320, A321",55
Vueling,LIML,LEBL,VY6321,A320,85
Vueling,UMMS,LEBL,VY7518,A320,185
Vueling,UUDD,LEBL,VY1069,A320,235
Vueling,GMMW,LEBL,VY7379,A320,70
Vueling,EGNT,LEBL,VY8825,A320,130
Vueling,LIRP,LEBL,VY6771,A320,70
Vueling,GMME,LEBL,VY7313,A320,95
Vueling,EVRA,LEBL,VY9521,A320,180
Vueling,UWWW,LEBL,VY7709,A320,290
Vueling,EGHI,LEBL,VY7678,A320,95
Vueling,ENZV,LEBL,VY2702,A320,160
Vueling,ULLI,LEBL,VY7893,A320,220
Vueling,LEVD,LEBL,VY1585,A320,60
Vueling,EYVI,LEBL,VY9537,A320,180
Vueling,UDYZ,LEBL,VY7929,A320,275
Vueling,LDZA,LEBL,VY1281,A320,105
Vueling,LEBB,LEAM,VY3266,A320,70
Vueling,LEBB,EKCH,VY3292,A320,140
Vueling,LEBB,LPFR,VY2708,A320,80
Vueling,LEBB,LIRQ,VY6040,A320,95
Vueling,LEBB,EDDH,VY3298,A320,120
Vueling,LEBB,GCLA,VY3286,A320,165
Vueling,LEBB,LFPG,VY1468,A320,75
Vueling,LEBB,LSZH,VY6472,A320,95
Vueling,LEAM,LEBB,VY3267,A320,70
Vueling,EKCH,LEBB,VY3293,A320,140
Vueling,LPFR,LEBB,VY2709,A320,80
Vueling,LIRQ,LEBB,VY6041,A320,95
Vueling,EDDH,LEBB,VY3299,A320,120
Vueling,GCLA,LEBB,VY3287,A320,165
Vueling,LFPG,LEBB,VY1469,A320,75
Vueling,LSZH,LEBB,VY6473,A320,95
Vueling,LEIB,LEMD,VY3418,"A320, A321",45
Vueling,LEMD,LEIB,VY3419,"A320, A321",45
Vueling,LIRQ,LIBD,VY6928,A320,75
Vueling,LIRQ,EDDT,VY6800,A320,105
Vueling,LIRQ,EKCH,VY6804,A320,150
Vueling,LIRQ,EDDT,VY6822,A320,90
Vueling,LIRQ,EGGW,VY6194,A320,130
Vueling,LIRQ,LICJ,VY6922,A320,70
Vueling,LIBD,LIRQ,VY6929,A320,75
Vueling,EDDT,LIRQ,VY6801,A320,105
Vueling,EKCH,LIRQ,VY6805,A320,150
Vueling,EDDL,LIRQ,VY6823,A320,90
Vueling,EGGW,LIRQ,VY6195,A320,130
Vueling,LICJ,LIRQ,VY6923,A320,70
Vueling,GCRR,EKCH,VY2232,A320,280
Vueling,GCRR,LEVC,VY6275,A320,140
Vueling,GCRR,LEZG,VY2960,A320,150
Vueling,EKCH,GCRR,VY2233,A320,280
Vueling,LEVC,GCRR,VY6274,A320,140
Vueling,LEZG,GCRR,VY2961,A320,150
Vueling,GCLP,LEAS,VY6574,A320,155
Vueling,GCLP,EKBI,VY1860,A320,280
Vueling,GCLP,EKCH,VY1862,A320,285
Vueling,GCLP,LIRF,VY3313,A320,230
Vueling,GCLP,LEZG,VY3204,A320,160
Vueling,LEAS,GCLP,VY6575,A320,155
Vueling,EKBI,GCLP,VY1861,A320,280
Vueling,EKCH,GCLP,VY1863,A320,285
Vueling,LIRF,GCLP,VY3314,A320,230
Vueling,LEZG,GCLP,VY3205,A320,160
Vueling,EGKK,LEAM,VY6620,A320,175
Vueling,EGKK,LIMJ,VY6634,A320,115
Vueling,EGKK,LEGR,VY6623,A320,160
Vueling,EGKK,LEJR,VY6630,A320,175
Vueling,EGKK,GCRR,VY6606,A320,260
Vueling,EGKK,GCLP,VY6602,A320,255
Vueling,EGKK,LEMH,VY6624,A320,150
Vueling,EGKK,LFPG,VY8771,A320,75
Vueling,EGKK,LFRN,VY7524,A320,55
Vueling,EGKK,GCTS,VY6608,A320,265
Vueling,LEAM,EGKK,VY6621,A320,175
Vueling,LIMJ,EGKK,VY6635,A320,115
Vueling,LEGR,EGKK,VY6622,A320,160
Vueling,LEJR,EGKK,VY6631,A320,175
Vueling,GCRR,EGKK,VY6607,A320,260
Vueling,GCLP,EGKK,VY6603,A320,255
Vueling,LEMH,EGKK,VY6625,A320,150
Vueling,LFPG,EGKK,VY8772,A320,75
Vueling,LFRN,EGKK,VY7525,A320,55
Vueling,GCTS,EGKK,VY6609,A320,265
Vueling,EGGW,LSZH,VY7975,A320,90
Vueling,LSZH,EGGW,VY7974,A320,90
Vueling,LEMG,LEAS,VY1629,A320,75
Vueling,LEMG,EKBI,VY1916,A320,185
Vueling,LEMG,EKCH,VY1914,A320,190
Vueling,LEMG,LFLL,VY9032,A320,105
Vueling,LEMG,GMMX,VY8522,A320,65
Vueling,LEMG,LFML,VY2990,A320,100
Vueling,LEMG,LEMH,VY2458,A320,80
Vueling,LEMG,EDDM,VY2236,A320,145
Vueling,LEMG,LFRS,VY2985,A320,100
Vueling,LEMG,LSZH,VY2170,A320,130
Vueling,LEAS,LEMG,VY1628,A320,75
Vueling,EKBI,LEMG,VY1917,A320,185
Vueling,EKCH,LEMG,VY1915,A320,190
Vueling,LFLL,LEMG,VY9033,A320,105
Vueling,GMMX,LEMG,VY8523,A320,65
Vueling,LFML,LEMG,VY2991,A320,100
Vueling,LEMH,LEMG,VY2459,A320,80
Vueling,EDDM,LEMG,VY2237,A320,145
Vueling,LFRS,LEMG,VY2984,A320,100
Vueling,LSZH,LEMG,VY2171,A320,130
Vueling,LEPA,EKBI,VY1912,A320,150
Vueling,LEPA,LFBD,VY1227,A320,80
Vueling,LEPA,EGFF,VY1242,A320,120
Vueling,LEPA,EKCH,VY1910,A320,150
Vueling,LEPA,LFLL,VY1225,A320,65
Vueling,LEPA,LFML,VY1232,A320,45
Vueling,LEPA,EDDM,VY3840,A320,100
Vueling,LEPA,LIRF,VY6222,A320,75
Vueling,LEPA,EDDS,VY3440,A320,95
Vueling,LEPA,GCXO,VY3126,A320,165
Vueling,LEPA,LSZH,VY8348,A320,85
Vueling,EKBI,LEPA,VY1913,A320,150
Vueling,LFBD,LEPA,VY1228,A320,80
Vueling,EGFF,LEPA,VY1243,A320,120
Vueling,EKCH,LEPA,VY1911,A320,150
Vueling,LFLL,LEPA,VY1224,A320,65
Vueling,LFML,LEPA,VY1233,A320,45
Vueling,EDDM,LEPA,VY3841,A320,100
Vueling,LIRF,LEPA,VY6223,A320,75
Vueling,EDDS,LEPA,VY3441,A320,95
Vueling,GCXO,LEPA,VY3125,A320,165
Vueling,LSZH,LEPA,VY8349,A320,85
Vueling,LFPG,EKCH,VY2844,A320,150
Vueling,LFPG,LEMD,VY8202,A320,110
Vueling,LFPG,LKPR,VY9496,A320,135
Vueling,LFPG,LIPZ,VY8430,A320,135
Vueling,LFPG,LOWW,VY8546,A320,105
Vueling,EKCH,LFPG,VY2845,A320,150
Vueling,LEMD,LFPG,VY8203,A320,110
Vueling,LKPR,LFPG,VY9497,A320,135
Vueling,LIPZ,LFPG,VY8431,A320,135
Vueling,LOWW,LFPG,VY8547,A320,105
Vueling,LFPO,LIBD,VY8592,A321,115
Vueling,LFPO,EGAA,VY8130,A321,95
Vueling,LFPO,EKBI,VY8590,A321,75
Vueling,LFPO,EGBB,VY8164,A321,80
Vueling,LFPO,LIPE,VY8576,A321,90
Vueling,LFPO,LFRB,VY6296,A320,45
Vueling,LFPO,EGFF,VY8166,A321,80
Vueling,LFPO,LICC,VY9342,A320,150
Vueling,LFPO,EKCH,VY2840,A321,85
Vueling,LFPO,EICK,VY8616,A321,75
Vueling,LFPO,EGPH,VY8176,A321,115
Vueling,LFPO,LIMJ,VY8600,A321,60
Vueling,LFPO,EGPF,VY8128,A321,110
Vueling,LFPO,ESGG,VY8602,A320,100
Vueling,LFPO,LEGR,VY8604,A321,110
Vueling,LFPO,EDDH,VY8580,A321,65
Vueling,LFPO,EDDP,VY8610,A320,65
Vueling,LFPO,LMML,VY8612,A321,140
Vueling,LFPO,LIME,VY8120,A321,60
Vueling,LFPO,LIMC,VY8428,A321,60
Vueling,LFPO,EGNT,VY8146,A321,95
Vueling,LFPO,LKPR,VY8948,A321,75
Vueling,LFPO,LEXJ,VY8621,A321,70
Vueling,LFPO,EINN,VY8519,A321,80
Vueling,LFPO,LDSP,VY8450,A321,100
Vueling,LFPO,ESSA,VY8570,A321,125
Vueling,LIBD,LFPO,VY8593,A321,115
Vueling,EGAA,LFPO,VY8131,A321,95
Vueling,EKBI,LFPO,VY8591,A321,75
Vueling,EGBB,LFPO,VY8165,A321,80
Vueling,LIPE,LFPO,VY8577,A321,90
Vueling,LFRB,LFPO,VY6297,A320,45
Vueling,EGFF,LFPO,VY8167,A321,80
Vueling,LICC,LFPO,VY9431,A320,150
Vueling,EKCH,LFPO,VY2841,A321,85
Vueling,EICK,LFPO,VY8617,A321,75
Vueling,EGPH,LFPO,VY8175,A321,115
Vueling,LIMJ,LFPO,VY8601,A321,60
Vueling,EGPF,LFPO,VY8129,A321,110
Vueling,ESGG,LFPO,VY8603,A320,100
Vueling,LEGR,LFPO,VY8605,A321,110
Vueling,EDDH,LFPO,VY8581,A321,65
Vueling,EDDP,LFPO,VY8611,A320,65
Vueling,LMML,LFPO,VY8613,A321,140
Vueling,LIME,LFPO,VY8121,A321,60
Vueling,LIMC,LFPO,VY8429,A321,60
Vueling,EGNT,LFPO,VY8147,A321,95
Vueling,LKPR,LFPO,VY8949,A321,75
Vueling,LEXJ,LFPO,VY8620,A321,70
Vueling,EINN,LFPO,VY8518,A321,80
Vueling,LDSP,LFPO,VY8451,A321,100
Vueling,ESSA,LFPO,VY8571,A321,125
Vueling,LIRF,LICC,VY6138,A320,50
Vueling,LIRF,LGIR,VY6264,A320,110
Vueling,LIRF,LGKP,VY3326,A320,120
Vueling,LIRF,LGKF,VY6196,A320,80
Vueling,LIRF,LICD,VY6370,A320,70
Vueling,LIRF,LEMD,VY6129,A320,110
Vueling,LIRF,EGCC,VY6304,A320,135
Vueling,LIRF,LEMH,VY1921,A320,65
Vueling,LIRF,EDDM,VY6296,A320,65
Vueling,LIRF,LFRS,VY2983,A320,105
Vueling,LIRF,LICJ,VY6154,A320,40
Vueling,LIRF,LKPR,VY6160,A320,80
Vueling,LIRF,LGPZ,VY3356,A320,70
Vueling,LIRF,LEVC,VY6263,A320,90
Vueling,LIRF,LGZA,VY3342,A320,75
Vueling,LIRF,LSZH,VY6930,A320,60
Vueling,LICC,LIRF,VY6137,A320,50
Vueling,LGIR,LIRF,VY6265,A320,110
Vueling,LGKP,LIRF,VY3327,A320,120
Vueling,LGKF,LIRF,VY6197,A320,80
Vueling,LICD,LIRF,VY6371,A320,70
Vueling,LEMD,LIRF,VY6128,A320,110
Vueling,EGCC,LIRF,VY6305,A320,135
Vueling,LEMH,LIRF,VY1922,A320,65
Vueling,EDDM,LIRF,VY6297,A320,65
Vueling,LFRS,LIRF,VY2982,A320,105
Vueling,LICJ,LIRF,VY6155,A320,40
Vueling,LKPR,LIRF,VY6161,A320,80
Vueling,LGPZ,LIRF,VY3357,A320,70
Vueling,LEVC,LIRF,VY6262,A320,90
Vueling,LGZA,LIRF,VY3343,A320,75
Vueling,LSZH,LIRF,VY6931,A320,60
Vueling,LEST,EBBR,VY8937,A320,110
Vueling,LEST,LEVC,VY3982,A320,65
Vueling,LEST,LSZH,VY7515,A320,115
Vueling,EBBR,LEST,VY8936,A320,110
Vueling,LEVC,LEST,VY3983,A320,65
Vueling,LSZH,LEST,VY7516,A320,115
Vueling,LEZL,LEAS,VY2516,A320,60
Vueling,LEZL,EBBR,VY8990,A320,135
Vueling,LEZL,LEMH,VY2432,A320,70
Vueling,LEAS,LEZL,VY2517,A320,60
Vueling,EBBR,LEZL,VY8991,A320,135
Vueling,LEMH,LEZL,VY2433,A320,70
Vueling,GCXO,LPPT,VY3106,A320,110
Vueling,GCXO,LEZG,VY3112,A320,160
Vueling,LPPT,GCXO,VY3107,A320,110
Vueling,LEZG,GCXO,VY3113,A320,160
Vueling,LEVC,GCFV,VY1172,A320,140
Vueling,LEVC,LPPT,VY2180,A320,65
Vueling,LEVC,LEMH,VY3986,A320,40
Vueling,GCFV,LEVC,VY1173,A320,140
Vueling,LPPT,LEVC,VY2181,A320,65
Vueling,LEMH,LEVC,VY3987,A320,40
airBaltic,EGKK,EETN,BT872,"BCS3, B752",170
airBaltic,EGKK,EYVI,BT664,"BCS3, B752",135
airBaltic,EETN,EGKK,BT871,"BCS3, B752",170
airBaltic,EYVI,EGKK,BT663,"BCS3, B752",135
airBaltic,EVRA,EHAM,BT617,BCS3,145
airBaltic,EVRA,LEBL,BT683,BCS3,195
airBaltic,EVRA,EBBR,BT603,BCS3,125
airBaltic,EVRA,EDDL,BT233,BCS3,110
airBaltic,EVRA,EDDF,BT245,BCS3,110
airBaltic,EVRA,EGKK,BT653,"BCS3, B752",165
airBaltic,EVRA,LEMD,BT685,BCS3,210
airBaltic,EVRA,EDDM,BT223,BCS3,105
airBaltic,EHAM,EVRA,BT618,BCS3,145
airBaltic,LEBL,EVRA,BT684,BCS3,195
airBaltic,EBBR,EVRA,BT604,BCS3,125
airBaltic,EDDL,EVRA,BT234,BCS3,110
airBaltic,EDDF,EVRA,BT246,BCS3,110
airBaltic,EGKK,EVRA,BT654,"BCS3, B752",165
airBaltic,LEMD,EVRA,BT686,BCS3,210
airBaltic,EDDM,EVRA,BT224,BCS3,105
Air Belgium ,EGLL,OMAA,BA73,A339,420
Air Belgium ,EGLL,HECA,BA400,A339,260
Air Belgium ,EGLL,KORD,BA295,A339,470
Air Belgium ,EGLL,OMDB,BA109,A339,425
Air Belgium ,EGLL,KEWR,BA189,A339,435
Air Belgium ,EGLL,CYYZ,BA93,A339,430
Air Belgium ,OMAA,EGLL,BA72,A339,450
Air Belgium ,HECA,EGLL,BA401,A339,275
Air Belgium ,KORD,EGLL,BA294,A339,420
Air Belgium ,OMDB,EGLL,BA108,A339,455
Air Belgium ,KEWR,EGLL,BA188,A339,400
Air Belgium ,CYYZ,EGLL,BA92,A339,395
Air Canada,CYYZ,CYYC,AC131,"A319, A321, B38M, B77W, A333, B788, B789",245
Air Canada,CYYZ,CYUL,AC400,"CRJ9, A319, A321, BCS3, B38M, A333",55
Air Canada,CYYZ,CYOW,AC440,"A319, A321, BCS3, B38M",40
Air Canada,CYYZ,CYVR,AC101,"A321, B38M, A333, B77L, B77W, B788, B789",270
Air Canada,CYYC,CYYZ,AC130,"A319, A321, B38M, B77W, A333, B788, B789",245
Air Canada,CYUL,CYYZ,AC401,"CRJ9, A319, A321, BCS3, B38M, A333",55
Air Canada,CYOW,CYYZ,AC439,"A319, A321, BCS3, B38M",40
Air Canada,CYVR,CYYZ,AC100,"A321, B38M, A333, B77L, B77W, B788, B789",270
Airlink,FAOR,FABL,4Z701,E190,50
Airlink,FAOR,FVBU,4Z110,E190,55
Airlink,FAOR,FACT,4Z901,E190,95
Airlink,FAOR,FALE,4Z551,E190,55
Airlink,FAOR,FAEL,4Z913,E190,75
Airlink,FAOR,FBSK,4Z174,E190,50
Airlink,FAOR,FAGG,4Z691,E190,95
Airlink,FAOR,FAPE,4Z785,E190,75
Airlink,FAOR,FVRG,4Z104,E190,75
Airlink,FAOR,FAHS,4Z871,E190,35
Airlink,FAOR,FBKE,4Z306,E190,110
Airlink,FAOR,FAKM,4Z721,E190,45
Airlink,FAOR,FLHN,4Z482,E190,85
Airlink,FAOR,FLKK,4Z164,E190,110
Airlink,FAOR,FBMN,4Z300,E190,100
Airlink,FAOR,FAUT,4Z751,E190,60
Airlink,FAOR,FLND,4Z150,E190,120
Airlink,FAOR,FAKN,4Z823,E190,40
Airlink,FAOR,FAPM,4Z733,E190,45
Airlink,FAOR,FAPP,4Z801,E190,40
Airlink,FAOR,FARB,4Z881,E190,55
Airlink,FAOR,FASS,4Z777,E190,55
Airlink,FAOR,FASZ,4Z861,E190,40
Airlink,FAOR,FAUP,4Z761,E190,70
Airlink,FAOR,FVFA,4Z494,E190,80
Airlink,FAOR,FYWB,4Z141,E190,115
Airlink,FAOR,FYWH,4Z120,E190,95
Airlink,FABL,FAOR,4Z702,E190,50
Airlink,FVBU,FAOR,4Z111,E190,55
Airlink,FACT,FAOR,4Z902,E190,95
Airlink,FALE,FAOR,4Z552,E190,55
Airlink,FAEL,FAOR,4Z914,E190,75
Airlink,FBSK,FAOR,4Z175,E190,50
Airlink,FAGG,FAOR,4Z692,E190,95
Airlink,FAPE,FAOR,4Z786,E190,75
Airlink,FVRG,FAOR,4Z105,E190,75
Airlink,FAHS,FAOR,4Z872,E190,35
Airlink,FBKE,FAOR,4Z307,E190,110
Airlink,FAKM,FAOR,4Z722,E190,45
Airlink,FLHN,FAOR,4Z483,E190,85
Airlink,FLKK,FAOR,4Z165,E190,110
Airlink,FBMN,FAOR,4Z301,E190,100
Airlink,FAUT,FAOR,4Z752,E190,60
Airlink,FLND,FAOR,4Z151,E190,120
Airlink,FAKN,FAOR,4Z824,E190,40
Airlink,FAPM,FAOR,4Z734,E190,45
Airlink,FAPP,FAOR,4Z802,E190,40
Airlink,FARB,FAOR,4Z882,E190,55
Airlink,FASS,FAOR,4Z778,E190,55
Airlink,FASZ,FAOR,4Z862,E190,40
Airlink,FAUP,FAOR,4Z762,E190,70
Airlink,FVFA,FAOR,4Z495,E190,80
Airlink,FYWB,FAOR,4Z142,E190,115
Airlink,FYWH,FAOR,4Z121,E190,95
Airlink,FACT,FABL,4Z600,E190,70
Airlink,FACT,FAGG,4Z621,E190,35
Airlink,FACT,FAPE,4Z671,E190,60
Airlink,FACT,FVRG,4Z382,E190,165
Airlink,FACT,FAHS,4Z657,E190,120
Airlink,FACT,FAKM,4Z611,E190,70
Airlink,FACT,FAKN,4Z663,E190,110
Airlink,FACT,FASZ,4Z651,E190,130
Airlink,FACT,FAUP,4Z645,E190,60
Airlink,FACT,FYWB,4Z348,E190,115
Airlink,FACT,FYWH,4Z320,E190,110
Airlink,FABL,FACT,4Z601,E190,70
Airlink,FAGG,FACT,4Z622,E190,35
Airlink,FAPE,FACT,4Z672,E190,60
Airlink,FVRG,FACT,4Z383,E190,165
Airlink,FAHS,FACT,4Z658,E190,120
Airlink,FAKM,FACT,4Z612,E190,70
Airlink,FAKN,FACT,4Z664,E190,110
Airlink,FASZ,FACT,4Z652,E190,130
Airlink,FAUP,FACT,4Z646,E190,60
Airlink,FYWB,FACT,4Z349,E190,115
Airlink,FYWH,FACT,4Z321,E190,110
Alaska Airlines,KLAX,PANC,AS193,"B738, B38M, B739",300
Alaska Airlines,KLAX,KBOI,AS2341,E175,130
Alaska Airlines,KLAX,KBZN,AS3353,E175,155
SkyWest for Alaska,KLAX,KEUG,AS3339,E175,130
Alaska Airlines,KLAX,KFAT,AS3317,E175,65
Alaska Airlines,KLAX,PHNL,AS817,"B38M, B739",335
Alaska Airlines,KLAX,KLAS,AS3389,"E175, A320",75
Alaska Airlines,KLAX,KMFR,AS2045,E175,95
Alaska Airlines,KLAX,KPDX,AS1373,"B738, A320, B38M, B739",85
Alaska Airlines,KLAX,KRDM,AS2065,E175,105
SkyWest for Alaska,KLAX,KRNO,AS3416,E175,70
Alaska Airlines,KLAX,KSFO,AS1053,"E175, B738, A320, B739",85
Horizon Air for Alaska,KLAX,KSJC,AS3434,E175,55
SkyWest for Alaska,KLAX,KSTS,AS3379,E175,70
Alaska Airlines,KLAX,KSEA,AS29,"E175, B738, A320, B38M, B739",175
Alaska Airlines,KLAX,KGEG,AS1280,"E175, B739, B38M",135
Alaska Airlines,KLAX,KIAD,AS344,"B739, B38M",290
Alaska Airlines,PANC,KLAX,AS150,"B738, B38M, B739",300
Alaska Airlines,KBOI,KLAX,AS2592,E175,130
Alaska Airlines,KBZN,KLAX,AS3363,E175,155
SkyWest for Alaska,KEUG,KLAX,AS3338,E175,130
Alaska Airlines,KFAT,KLAX,AS3473,E175,65
Alaska Airlines,PHNL,KLAX,AS866,"B38M, B739",335
Alaska Airlines,KLAS,KLAX,AS3484,"E175, A320",75
Alaska Airlines,KMFR,KLAX,AS2017,E175,95
Alaska Airlines,KPDX,KLAX,AS1442,"B738, A320, B38M, B739",85
Alaska Airlines,KRDM,KLAX,AS2075,E175,105
SkyWest for Alaska,KRNO,KLAX,AS3325,E175,70
Alaska Airlines,KSFO,KLAX,AS1054,"E175, B738, A320, B739",85
Horizon Air for Alaska,KSJC,KLAX,AS2369,E175,55
SkyWest for Alaska,KSTS,KLAX,AS3388,E175,70
Alaska Airlines,KSEA,KLAX,AS304,"E175, B738, A320, B38M, B739",175
Alaska Airlines,KGEG,KLAX,AS1279,"E175, B739, B38M",135
Alaska Airlines,KIAD,KLAX,AS345,"B739, B38M",300
Alaska Airlines,KPDX,PANC,AS359,"E175, B38M, B739",190
Horizon Air for Alaska,KPDX,KBIL,AS2222,"DH8D, E175",130
Horizon Air for Alaska,KPDX,KBOI,AS2066,"DH8D, E175",90
Horizon Air for Alaska,KPDX,KBZN,AS2005,E175,125
Alaska Airlines,KPDX,KBUR,AS202,"E175, B38M, B739",110
Alaska Airlines,KPDX,KORD,AS324,"B738, B38M, B739",210
SkyWest for Alaska,KPDX,KFAT,AS3408,"E175, CRJ7",110
Horizon Air for Alaska,KPDX,KMFR,AS2059,"DH8D, E175",50
Horizon Air for Alaska,KPDX,KOAK,AS2062,E175,95
Horizon Air for Alaska,KPDX,KONT,AS2389,E175,120
Horizon Air for Alaska,KPDX,KRNO,AS2087,E175,70
SkyWest for Alaska,KPDX,KSMF,AS3496,"DH8D, CRJ7, E175",75
SkyWest for Alaska,KPDX,KSLC,AS3407,E175,110
Alaska Airlines,KPDX,KSAN,AS572,"E175, A320, B738, B38M, B739",135
Alaska Airlines,KPDX,KSJC,AS1374,"E175, A320",90
Horizon Air for Alaska,KPDX,KGEG,AS2396,"DH8D, E175",55
Alaska Airlines,PANC,KPDX,AS42,"E175, B38M, B739",190
Horizon Air for Alaska,KBIL,KPDX,AS2023,"DH8D, E175",130
Horizon Air for Alaska,KBOI,KPDX,AS2135,"DH8D, E175",90
Horizon Air for Alaska,KBZN,KPDX,AS2007,E175,125
Alaska Airlines,KBUR,KPDX,AS201,"E175, B38M, B739",110
Alaska Airlines,KORD,KPDX,AS325,"B738, B38M, B739",210
SkyWest for Alaska,KFAT,KPDX,AS3406,"E175, CRJ7",110
Horizon Air for Alaska,KMFR,KPDX,AS2098,"DH8D, E175",50
Horizon Air for Alaska,KOAK,KPDX,AS2062,E175,95
Horizon Air for Alaska,KONT,KPDX,AS2389,E175,120
Horizon Air for Alaska,KRNO,KPDX,AS2034,E175,70
SkyWest for Alaska,KSMF,KPDX,AS3447,"DH8D, CRJ7, E175",75
SkyWest for Alaska,KSLC,KPDX,AS3414,E175,110
Alaska Airlines,KSAN,KPDX,AS573,"E175, A320, B738, B38M, B739",135
Alaska Airlines,KSJC,KPDX,AS1381,"E175, A320",90
Horizon Air for Alaska,KGEG,KPDX,AS2220,"DH8D, E175",55
SkyWest for Alaska,KSAN,KFAT,AS3429,"E175, B38M",50
SkyWest for Alaska,KSAN,KSMF,AS3384,E175,65
SkyWest for Alaska,KSAN,KSLC,AS3488,E175,100
SkyWest for Alaska,KSAN,KSJC,AS3343,E175,60
SkyWest for Alaska,KFAT,KSAN,AS3429,"E175, B38M",50
SkyWest for Alaska,KSMF,KSAN,AS3384,E175,65
SkyWest for Alaska,KSLC,KSAN,AS3488,E175,100
SkyWest for Alaska,KSJC,KSAN,AS3343,E175,60
SkyWest for Alalska,KSFO,KBOI,AS3457,E175,75
Alaska Airlines,KSFO,KORD,AS332,"B738, B38M, B739",270
Alaska Airlines,KSFO,KLAS,AS140,"E175, A320, B738, B38M, B739 ",95
SkyWest for Alalska,KSFO,KPSP,AS3356,E175,60
Alaska Airlines,KSFO,KPDX,AS1809,"E175, A320, B738, B38M, B739",105
Horizon Air for Alaska,KSFO,KSLC,AS3450,E175,105
SkyWest for Alalska,KSFO,KSAN,AS3357,"E175, B38M",80
Alaska Airlines,KSFO,KSNA,AS3352,E175,90
Alaska Airlines,KSFO,KIAD,AS455,"B738, B38M, B739",270
SkyWest for Alalska,KBOI,KSFO,AS3480,E175,75
Alaska Airlines,KORD,KSFO,AS331,"B738, B38M, B739",270
Alaska Airlines,KLAS,KSFO,AS190,"E175, A320, B738, B38M, B739 ",95
SkyWest for Alalska,KPSP,KSFO,AS3356,E175,60
Alaska Airlines,KPDX,KSFO,AS430,"E175, A320, B738, B38M, B739",105
Horizon Air for Alaska,KSLC,KSFO,AS3445,E175,105
SkyWest for Alalska,KSAN,KSFO,AS3357,"E175, B38M",80
Alaska Airlines,KSNA,KSFO,AS3458,E175,90
Alaska Airlines,KIAD,KSFO,AS435,"B738, B38M, B739",270
Alaska Airlines,KSJC,KAUS,AS3460,E175,185
Alaska Airlines,KAUS,KSJC,AS3460,E175,185
Alaska Airlines,KSEA,PANC,AS57,"B738, B38M, B739",210
Horizon Air for Alaska,KSEA,KBOI,AS1210,"DH8D, CRJ7, E175, B738, B38M, B739",80
Horizon Air for Alaska,KSEA,KBZN,AS2476,"DH8D, CRJ7, E175, B738, B38M, B739",105
Alaska Airlines,KSEA,KORD,AS408,"B738, B38M, B739",210
Alaska Airlines,KSEA,KDFW,AS414,"B738, B38M, B739",225
Horizon Air for Alaska,KSEA,CYEG,AS2546,"CRJ7, E175",120
Horizon Air for Alaska,KSEA,KEUG,AS2299,"DH8D, E175, B739",65
Alaska Airlines,KSEA,PAFA,AS103,"B738, B38M, B739",225
Alaska Airlines,KSEA,PHNL,AS145,"B738, B38M, B739",350
Alaska Airlines,KSEA,PAJN,AS79,"B738, B38M, B739",140
Alaska Airlines,KSEA,PHOG,AS861,"B38M, B739",360
Alaska Airlines,KSEA,KGPI,AS2072,"DH8D, E175",85
Alaska Airlines,KSEA,PHKO,AS807,"B38M, B739",360
Alaska Airlines,KSEA,KLAS,AS688,"A320, B738, B38M, B739",145
Alaska Airlines,KSEA,PHLI,AS839,"B738, B38M",375
Horizon Air for Alaska,KSEA,KMFR,AS2461,"DH8D, E175",85
Horizon Air for Alaska,KSEA,KMSO,AS2554,"DH8D, E175, B738, B739, B38M",90
Alaska Airlines,KSEA,KOAK,AS342,"E175, B38M, B739",120
Horizon Air for Alaska,KSEA,KPSC,AS2100,"DH8D, E175, B738, B38M",50
Horizon Air for Alaska,KSEA,KPDX,AS1306,"DH8D, E175, A320, B738, B38M, B739",50
Horizon Air for Alaska,KSEA,KRDM,AS2273,"DH8D, E175, CRJ7, B739, B38M",70
Alaska Airlines,KSEA,KRNO,AS475,"E175, B739, B38M",75
Alaska Airlines,KSEA,KSLC,AS3396,"CRJ7, E175, B38M, B739",120
Alaska Airlines,KSEA,KSAN,AS574,"E175, B738, B38M, B739",170
Alaska Airlines,KSEA,KSFO,AS118,"B738, A320, B38M, B739",125
Horizon Air for Alaska,KSEA,KGEG,AS2192,"DH8D, E175, B738, B38M, B739",60
Horizon Air for Alaska,KSEA,CYVR,AS2154,"DH8D, E175, B738, B38M, B739",65
Horizon Air for Alaska,KSEA,CYYJ,AS2336,"DH8D, E175",40
Alaska Airlines,PANC,KSEA,AS102,"B738, B38M, B739",210
Horizon Air for Alaska,KBOI,KSEA,AS2005,"DH8D, CRJ7, E175, B738, B38M, B739",80
Horizon Air for Alaska,KBZN,KSEA,AS2475,"DH8D, CRJ7, E175, B738, B38M, B739",105
Alaska Airlines,KORD,KSEA,AS333,"B738, B38M, B739",210
Alaska Airlines,KDFW,KSEA,AS415,"B738, B38M, B739",225
Horizon Air for Alaska,CYEG,KSEA,AS2535,"CRJ7, E175",120
Horizon Air for Alaska,KEUG,KSEA,AS2280,"DH8D, E175, B739",65
Alaska Airlines,PAFA,KSEA,AS124,"B738, B38M, B739",225
Alaska Airlines,PHNL,KSEA,AS246,"B738, B38M, B739",350
Alaska Airlines,PAJN,KSEA,AS176,"B738, B38M, B739",140
Alaska Airlines,PHOG,KSEA,AS862,"B38M, B739",360
Alaska Airlines,KGPI,KSEA,AS2289,"DH8D, E175",85
Alaska Airlines,PHKO,KSEA,AS880,"B38M, B739",360
Alaska Airlines,KLAS,KSEA,AS605,"A320, B738, B38M, B739",145
Alaska Airlines,PHLI,KSEA,AS816,"B738, B38M",375
Horizon Air for Alaska,KMFR,KSEA,AS2452,"DH8D, E175",85
Horizon Air for Alaska,KMSO,KSEA,AS2176,"DH8D, E175, B738, B739, B38M",90
Alaska Airlines,KOAK,KSEA,AS335,"E175, B38M, B739",120
Horizon Air for Alaska,KPSC,KSEA,AS2277,"DH8D, E175, B738, B38M",50
Horizon Air for Alaska,KPDX,KSEA,AS2080,"DH8D, E175, A320, B738, B38M, B739",50
Horizon Air for Alaska,KRDM,KSEA,AS2222,"DH8D, E175, CRJ7, B739, B38M",70
Alaska Airlines,KRNO,KSEA,AS475,"E175, B739, B38M",75
Alaska Airlines,KSLC,KSEA,AS721,"CRJ7, E175, B38M, B739",120
Alaska Airlines,KSAN,KSEA,AS539,"E175, B738, B38M, B739",170
Alaska Airlines,KSFO,KSEA,AS1353,"B738, A320, B38M, B739",125
Horizon Air for Alaska,KGEG,KSEA,AS2459,"DH8D, E175, B738, B38M, B739",60
Horizon Air for Alaska,CYVR,KSEA,AS2255,"DH8D, E175, B738, B38M, B739",65
Horizon Air for Alaska,CYYJ,KSEA,AS2387,"DH8D, E175",40
American Airlines,KBOS,KCVG,AA4028,E175,105
American Airlines,KBOS,KCMH,AA3731,E175,110
American Airlines,KBOS,KIND,AA4725,E175,135
American Airlines,KBOS,KDCA,AA1421,"E175, A319",75
American Airlines,KCVG,KBOS,AA4104,E175,105
American Airlines,KCMH,KBOS,AA3727,E175,110
American Airlines,KIND,KBOS,AA4726,E175,135
American Airlines,KDCA,KBOS,AA1421,"E175, A319",75
American Airlines,KCLT,LGAV,AA326,B772,605
American Airlines,KCLT,KATL,AA1694,"CRJ, E175, A319, A320",60
American Airlines,KCLT,KBWI,AA617,"B738, A319, A321",70
American Airlines,KCLT,KBOS,AA806,"B738, A321",100
American Airlines,KCLT,KCHS,AA1141,"CRJ9, A319, A320, B738, A321, B38M",40
American Airlines,KCLT,KCMH,AA3226,"E175, CRJ7, CRJ9, B738, A321",60
American Airlines,KCLT,KDFW,AA1816,A321,60
American Airlines,KCLT,EIDW,AA724,B772,460
Piedmont for American,KCLT,KFLO,AA6056,CRJ,30
American Airlines,KCLT,KFLL,AA321,"B738, A321",100
American Airlines,KCLT,KRSW,AA1741,A321,105
American Airlines,KCLT,EDDF,AA704,B772,525
American Airlines,KCLT,KJAX,AA818,A321,80
American Airlines,KCLT,KIAH,AA1478,"B738, A321",130
American Airlines,KCLT,KMCI,AA1003,"B738, A321",125
American Airlines,KCLT,KLAS,AA1895,A321,300
American Airlines,KCLT,KLIT,AA3692,"CRJ, E175",100
American Airlines,KCLT,KSDF,AA803,"CRJ, A319, A321",60
American Airlines,KCLT,LEMD,AA748,B772,485
American Airlines,KCLT,KMEM,AA1372,"CRJ9, B738, A319, A321",90
American Airlines,KCLT,KMIA,AA457,"B738, A321, B38M, B772",120
American Airlines,KCLT,KMSP,AA2176,B738,135
American Airlines,KCLT,EDDM,AA716,B772,510
PSA for American,KCLT,KMYR,AA5623,"CRJ, B738, A319",70
American Airlines,KCLT,KJFK,AA657,"CRJ, A319, B738, B38M",85
American Airlines,KCLT,KLGA,AA836,"B738, A320, A321, B38M",85
American Airlines,KCLT,KEWR,AA2392,"B738, A321, B38M",85
American Airlines,KCLT,KMSY,AA1943,A321,130
American Airlines,KCLT,KOKC,AA768,"CRJ9, A320, A321",145
American Airlines,KCLT,KONT,AA2276,A321,280
American Airlines,KCLT,KMCO,AA1782,A321,75
American Airlines,KCLT,LFPG,AA786,B772,450
American Airlines,KCLT,KPHL,AA793,"B738, A319, A320, A321, B752",105
American Airlines,KCLT,KPIT,AA2738,A321,75
American Airlines,KCLT,KRDU,AA1894,"A319, A321",30
American Airlines,KCLT,KRIC,AA1736,"CRJ9, A319, A320, A321, B38M",55
American Airlines,KCLT,LIRF,AA720,B772,525
American Airlines,KCLT,KSMF,AA2508,A321,310
American Airlines,KCLT,KSAT,AA1258,"A320, B738, A321",160
American Airlines,KCLT,KTPA,AA2632,"A319, A321",105
PSA for American,KCLT,KIAD,AA5632,CRJ,60
American Airlines,KCLT,KDCA,AA545,"CRJ, B738, A319, A320",65
American Airlines,KCLT,KILM,AA1017,"CRJ2, CRJ9, A319, A320, B738, A321",115
American Airlines,LGAV,KCLT,AA325,B772,660
American Airlines,KATL,KCLT,AA1694,"CRJ, E175, A319, A320",60
American Airlines,KBWI,KCLT,AA617,"B738, A319, A321",70
American Airlines,KBOS,KCLT,AA418,"B738, A321",100
American Airlines,KCHS,KCLT,AA1242,"CRJ9, A319, A320, B738, A321, B38M",40
American Airlines,KCMH,KCLT,AA3206,"E175, CRJ7, CRJ9, B738, A321",60
American Airlines,KDFW,KCLT,AA665,"B738, A321",60
American Airlines,EIDW,KCLT,AA725,B772,495
Piedmont for American,KFLO,KCLT,AA6056,CRJ,30
American Airlines,KFLL,KCLT,AA1419,"B738, A321",100
American Airlines,KRSW,KCLT,AA1881,A321,105
American Airlines,EDDF,KCLT,AA705,B772,525
American Airlines,KIAH,KCLT,AA1478,"B738, A321",130
American Airlines,KJAX,KCLT,AA1958,A321,80
American Airlines,KMCI,KCLT,AA1003,"B738, A321",125
American Airlines,KLAS,KCLT,AA1895,A321,300
American Airlines,KLIT,KCLT,AA3488,"CRJ, E175",100
American Airlines,KSDF,KCLT,AA2099,"CRJ, A319, A321",60
American Airlines,LEMD,KCLT,AA749,B772,565
American Airlines,KMEM,KCLT,AA978,"CRJ9, B738, A319, A321",90
American Airlines,KMIA,KCLT,AA1577,"B738, A321, B38M, B772",120
American Airlines,KMSP,KCLT,AA894,B738,135
American Airlines,EDDM,KCLT,AA717,B772,615
PSA for American,KMYR,KCLT,AA5072,"CRJ, B738, A319",70
American Airlines,KJFK,KCLT,AA495,"CRJ, A319, B738, B38M",85
American Airlines,KLGA,KCLT,AA1023,"B738, A320, A321, B38M",85
American Airlines,KEWR,KCLT,AA1373,"B738, A321, B38M",85
American Airlines,KMSY,KCLT,AA1616,A321,130
American Airlines,KOKC,KCLT,AA1626,"CRJ9, A320, A321",145
American Airlines,KONT,KCLT,AA2952,A321,250
American Airlines,KMCO,KCLT,AA1782,A321,75
American Airlines,LFPG,KCLT,AA787,B772,500
American Airlines,KPHL,KCLT,AA1648,"B738, A319, A320, A321, B752",105
American Airlines,KPIT,KCLT,AA2738,A321,75
American Airlines,KRDU,KCLT,AA1894,"A319, A321",30
American Airlines,KRIC,KCLT,AA1063,"CRJ9, A319, A320, A321, B38M",55
American Airlines,LIRF,KCLT,AA721,B772,625
American Airlines,KSMF,KCLT,AA2464,A321,265
American Airlines,KSAT,KCLT,AA1119,"A320, B738, A321",160
American Airlines,KTPA,KCLT,AA2632,"A319, A321",105
PSA for American,KIAD,KCLT,AA5706,CRJ,60
American Airlines,KDCA,KCLT,AA620,"CRJ, B738, A319, A320",65
American Airlines,KILM,KCLT,AA1582,"CRJ2, CRJ9, A319, A320, B738, A321",115
Envoy for American,KORD,KALB,AA3187,CRJ,120
American Airlines,KORD,KABQ,AA2865,"B738, B38M",240
American Airlines,KORD,PANC,AA2484,B38M,400
American Airlines,KORD,LGAV,AA160,B788,585
American Airlines,KORD,KATL,AA2386,A319,120
American Airlines,KORD,KAUS,AA1304,B738,165
Envoy for American,KORD,KBWI,AA3008,"E175, B738",100
American Airlines,KORD,LEBL,AA40,B788,510
American Airlines,KORD,EGBB,AA24H,B763,550
American Airlines,KORD,KBOS,AA2682,"E175, B738",140
Envoy for American,KORD,KBUF,AA3683,"E175, B738",90
Envoy for American,KORD,CYYC,AA4095,B738,135
Envoy for American,KORD,KCID,AA3617,"CRJ, E175",60
Envoy for American,KORD,KCMI,AA3696,"CRJ, E175",45
SkyWest for American,KORD,KCHS,AA3130,E175,100
American Airlines,KORD,KCLT,AA1030,"B738, A321, B38M",120
Envoy for American,KORD,KCVG,AA3467,"CRJ, E175",75
Envoy for American,KORD,KCLE,AA3467,"CRJ, E175, B738",135
Envoy for American,KORD,KCMH,AA3610,"CRJ, E175",140
Air Wisconsin for American,KORD,KDAY,AA6143,CRJ,80
American Airlines,KORD,KDEN,AA1387,B738,140
Envoy for American,KORD,KDSM,AA2985,"CRJ, E175",60
Envoy for American,KORD,KDTW,AA3005,"E175, A319",45
American Airlines,KORD,EIDW,AA208,B788,400
American Airlines,KORD,EDDL,AA242H,B763,535
Envoy for American,KORD,KELP,AA2340,E175,195
Air Wisconsin for American,KORD,KEVV,AA6093,CRJ,60
Envoy for American,KORD,KFAR,AA3658,"CRJ, E175",110
Air Wisconsin for American,KORD,KFNT,AA6146,CRJ,60
American Airlines,KORD,KFLL,AA687,"B738, A321, B752",185
Envoy for American,KORD,KFWA,AA3299,CRJ,45
American Airlines,KORD,EGPF,AA52H,B763,530
Envoy for American,KORD,KGRR,AA3202,"CRJ, E175, B738, B38M",45
Envoy for American,KORD,KGRB,AA3214,"CRJ, E175",60
American Airlines,KORD,KBDL,AA813,"E175, B738",120
American Airlines,KORD,EFHK,AA130H,B763,560
Envoy for American,KORD,KHSV,AA3623,E175,105
Envoy for American,KORD,KIND,AA1628,"E175, B738, A319",60
Air Wisconsin for American,KORD,KAZO,AA6154,CRJ,45
Envoy for American,KORD,KMCI,AA2210,"E175, B738",90
Envoy for American,KORD,KTYS,AA2995,"CRJ, E175",105
Envoy for American,KORD,KLSE,AA2993,"CRJ, E175",60
American Airlines,KORD,KLAS,AA2464,"B738, B38M",240
Envoy for American,KORD,KLEX,AA3554,"CRJ, E175",75
Envoy for American,KORD,KLIT,AA3388,E175,120
American Airlines,KORD,EGSS,AA156H,B763,430
American Airlines,KORD,KLAX,AA1029,"B738, A321",270
Envoy for American,KORD,KSDF,AA2991,"CRJ, E175",80
Envoy for American,KORD,KMSN,AA3533,"CRJ, E175",45
American Airlines,KORD,LEMD,AA126,"B788, B789",460
American Airlines,KORD,EGCC,AA54,B752,540
Air Wisconsin for American,KORD,KMHK ,AA6082,CRJ,105
Envoy for American,KORD,KMEM,AA3251,"CRJ, E175",105
American Airlines,KORD,KMIA,AA1308,"B738, B38M, B752",195
American Airlines,KORD,LIMC,AA96H,B763,570
Envoy for American,KORD,KMKE,AA3109,CRJ,45
American Airlines,KORD,KMSP,AA1039,"E175, B738",90
American Airlines,KORD,MKJS,AA975,B738,230
Envoy for American,KORD,CYUL,AA3528,E175,120
American Airlines,KORD,LIRN,AA180,B788,560
Envoy for American,KORD,KBNA,AA2961,"CRJ, E175",105
American Airlines,KORD,KMSY,AA3317,"E175, B738",140
American Airlines,KORD,KJFK,AA178,B738,140
American Airlines,KORD,KLGA,AA129,"B738, A319, B38M, B752",120
Envoy for American,KORD,KEWR,AA1354,"E175, B738, B38M",140
Envoy for American,KORD,KORF,AA3782,E175,135
Envoy for American,KORD,KXNA,AA3638,E175,105
Envoy for American,KORD,KOKC,AA2952,"CRJ, E175",120
Envoy for American,KORD,KOMA,AA3337,"CRJ, E175, B738",90
American Airlines,KORD,KMCO,AA2398,"B738, A321, B752",165
American Airlines,KORD,LFPG,AA150,B788,485
Envoy for American,KORD,KPIA,AA4069,CRJ,60
American Airlines,KORD,KPHL,AA2506,"B738, A319, A320, A321",120
American Airlines,KORD,KPHX,AA1706,"B738, A321, B38M, B752",225
Envoy for American,KORD,KPIT,AA2856,A319,80
American Airlines,KORD,KPDX,AA1853,B738,245
Envoy for American,KORD,KRIC,AA3276,CRJ,60
Envoy for American,KORD,KRST,AA3471,CRJ,75
Envoy for American,KORD,KROC,AA3686,"CRJ, E175",90
American Airlines,KORD,LIRF,AA110,B788,545
Envoy for American,KORD,KSLC,AA1779,"CRJ, B738",150
American Airlines,KORD,KSAT,AA1012,B738,180
American Airlines,KORD,KSAN,AA1168,"B738, A321, B38M, B752",260
American Airlines,KORD,KSFO,AA1253,"B738, B38M, B752",270
American Airlines,KORD,KSNA,AA1491,"B38M, B752",280
Envoy for American,KORD,KAVP,AA3893,"CRJ, E175",120
American Airlines,KORD,KSEA,AA1045,"B738, B752",270
Air Wisconsin for American,KORD,KFSD,AA6214,CRJ,75
Air Wisconsin for American,KORD,KSPI,AA6191,CRJ,35
Envoy for American,KORD,KSGF,AA3231,E175,90
American Airlines,KORD,KSTL,AA1062,"CRJ, E175, B738",75
American Airlines,KORD,ESSA,AA80H,B763,540
Envoy for American,KORD,KSYR,AA3029,E175,100
American Airlines,KORD,KTPA,AA2409,B738,140
Envoy for American,KORD,KTOL,AA3624,CRJ,50
Envoy for American,KORD,KTVC,AA3061,"CRJ, E175",60
Envoy for American,KORD,CYYZ,AA3604,"E175, B752",70
American Airlines,KORD,KTUS,AA2228,"B738, B38M",170
Envoy for American,KORD,KTUL,AA3611,E175,120
American Airlines,KORD,LIPZ,AA42,B789,590
American Airlines,KORD,KDCA,AA1015,"B738, A319, A320, B38M",120
Envoy for American,KORD,KCWA,AA3387,CRJ,80
American Airlines,KORD,KPBI,AA1022,B738,180
Envoy for American,KORD,KICT,AA3765,"CRJ, E175",120
Envoy for American,KALB,KORD,AA3188,CRJ,120
American Airlines,KABQ,KORD,AA2866,"B738, B38M",240
American Airlines,PANC,KORD,AA1753,B38M,400
American Airlines,LGAV,KORD,AA161,B788,645
American Airlines,KATL,KORD,AA2387,A319,120
American Airlines,KAUS,KORD,AA1305,B738,165
Envoy for American,KBWI,KORD,AA3008,"E175, B738",100
American Airlines,LEBL,KORD,AA41,B788,605
American Airlines,EGBB,KORD,AA25H,B763,550
American Airlines,KBOS,KORD,AA2683,"E175, B738",140
Envoy for American,KBUF,KORD,AA3684,"E175, B738",90
Envoy for American,CYYC,KORD,AA4096,B738,135
Envoy for American,KCID,KORD,AA3618,"CRJ, E175",60
Envoy for American,KCMI,KORD,AA3697,"CRJ, E175",45
SkyWest for American,KCHS,KORD,AA3131,E175,100
American Airlines,KCLT,KORD,AA1031,"B738, A321, B38M",120
Envoy for American,KCVG,KORD,AA3468,"CRJ, E175",75
Envoy for American,KCLE,KORD,AA3468,"CRJ, E175, B738",135
Envoy for American,KCMH,KORD,AA3611,"CRJ, E175",140
Air Wisconsin for American,KDAY,KORD,AA6144,CRJ,80
American Airlines,KDEN,KORD,AA2771,B738,145
Envoy for American,KDSM,KORD,AA2986,"CRJ, E175",60
Envoy for American,KDTW,KORD,AA3006," E175, A319",45
American Airlines,EIDW,KORD,AA209,B788,480
American Airlines,EDDL,KORD,AA241H,B763,535
Envoy for American,KELP,KORD,AA2341,E175,195
Air Wisconsin for American,KEVV,KORD,AA6093,CRJ,60
Envoy for American,KFAR,KORD,AA3659,"CRJ, E175",110
Air Wisconsin for American,KFNT,KORD,AA6147,CRJ,60
American Airlines,KFLL,KORD,AA688,"B738, A321, B752",185
Envoy for American,KFWA,KORD,AA3300,CRJ,45
American Airlines,EGPF,KORD,AA53H,B763,530
Envoy for American,KGRR,KORD,AA3203,"CRJ, E175, B738, B38M",45
Envoy for American,KGRB,KORD,AA3215,"CRJ, E175",60
American Airlines,KBDL,KORD,AA814,"E175, B738",120
American Airlines,EFHK,KORD,AA131H,B763,560
Envoy for American,KHSV,KORD,AA3624,E175,105
Envoy for American,KIND,KORD,AA1629,"E175, B738, A319",60
Air Wisconsin for American,KAZO,KORD,AA6154,CRJ,45
Envoy for American,KMCI,KORD,AA2211,"E175, B738",90
Envoy for American,KTYS,KORD,AA2996,"CRJ, E175",105
Envoy for American,KLSE,KORD,AA2994,"CRJ, E175",60
American Airlines,KLAS,KORD,AA2465,"B738, B38M",240
Envoy for American,KLEX,KORD,AA3555,CRJ. E175,75
Envoy for American,KLIT,KORD,AA3389,E175,120
American Airlines,EGSS,KORD,AA155H,B763,500
American Airlines,KLAX,KORD,AA1030,"B738, A321",270
Envoy for American,KSDF,KORD,AA2992,"CRJ, E175",80
Envoy for American,KMSN,KORD,AA3534,"CRJ, E175",45
American Airlines,LEMD,KORD,AA125,"B788, B789",555
American Airlines,EGCC,KORD,AA55,B752,540
Air Wisconsin for American,KMHK,KORD,AA6082,CRJ,105
Envoy for American,KMEM,KORD,AA3252,"CRJ, E175",105
American Airlines,KMIA,KORD,AA1309,"B738, B38M, B752",195
American Airlines,LIMC,KORD,AA97H,B763,570
Envoy for American,KMKE,KORD,AA3110,CRJ,45
American Airlines,KMSP,KORD,AA1040,"E175, B738",90
American Airlines,MKJS,KORD,AA975,B738,230
Envoy for American,CYUL,KORD,AA3528,E175,120
American Airlines,LIRN,KORD,AA181,B788,585
Envoy for American,KBNA,KORD,AA2962,"CRJ, E175",105
American Airlines,KMSY,KORD,AA3318,"E175, B738",140
American Airlines,KJFK,KORD,AA179,B738,140
American Airlines,KLGA,KORD,AA130,"B738, A319, B38M, B752",120
Envoy for American,KEWR,KORD,AA1355,"E175, B738, B38M",140
Envoy for American,KORF,KORD,AA3783,E175,135
Envoy for American,KXNA,KORD,AA3639,E175,105
Envoy for American,KOKC,KORD,AA2953,"CRJ, E175",120
Envoy for American,KOMA,KORD,AA3338,"CRJ, E175, B738",90
American Airlines,KMCO,KORD,AA2399,"B738, A321, B752",165
American Airlines,LFPG,KORD,AA151,B788,550
Envoy for American,KPIA,KORD,AA4070,CRJ,60
American Airlines,KPHL,KORD,AA2507,"B738, A319, A320, A321",120
American Airlines,KPHX,KORD,AA1707,"B738, A321, B38M, B752",225
Envoy for American,KPIT,KORD,AA2857,A319,80
American Airlines,KPDX,KORD,AA2298,B738,245
Envoy for American,KRIC,KORD,AA3277,CRJ,60
Envoy for American,KRST,KORD,AA3472,CRJ,75
Envoy for American,KROC,KORD,AA3687,"CRJ, E175",90
American Airlines,LIRF,KORD,AA111,B788,640
Envoy for American,KSLC,KORD,AA1780,"CRJ, B738",150
American Airlines,KSAT,KORD,AA1013,B738,180
American Airlines,KSAN,KORD,AA1169,"B738, A321, B38M, B752",260
American Airlines,KSFO,KORD,AA1254,"B738, B38M, B752",270
American Airlines,KSNA,KORD,AA1492,"B38M, B752",280
Envoy for American,KAVP,KORD,AA3894,"CRJ, E175",120
American Airlines,KSEA,KORD,AA1046,"B738, B752",270
Air Wisconsin for American,KFSD,KORD,AA6204,CRJ,75
Air Wisconsin for American,KSPI,KORD,AA6191,CRJ,35
Envoy for American,KSGF,KORD,AA3232,E175,90
American Airlines,KSTL,KORD,AA1063,"CRJ, E175, B738",75
American Airlines,ESSA,KORD,AA81H,B763,540
Envoy for American,KSYR,KORD,AA3030,E175,100
American Airlines,KTPA,KORD,AA1557,B738,140
Envoy for American,KTOL,KORD,AA3625,CRJ,50
Envoy for American,CYYZ,KORD,AA3604,"E175, B752",70
Envoy for American,KTVC,KORD,AA3062,"CRJ, E175",60
American Airlines,KTUS,KORD,AA2229,"B738, B38M",170
Envoy for American,KTUL,KORD,AA3612,E175,120
American Airlines,LIPZ,KORD,AA43,B789,590
American Airlines,KDCA,KORD,AA1016,"B738, A319, A320, B38M",120
Envoy for American,KCWA,KORD,AA3388,CRJ,80
American Airlines,KPBI,KORD,AA1023,B738,180
Envoy for American,KICT,KORD,AA3766,"CRJ, E175",120
Envoy for American,KDFW,KABI,AA4187,E175,40
American Airlines,KDFW,KABQ,AA189,"E175, B738, A321, B752",105
Mesa for American,KDFW,KAMA,AA2618,"CRJ, E175",60
American Airlines,KDFW,EHAM,AA223,B788,540
American Airlines,KDFW,PANC,AA399,"A321, B752",410
American Airlines,KDFW,KATL,AA1630,"E175, B738, B752",105
American Airlines,KDFW,KAUS,AA2222,"CRJ, E175, B738, A319, A320, A321, B38M, B752",60
American Airlines,KDFW,KBWI,AA1106,"B738, B38M, B752",180
American Airlines,KDFW,LEBL,AA192,"B772, B789",560
Mesa for American,KDFW,KBTR,AA3185,"CRJ, E175",60
Mesa for American,KDFW,KBHM,AA5731,"CRJ, E175",105
American Airlines,KDFW,KBOI,AA1104,A321,205
American Airlines,KDFW,KBOS,AA1148,"B738, A321",240
Mesa for American,KDFW,KBRO,AA3206,"CRJ, E175",90
American Airlines,KDFW,KBUR,AA1208,B738,210
Mesa for American,KDFW,CYYC,AA3695,B738,240
American Airlines,KDFW,MMUN,AA2874,"B738, A321, B752",140
Mesa for American,KDFW,KCHS,AA1422,"E175, B738",150
American Airlines,KDFW,KCLT,AA665,A321,60
American Airlines,KDFW,KCYS,AA3121,CRJ,90
American Airlines,KDFW,KORD,AA437,"E175, B738, A321, B789",135
Envoy for American,KDFW,MMCU,AA3385,E175,120
Envoy for American,KDFW,KCLL,AA3545,E175,90
American Airlines,KDFW,KCOS,AA1328,"CRJ, E175, B738",105
Mesa for American,KDFW,KCAE,AA2631,A319,135
Skywest for American,KDFW,KCSG,AA3296,CRJ,90
Envoy for American,KDFW,KCRP,AA3456,E175,75
American Airlines,KDFW,KDEN,AA577,"E175, B738, A321, B752",120
Mesa for American,KDFW,KVPS,AA1047,"E175, B738, A321",120
American Airlines,KDFW,EIDW,AA132,B772,510
American Airlines,KDFW,KEGE,AA1870,"A319, B752",115
Skywest for American,KDFW,KGGG,AA3542,CRJ,40
American Airlines,KDFW,KELP,AA2252,"E175, B738",105
American Airlines,KDFW,KFLL,AA1576,"B738, B38M",165
American Airlines,KDFW,KRSW,AA1070,"B738, A321",150
Envoy for American,KDFW,KFSM,AA3394,E175,45
American Airlines,KDFW,EDDF,AA70,B788,570
American Airlines,KDFW,KFAT,AA1284,"B738, A321",195
Skywest for American,KDFW,KGJT,AA3223,CRJ,120
American Airlines,KDFW,MMGL,AA2313,B738,165
American Airlines,KDFW,MMLO,AA3461,"E175, B738",150
PSA for American,KDFW,KGPT,AA5714,"CRJ, E175",90
American Airlines,KDFW,PHNL,AA123,"B772, B788",510
PSA for American,KDFW,KHOU,AA5723,"CRJ, E175",75
American Airlines,KDFW,KIAH,AA2276,"E175, B738, A319, A320",60
Skywest for American,KDFW,KJAN,AA3665,"CRJ, E175",90
American Airlines,KDFW,KJAC,AA2596,A319,165
American Airlines,KDFW,KJAX,AA12,B738,135
American Airlines,KDFW,KMCI,AA2508,"E175, B738, A321",90
Skywest for American,KDFW,KGRK,AA3191,"CRJ, E175",40
Mesa for American,KDFW,KLFT,AA3327,CRJ,75
Skywest for American,KDFW,KLCH,AA4992,CRJ,55
Envoy for American,KDFW,KLRD,AA3171,E175,65
American Airlines,KDFW,KLAS,AA1657,"A321, B752",165
Skywest for American,KDFW,KLAW,AA3777,CRJ,35
American Airlines,KDFW,KLIT,AA3458,"E175, A319",75
American Airlines,KDFW,KLAX,AA1331,"A321, B752, B772",195
American Airlines,KDFW,KSDF,AA5764,"CRJ, E175, A319, A321",120
Mesa for American,KDFW,KLBB,AA5780,"CRJ, E175, B738",60
American Airlines,KDFW,LEMD,AA36,B772,540
American Airlines,KDFW,KMFE,AA2840,"E175, A319, A320",90
American Airlines,KDFW,KMEM,AA2497,"E175, B738, A319, A321, B38M",90
American Airlines,KDFW,MMMX,AA389,"B738, B752",150
American Airlines,KDFW,KMIA,AA2025,"B738, A321, B38M, B752, B763, B772, B788",180
American Airlines,KDFW,KMAF,AA2823,CRJ,75
American Airlines,KDFW,KMSP,AA2086,B738,90
Envoy for American,KDFW,KMOB,AA5720,E175,90
American Airlines,KDFW,MKJS,AA2726,B738,210
American Airlines,KDFW,MMMY,AA3515,"E175, A319, A320",105
Envoy for American,KDFW,KMGM,AA5734,E175,85
American Airlines,KDFW,KMTJ,AA2029,"B738, A319",110
American Airlines,KDFW,MMMM,AA5756,A319,150
American Airlines,KDFW,KBNA,AA2502,"E175, B738, A321",105
American Airlines,KDFW,KMSY,AA2607,"CRJ, B738, A321, B38M",75
American Airlines,KDFW,KJFK,AA1274,"B738, B752",195
American Airlines,KDFW,KEWR,AA34,"B738, A321, B38M",195
American Airlines,KDFW,KXNA,AA3384,"E175, A320",60
American Airlines,KDFW,KOKC,AA1566,"CRJ, E175, B738, A321",60
American Airlines,KDFW,KOMA,AA2628,"E175, B738, A319, A320",105
American Airlines,KDFW,KONT,AA1086,A321,180
American Airlines,KDFW,KMCO,AA1008,"A321, B752 ",165
American Airlines,KDFW,KPBI,AA2859,B738,150
American Airlines,KDFW,KPSP,AA1523,A321,180
American Airlines,KDFW,LFPG,AA48,"B772, B788",555
American Airlines,KDFW,KPNS,AA2184,"CRJ, B738, A319, A321",105
American Airlines,KDFW,KPHL,AA2533,"B738, A321, B752, B788",195
American Airlines,KDFW,KPHX,AA407,"B738, A321, B752, B788",150
American Airlines,KDFW,KPDX,AA1460,A321,240
American Airlines,KDFW,MMPR,AA353,"B738, A321",180
American Airlines,KDFW,KRDU,AA347,"B738, A321, B752",150
American Airlines,KDFW,KRNO,AA1223,"B738, B752",225
American Airlines,KDFW,BIKF,AA232H,B752,445
American Airlines,KDFW,LIRF,AA240,"B772, B789",600
Skywest for American,KDFW,KROW,AA3163,CRJ,70
American Airlines,KDFW,KSMF,AA2308,A321,210
American Airlines,KDFW,KSLC,AA1006,A321,165
Envoy for American,KDFW,KSJT,AA3106,E175,50
American Airlines,KDFW,KSAT,AA35,"E175, B738, A319, A320, A321, B38M, B752",90
American Airlines,KDFW,KSAN,AA679,"A321, B752",180
American Airlines,KDFW,KSFO,AA1260,"A321, B38M, B752",210
American Airlines,KDFW,KSJC,AA352,"B738, B752",210
American Airlines,KDFW,MMSD,AA1117,"B738, A321",180
American Airlines,KDFW,KSNA,AA1524,"B738, A321, B38M, B752",180
Mesa for American,KDFW,KSAF,AA3188,CRJ,90
American Airlines,KDFW,KSAV,AA190,B738,135
American Airlines,KDFW,KSEA,AA2240,A321,255
Skywest for American,KDFW,KSHV,AA3220,"CRJ, E175",45
Envoy for American,KDFW,KSGF,AA3795,E175,75
American Airlines,KDFW,KGEG,AA484,"B738, A321",210
American Airlines,KDFW,KSTL,AA385,"E175, B738, A319, A321, B38M",105
American Airlines,KDFW,KTPA,AA1351,"B738, A321, B752",135
Envoy for American,KDFW,KTXK,AA3875,E175,45
American Airlines,KDFW,KTUS,AA2710,"B738, A321, B752",135
American Airlines,KDFW,KTUL,AA394,"CRJ, E175, B738, A319, A320, B752",75
Envoy for American,KDFW,KTYR,AA3636,CRJ,30
American Airlines,KDFW,CYVR,AA1415,"A321, B752",255
American Airlines,KDFW,LIPZ,AA130,B772,610
Envoy for American,KDFW,KACT,AA3683,"CRJ, E175",30
American Airlines,KDFW,KICT,AA2451,"CRJ, E175, A319",90
Envoy for American,KDFW,KSPS,AA4072,CRJ,35
Envoy for American,KABI,KDFW,AA4187,E175,40
American Airlines,KABQ,KDFW,AA190,"E175, B738, A321, B752",105
Mesa for American,KAMA,KDFW,AA2619,"CRJ, E175",60
American Airlines,EHAM,KDFW,AA221,B788,540
American Airlines,PANC,KDFW,AA399,"A321, B752",410
American Airlines,KATL,KDFW,AA1630,"E175, B738, B752",105
American Airlines,KAUS,KDFW,AA2223,"CRJ, E175, B738, A319, A320, A321, B38M, B752",60
American Airlines,KBWI,KDFW,AA1107,"B738, B38M, B752",180
American Airlines,LEBL,KDFW,AA193,"B772, B789",645
Mesa for American,KBTR,KDFW,AA3185,"CRJ, E175",60
Mesa for American,KBHM,KDFW,AA5732,"CRJ, E175",105
American Airlines,KBOI,KDFW,AA1107,A321,205
American Airlines,KBOS,KDFW,AA1148,"B738, A321",240
Mesa for American,KBRO,KDFW,AA3206,"CRJ, E175",90
American Airlines,KBUR,KDFW,AA1208,B738,210
Mesa for American,CYYC,KDFW,AA3695,B738,240
American Airlines,MMUN,KDFW,AA2874,"B738, A321, B752",140
Mesa for American,KCHS,KDFW,AA1422,"E175, B738",150
American Airlines,KCLT,KDFW,AA1816,A321,60
American Airlines,KCYS,KDFW,AA3117,CRJ,90
American Airlines,KORD,KDFW,AA437,"E175, B738, A321, B789",135
Envoy for American,MMCU,KDFW,AA3385,E175,120
Envoy for American,KCLL,KDFW,AA3025,E175,90
American Airlines,KCOS,KDFW,AA1328,"CRJ, E175, B738",105
Mesa for American,KCAE,KDFW,AA2631,A319,135
Skywest for American,KCSG,KDFW,AA3297,CRJ,90
Envoy for American,KCRP,KDFW,AA3456,E175,75
American Airlines,KDEN,KDFW,AA2512,"E175, B738, A321, B752",120
Mesa for American,KVPS,KDFW,AA1047,"E175, B738, A321",120
American Airlines,EIDW,KDFW,AA133,B772,575
American Airlines,KEGE,KDFW,AA1870,"A319, B752",115
Skywest for American,KGGG,KDFW,AA3542,CRJ,40
American Airlines,KELP,KDFW,AA2252,"E175, B738",105
American Airlines,KFLL,KDFW,AA1576,"B738, B38M",165
American Airlines,KRSW,KDFW,AA1070,"B738, A321",150
Envoy for American,KFSM,KDFW,AA3718,E175,45
American Airlines,EDDF,KDFW,AA71,B788,570
American Airlines,KFAT,KDFW,AA1285,"B738, A321",195
Skywest for American,KGJT,KDFW,AA3224,CRJ,120
American Airlines,MMGL,KDFW,AA1034,B738,165
American Airlines,MMLO,KDFW,AA3461,"E175, B738",150
PSA for American,KGPT,KDFW,AA4151,"CRJ, E175",90
American Airlines,PHNL,KDFW,AA124,"B772, B788",510
PSA for American,KHOU,KDFW,AA3225,"CRJ, E175",75
American Airlines,KIAH,KDFW,AA2551,"E175, B738, A319, A320",60
Skywest for American,KJAN,KDFW,AA3236,"CRJ, E175",90
American Airlines,KJAC,KDFW,AA2377,A319,165
American Airlines,KJAX,KDFW,AA12,B738,135
American Airlines,KMCI,KDFW,AA1098,"E175, B738, A321",90
Skywest for American,KGRK,KDFW,AA3191,"CRJ, E175",40
Mesa for American,KLFT,KDFW,AA3327,CRJ,75
Skywest for American,KLCH,KDFW,AA4929,CRJ,55
Envoy for American,KLRD,KDFW,AA3171,E175,65
American Airlines,KLAS,KDFW,AA1203,"A321, B752",165
Skywest for American,KLAW,KDFW,AA3777,CRJ,35
American Airlines,KLIT,KDFW,AA1522,"E175, A319",75
American Airlines,KLAX,KDFW,AA1247,"A321, B752, B772",195
American Airlines,KSDF,KDFW,AA1747,"CRJ, E175, A319, A321",120
Mesa for American,KLBB,KDFW,AA1203,"CRJ, E175, B738",60
American Airlines,LEMD,KDFW,AA37,B772,540
American Airlines,KMFE,KDFW,AA1027,"E175, A319, A320",90
American Airlines,KMEM,KDFW,AA1827,"E175, B738, A319, A321, B38M",90
American Airlines,MMMX,KDFW,AA1526,"B738, B752",150
American Airlines,KMIA,KDFW,AA1042,"B738, A321, B38M, B752, B763, B772, B788",180
American Airlines,KMAF,KDFW,AA2325,CRJ,75
American Airlines,KMSP,KDFW,AA1395,B738,90
Envoy for American,KMOB,KDFW,AA3315,E175,90
American Airlines,MKJS,KDFW,AA2500,B738,210
American Airlines,MMMY,KDFW,AA3451,"E175, A319, A320",105
Envoy for American,KMGM,KDFW,AA5734,E175,85
American Airlines,KMTJ,KDFW,AA2029,"B738, A319",110
American Airlines,MMMM,KDFW,AA5756,A319,150
American Airlines,KBNA,KDFW,AA1166,"E175, B738, A321",105
American Airlines,KMSY,KDFW,AA1053,"CRJ, B738, A321, B38M",75
American Airlines,KJFK,KDFW,AA2234,"B738, B752",195
American Airlines,KEWR,KDFW,AA1035,"B738, A321, B38M",195
American Airlines,KXNA,KDFW,AA1217,"E175, A320",60
American Airlines,KOKC,KDFW,AA1072,"CRJ, E175, B738, A321",60
American Airlines,KOMA,KDFW,AA2343,"E175, B738, A319, A320",105
American Airlines,KONT,KDFW,AA1412,A321,180
American Airlines,KMCO,KDFW,AA1008,"A321, B752 ",165
American Airlines,KPBI,KDFW,AA1220,B738,150
American Airlines,KPSP,KDFW,AA1523,A321,180
American Airlines,LFPG,KDFW,AA49,"B772, B788",555
American Airlines,KPNS,KDFW,AA2389,"CRJ, B738, A319, A321",105
American Airlines,KPHL,KDFW,AA1151,"B738, A321, B752, B788",195
American Airlines,KPHX,KDFW,AA1295,"B738, A321, B752, B788",150
American Airlines,KPDX,KDFW,AA1316,A321,240
American Airlines,MMPR,KDFW,AA1215,"B738, A321",180
American Airlines,KRDU,KDFW,AA1129,"B738, A321, B752",150
American Airlines,KRNO,KDFW,AA1223,"B738, B752",225
American Airlines,BIKF,KDFW,AA233H,B752,445
American Airlines,LIRF,KDFW,AA241,"B772, B789",600
Skywest for American,KROW,KDFW,AA3100,CRJ,70
American Airlines,KSMF,KDFW,AA1233,A321,210
American Airlines,KSLC,KDFW,AA1006,A321,165
Envoy for American,KSJT,KDFW,AA3106,E175,50
American Airlines,KSAT,KDFW,AA1035,"E175, B738, A319, A320, A321, B38M, B752",90
American Airlines,KSAN,KDFW,AA1055,"A321, B752",180
American Airlines,KSFO,KDFW,AA1198,"A321, B38M, B752",210
American Airlines,KSJC,KDFW,AA1019,"B738, B752",210
American Airlines,MMSD,KDFW,AA1117,"B738, A321",180
American Airlines,KSNA,KDFW,AA1104,"B738, A321, B38M, B752",180
Mesa for American,KSAF,KDFW,AA3156,CRJ,90
American Airlines,KSAV,KDFW,AA2373,B738,135
American Airlines,KSEA,KDFW,AA1079,A321,255
Skywest for American,KSHV,KDFW,AA1108,"CJR, E175",45
Envoy for American,KSGF,KDFW,AA3516,E175,75
American Airlines,KGEG,KDFW,AA303,"B738, A321",210
American Airlines,KSTL,KDFW,AA1021,"E175, B738, A319, A321, B38M",105
American Airlines,KTPA,KDFW,AA1189,"B738, A321, B752",135
Envoy for American,KTXK,KDFW,AA3875,E175,45
American Airlines,KTUS,KDFW,AA1097,"B738, A321, B752",135
American Airlines,KTUL,KDFW,AA1090,"CRJ, E175, B738, A319, A320, B752",75
Envoy for American,KTYR,KDFW,AA3636,CRJ,30
American Airlines,CYVR,KDFW,AA1415,"A321, B752",255
American Airlines,LIPZ,KDFW,AA131,B772,675
Envoy for American,KACT,KDFW,AA3898,"CRJ, E175",30
American Airlines,KICT,KDFW,AA1038,"CRJ, E175, A319",90
Envoy for American,KSPS,KDFW,AA4072,CRJ,35
American Airlines,KLAX,KBOS,AA1423,"A321, B752",330
SkyWest for American,KLAX,KDEN,AA1713,E175,130
Compass for American,KLAX,KFAT,AA2957,CRJ,75
American Airlines,KLAX,PHNL,AA143,"A321, B752",360
SkyWest for American,KLAX,KIAH,AA416,E175,195
American Airlines,KLAX,PHOG,AA205,"A321, B752",360
American Airlines,KLAX,PHKO,AA59,"A321, B752",360
American Airlines,KLAX,KLAS,AA1366,"B738, A321",60
American Airlines,KLAX,PHLI,AA265,A321,360
American Airlines,KLAX,KMIA,AA1297,"B738, A321, B38M, B752, B772, B77W",300
American Airlines,KLAX,KMCO,AA1037,A321,300
American Airlines,KLAX,KPHL,AA1799,A321,330
American Airlines,KLAX,KPHX,AA2447,"B738, A321",90
SkyWest for American,KLAX,KPDX,AA4880,CRJ,125
Compass for American,KLAX,KRNO,AA6009,CRJ,90
SkyWest for American,KLAX,KSMF,AA6066,E175,90
Compass for American,KLAX,KSAN,AA6035,CRJ,45
SkyWest for American,KLAX,KSFO,AA1095,E175,85
Compass for American,KLAX,KSJC,AA6026,CRJ,75
SkyWest for American,KLAX,KSEA,AA3074,CRJ,140
SkyWest for American,KLAX,KTUS,AA3179,"CRJ, E175",75
American Airlines,KLAX,KIAD,AA303,"B738, B752",300
American Airlines,KBOS,KLAX,AA1424,"A321, B752",330
SkyWest for American,KDEN,KLAX,AA1714,E175,130
Compass for American,KFAT,KLAX,AA2958,CRJ,75
American Airlines,PHNL,KLAX,AA144,"A321, B752",360
SkyWest for American,KIAH,KLAX,AA417,E175,195
American Airlines,PHOG,KLAX,AA206,"A321, B752",360
American Airlines,PHKO,KLAX,AA60,"A321, B752",360
American Airlines,KLAS,KLAX,AA1889,"B738, A321",60
American Airlines,PHLI,KLAX,AA266,A321,360
American Airlines,KMIA,KLAX,AA1298,"B738, A321, B38M, B752, B772, B77W",300
American Airlines,KMCO,KLAX,AA1038,A321,300
American Airlines,KPHL,KLAX,AA1800,A321,330
American Airlines,KPHX,KLAX,AA2448,"B738, A321",90
SkyWest for American,KPDX,KLAX,AA4880,CRJ,125
Compass for American,KRNO,KLAX,AA6010,CRJ,90
SkyWest for American,KSMF,KLAX,AA6067,E175,90
Compass for American,KSAN,KLAX,AA6036,CRJ,45
SkyWest for American,KSFO,KLAX,AA1096,E175,85
Compass for American,KSJC,KLAX,AA6027,CRJ,75
SkyWest for American,KSEA,KLAX,AA3074,CRJ,140
SkyWest for American,KTUS,KLAX,AA3180,"CRJ, E175",75
American Airlines,KIAD,KLAX,AA304,"B738, B752",300
American Airlines,KMIA,TAPA,AA383,"B738, B38M",170
American Airlines,KMIA,TNCA,AA2217,"B738, A321, B38M, B752",165
American Airlines,KMIA,KATL,AA795,"B738, A319, A321, B38M",105
American Airlines,KMIA,KAUS,AA1290,"A319, B738, B38M",190
American Airlines,KMIA,KBWI,AA1283,"B738, B38M",150
American Airlines,KMIA,LEBL,AA112,B788,540
American Airlines,KMIA,MZBZ,AA2476,"B738, A319, B752",105
Envoy for American,KMIA,KBHM,AA3841,E175,120
American Airlines,KMIA,KBOS,AA29,"B738, A321, B38M, B752, B763",180
American Airlines,KMIA,TBPB,AA1380,"B738, A321, B38M",205
American Airlines,KMIA,MMUN,AA2492,"B738, A319, A321, B38M, B752, B763",105
Envoy for American,KMIA,KCHS,AA4430,"E175, A319",105
American Airlines,KMIA,MHPR,AA359,"B738, B38M",135
American Airlines,KMIA,TNCC,AA2739,"B738, B38M",180
American Airlines,KMIA,KDEN,AA2455,A321,240
American Airlines,KMIA,MSLP,AA1081,"B738, B38M, B752",140
American Airlines,KMIA,EDDF,AA250H,B763,610
American Airlines,KMIA,TGPY,AA1546,A321,195
American Airlines,KMIA,MGGT,AA2432,"B738, B38M",150
American Airlines,KMIA,MUHA,AA2705,"B738, A319, B38M",95
American Airlines,KMIA,KIAH,AA2475,"B738, B38M",165
Envoy for American,KMIA,KJAX,AA4296,"E175, B738, A319, B38M",60
Envoy for American,KMIA,KEYW,AA4694,E175,45
American Airlines,KMIA,MKJP,AA1082,"B738, B38M",90
Envoy for American,KMIA,KTYS,AA4604,E175,105
American Airlines,KMIA,KLAS,AA1810,"B738, A321, B38M, B752, B763",315
American Airlines,KMIA,SPJC,AA917,"A321, B752",300
American Airlines,KMIA,LEMD,AA68,B772,510
American Airlines,KMIA,MNMG,AA2243,"B738, B38M",150
American Airlines,KMIA,EGCC,AA158H,B763,550
American Airlines,KMIA,TFFF,AA3501,B738,195
American Airlines,KMIA,MMMX,AA1303,"B738, B38M, B752",210
American Airlines,KMIA,LIMC,AA206,"B772, B77W",570
American Airlines,KMIA,MKJS,AA1501,"B738, B38M, B752",90
Envoy for American,KMIA,MMMY,AA3756,E175,170
American Airlines,KMIA,KBNA,AA1519,"E175, B738, A319, A321, B38M",135
American Airlines,KMIA,MYNN,AA1022,"A319, B738",35
American Airlines,KMIA,KMSY,AA2355,"E175, B738, A319, A321, B38M",135
American Airlines,KMIA,KJFK,AA401,"B738, B38M B752, B763, MD11",165
American Airlines,KMIA,KLGA,AA4517,"B738, B38M, B752",165
American Airlines,KMIA,KEWR,AA1060,"B738, B38M, B752",165
American Airlines,KMIA,KMCO,AA1194,"B738, A319, A321, B38M, B752",60
American Airlines,KMIA,MPTO,AA959,"A319, B752",180
American Airlines,KMIA,LFPG,AA62,B772,510
Envoy for American,KMIA,KPNS,AA3733,E175,60
American Airlines,KMIA,KPHL,AA2329,"A321, B752, B763, B788",165
American Airlines,KMIA,KPHX,AA1983,"B38M, A321",285
Envoy for American,KMIA,TFFR,AA3714,B738,185
American Airlines,KMIA,TTPP,AA2703,"B738, B38M, B752",205
American Airlines,KMIA,MBPV,AA1900,"B738, B38M",110
American Airlines,KMIA,MDPP,AA935,A319,135
Envoy for American,KMIA,KRDU,AA3899,"B738, A321, B38M",100
American Airlines,KMIA,LIRF,AA52,B772,570
American Airlines,KMIA,TLPL,AA2295,"A321, B38M, B752",190
American Airlines,KMIA,KSFO,AA2688,"B38M, A321, B752, B763",360
American Airlines,KMIA,MROC,AA1353,"B738, B38M",150
American Airlines,KMIA,TJSJ,AA1341,"B738, A321, B38M, B752, B763",180
American Airlines,KMIA,MHLM,AA2155,"B738, B38M",115
American Airlines,KMIA,MDST,AA776,B738,105
American Airlines,KMIA,MDSD,AA1337,"B738, B38M, B752",135
Envoy for American,KMIA,KSAV,AA3404,B738,90
American Airlines,KMIA,TISX,AA1293,B38M,170
American Airlines,KMIA,TKPK,AA318,"A319, A321, B38M",165
American Airlines,KMIA,TIST,AA943,"B38M, B752",180
Envoy for American,KMIA,KTLH,AA3663,E175,60
American Airlines,KMIA,KTPA,AA2804,"E175, B738, A319, A321, B38M, B752",60
American Airlines,KMIA,CYYZ,AA1572,A319,160
American Airlines,KMIA,KDCA,AA1989,"B738, A319, B38M, B752",135
American Airlines,TAPA,KMIA,AA2596,"B738, B38M",170
American Airlines,TNCA,KMIA,AA2218,"B738, A321, B38M, B752",165
American Airlines,KATL,KMIA,AA796,"B738, A319, A321, B38M",105
American Airlines,KAUS,KMIA,AA1352,"A319, B738, B38M",190
American Airlines,KBWI,KMIA,AA1283,"B738, B38M",150
American Airlines,LEBL,KMIA,AA113,B788,540
American Airlines,MZBZ,KMIA,AA2477,"B738, A319, B752",105
Envoy for American,KBHM,KMIA,AA3942,E175,120
American Airlines,KBOS,KMIA,AA30,"B738, A321, B38M, B752, B763",180
American Airlines,TBPB,KMIA,AA441,"B738, A321, B38M",205
American Airlines,MMUN,KMIA,AA2493,"B738, A319, A321, B38M, B752, B763",105
Envoy for American,KCHS,KMIA,AA4431,"E175, A319",105
American Airlines,MHPR,KMIA,AA2580,"B738, B38M",135
American Airlines,TNCC,KMIA,AA2740,"B738, B38M",180
American Airlines,KDEN,KMIA,AA2456,"B738, A319, A321",240
American Airlines,MSLP,KMIA,AA2756,"B738, B38M, B752",140
American Airlines,EDDF,KMIA,AA251H,B763,610
American Airlines,TGPY,KMIA,AA1546,A321,195
American Airlines,MGGT,KMIA,AA2433,"B738, B38M",150
American Airlines,MUHA,KMIA,AA2706,"B738, A319, B38M",95
American Airlines,KIAH,KMIA,AA2476,"B738, B38M",165
Envoy for American,KJAX,KMIA,AA4297,"E175, B738, A319, B38M",60
Envoy for American,KEYW,KMIA,AA4695,E175,45
American Airlines,MKJP,KMIA,AA1083,"B738, B38M",90
Envoy for American,KTYS,KMIA,AA4605,E175,105
American Airlines,KLAS,KMIA,AA1811,"B738, A321, B38M, B752, B763",315
American Airlines,SPJC,KMIA,AA918,"A321, B752",300
American Airlines,LEMD,KMIA,AA69,B772,510
American Airlines,MNMG,KMIA,AA2244,"B738, B38M",150
American Airlines,EGCC,KMIA,AA159H,B763,550
American Airlines,TFFF,KMIA,AA3501,B738,195
American Airlines,MMMX,KMIA,AA1304,"B738, B38M, B752",210
American Airlines,LIMC,KMIA,AA207,"B772, B77W",570
American Airlines,MKJS,KMIA,AA1502,"B738, B38M, B752",90
Envoy for American,MMMY,KMIA,AA3755,E175,170
American Airlines,KBNA,KMIA,AA1520,"E175, B738, A319, A321, B38M",135
American Airlines,MYNN,KMIA,AA1022,"A319, B738",35
American Airlines,KMSY,KMIA,AA2356,"E175, B738, A319, A321, B38M",135
American Airlines,KJFK,KMIA,AA309,"B738, B38M B752, B763, MD11",165
American Airlines,KLGA,KMIA,AA4518,"B738, B38M, B752",165
American Airlines,KEWR,KMIA,AA1061,"B738, B38M, B752",165
American Airlines,KMCO,KMIA,AA1195,"B738, A319, A321, B38M, B752",60
American Airlines,MPTO,KMIA,AA960,"A319, B752",180
American Airlines,LFPG,KMIA,AA63,B772,510
Envoy for American,KPNS,KMIA,Aa3734,E175,60
American Airlines,KPHL,KMIA,AA2330,"A321, B752, B763, B788",165
American Airlines,KPHX,KMIA,AA1984,"B38M, A321",285
Envoy for American,TFFR,KMIA,AA3714,B738,185
American Airlines,TTPP,KMIA,AA2703,"B738, B38M, B752",205
American Airlines,MBPV,KMIA,AA1900,"B738, B38M",110
American Airlines,MDPP,KMIA,AA936,B738,135
Envoy for American,KRDU,KMIA,AA3899,"B738, A321, B38M",100
American Airlines,LIRF,KMIA,AA53,B772,605
American Airlines,TLPL,KMIA,AA2295,"A321, B38M, B752",190
American Airlines,KSFO,KMIA,AA2689,"B38M, A321, B752, B763",360
American Airlines,MROC,KMIA,AA1354,"B738, B38M",150
American Airlines,TJSJ,KMIA,AA1342,"B738, A321, B38M, B752, B763",180
American Airlines,MHLM,KMIA,AA2154,"B738, B38M",115
American Airlines,MDST,KMIA,AA776,B738,105
American Airlines,MDSD,KMIA,AA1338,"B738, B38M, B752",135
Envoy for American,KSAV,KMIA,AA3405,B738,90
American Airlines,TISX,KMIA,AA1293,B38M,170
American Airlines,TKPK,KMIA,AA318,"A319, A321, B38M",165
American Airlines,TIST,KMIA,AA944,"B38M, B752",180
Envoy for American,KTLH,KMIA,AA3664,E175,60
American Airlines,KTPA,KMIA,AA2805,"E175, B738, A319, A321, B38M, B752",60
American Airlines,CYYZ,KMIA,AA1572,A319,160
American Airlines,KDCA,KMIA,AA1990,"B738, A319, B38M, B752",135
American Airlines,KJFK,KAUS,AA2772,"A319, A321",255
American Airlines,KJFK,LGAV,AA334,B772,530
American Airlines,KJFK,KBWI,AA3796,B738,75
American Airlines,KJFK,LEBL,AA66,B772,450
American Airlines,KJFK,TXKF,AA1289,"A319, B738",120
American Airlines,KJFK,EGBB,AA130H,B752,435
Republic for American,KJFK,KBOS,AA1278,E175,75
Envoy for American,KJFK,KCVG,AA3320,E175,135
Envoy for American,KJFK,KCLE,AA4666,E175,115
Envoy for American,KJFK,KCMH,AA4467,E175,105
American Airlines,KJFK,EGPH,AA278H,B752,415
American Airlines,KJFK,KFLL,AA1875,B738,175
Envoy for American,KJFK,KIND,AA3336,E175,135
American Airlines,KJFK,KLAS,AA2836,"B738, B752",350
American Airlines,KJFK,EGSS,AA124H,B763,370
American Airlines,KJFK,KLAX,AA1,"A321, B752",330
American Airlines,KJFK,LEMD,AA94,"B772, B77W",420
American Airlines,KJFK,EGCC,AA210H,B752,420
American Airlines,KJFK,LIMC,AA198,B772,450
Envoy for American,KJFK,CYUL,AA3940,E175,90
Envoy for American,KJFK,KBNA,AA3829,E175,150
Envoy for American,KJFK,KORF,AA3749,E175,90
American Airlines,KJFK,LFPG,AA44,B772,415
American Airlines,KJFK,KPHX,AA2829,B38M,310
Envoy for American,KJFK,KPIT,AA3653,E175,90
Envoy for American,KJFK,KRDU,AA3878,E175,105
American Airlines,KJFK,LIRF,AA236,B77W,455
American Airlines,KJFK,KSFO,AA177,A321,360
Republic for American,KJFK,CYYZ,AA4401,E175,75
American Airlines,KJFK,KDCA,AA2773,E175,75
American Airlines,KAUS,KJFK,AA2773,"A319, A321",255
American Airlines,LGAV,KJFK,AA333,B772,610
American Airlines,KBWI,KJFK,AA3797,B738,75
American Airlines,LEBL,KJFK,AA67,B772,450
American Airlines,TXKF,KJFK,AA1289,"A319, B738",120
American Airlines,EGBB,KJFK,AA131H,B752,435
Republic for American,KBOS,KJFK,AA1279,E175,75
Envoy for American,KCVG,KJFK,AA3321,E175,135
Envoy for American,KCLE,KJFK,AA4892,E175,115
Envoy for American,KCMH,KJFK,AA4468,E175,105
American Airlines,EGPH,KJFK,AA279H,B752,480
American Airlines,KFLL,KJFK,AA1875,B738,175
Envoy for American,KIND,KJFK,AA3337,E175,135
American Airlines,KLAS,KJFK,AA2382,"B738, B752",350
American Airlines,EGSS,KJFK,AA125H,B763,455
American Airlines,KLAX,KJFK,AA2,"A321, B752",330
American Airlines,LEMD,KJFK,AA95,"B772, B77W",420
American Airlines,EGCC,KJFK,AA211H,B752,420
American Airlines,LIMC,KJFK,AA199,B772,450
Envoy for American,CYUL,KJFK,AA3941,E175,90
Envoy for American,KBNA,KJFK,AA3830,E175,150
Envoy for American,KORF,KJFK,AA3750,E175,90
American Airlines,LFPG,KJFK,AA45,B772,435
American Airlines,KPHX,KJFK,AA2339,B38M,310
Envoy for American,KPIT,KJFK,AA3654,E175,90
Envoy for American,KRDU,KJFK,AA3879,E175,105
American Airlines,LIRF,KJFK,AA235,B77W,515
American Airlines,KSFO,KJFK,AA178,A321,360
Republic for American,CYYZ,KJFK,AA4357,E175,75
American Airlines,KDCA,KJFK,AA2774,E175,75
Piedmont for American,KPHL,KALB,AA6060,CRJ,50
American Airlines,KPHL,EHAM,AA204,B788,435
American Airlines,KPHL,LGAV,AA758,B788,585
American Airlines,KPHL,KATL,AA1866,"A319, A320",165
American Airlines,KPHL,KAUS,AA1394,"B738, A319, A321",185
Republic for American,KPHL,KBWI,AA4766,CRJ,45
American Airlines,KPHL,LEBL,AA742,B789,450
American Airlines,KPHL,EDDT,AA64H,B763,485
PSA for American,KPHL,KBHM,AA5331,CRJ,130
American Airlines,KPHL,LIPE,AA130H,B763,495
American Airlines,KPHL,KBOS,AA1856,"A319, A320",50
American Airlines,KPHL,EBBR,AA750H,B752,480
American Airlines,KPHL,LHBP,AA96,B763,495
PSA for American,KPHL,KBUF,AA5094,CRJ,80
PSA for American,KPHL,KBTV,AA5365,"CRJ, E175, A319",55
American Airlines,KPHL,MMUN,AA805,"A321, B763",225
Piedmont for American,KPHL,KCHS,AA6085,"CRJ, A319",110
PSA for American,KPHL,KCVG,AA5365,CRJ,100
PSA for American,KPHL,KCLE,AA5218,"CRJ, A319",70
Republic for American,KPHL,KCMH,AA4425,"CRJ, E175",90
American Airlines,KPHL,EKCH,AA744,B789,480
PSA for American,KPHL,KDAY,AA5687,CRJ,90
American Airlines,KPHL,KDEN,AA1781,A321,225
PSA for American,KPHL,KDTW,AA5119,CRJ,90
American Airlines,KPHL,EIDW,AA722,B789,365
American Airlines,KPHL,LDDU,AA148H,B763,535
American Airlines,KPHL,EGPH,AA278,"B788, B789",420
American Airlines,KPHL,KFLL,AA1870,A320,150
American Airlines,KPHL,KRSW,AA404,"A319, A320, A321",165
American Airlines,KPHL,EGPF,AA24H,B752,370
PSA for American,KPHL,KGSO,AA5652,CRJ,75
PSA for American,KPHL,KGSP,AA5058,CRJ,95
Piedmont for American,KPHL,KMDT,AA6217,CRJ,65
PSA for American,KPHL,KBDL,AA5056,CRJ,55
Republic for American,KPHL,KIAH,AA4542,"CRJ, E175, A319",225
Republic for American,KPHL,KIND,AA4808,"CRJ, E175",100
PSA for American,KPHL,KJAX,AA5521,CRJ,120
Republic for American,KPHL,KMCI,AA1916,"CRJ, A319",165
PSA for American,KPHL,KTYS,AA5352,CRJ,100
American Airlines,KPHL,KLAS,AA589,A321,315
Piedmont for American,KPHL,KLEX,AA6216,CRJ,100
American Airlines,KPHL,LPPT,AA258,B789,390
Piedmont for American,KPHL,KSDF,AA5744,CRJ,110
American Airlines,KPHL,LEMD,AA740,B789,405
American Airlines,KPHL,EGCC,AA734,B789,390
American Airlines,KPHL,LIMC,AA298,B788,450
PSA for American,KPHL,KMYR,AA5297,"CRJ, A319",125
American Airlines,KPHL,LIRN,AA780,B789,490
American Airlines,KPHL,KBNA,AA1280,B738,100
American Airlines,KPHL,LFMN,AA746,B789,450
PSA for American,KPHL,KORF,AA5571,CRJ,65
American Airlines,KPHL,KMCO,AA1993,"A320, A321",165
American Airlines,KPHL,KPBI,AA1647,"A320, A321",150
American Airlines,KPHL,LFPG,AA754,B789,435
American Airlines,KPHL,KPHX,AA765,"B738, A321, B752",285
American Airlines,KPHL,KPIT,AA1948,"CRJ, E175, A319, A320",75
American Airlines,KPHL,LKPR,AA52,B763,480
American Airlines,KPHL,KRDU,AA2644,"E175, A319, A320",95
Piedmont for American,KPHL,KRIC,AA6051,CRJ,50
Piedmont for American,KPHL,KROC,AA5903,CRJ,55
American Airlines,KPHL,LIRF,AA718,B788,480
American Airlines,KPHL,KSAN,AA2066,A321,315
American Airlines,KPHL,KSFO,AA614,"B738, A321, B763",330
American Airlines,KPHL,TJSJ,AA1529,"B738, A321",270
American Airlines,KPHL,KSEA,AA436,A321,345
American Airlines,KPHL,EINN,AA88,B752,390
American Airlines,KPHL,KSTL,AA1733,"CRJ, A319, A320",105
Piedmont for American,KPHL,KUNV,AA6180,CRJ,45
Piedmont for American,KPHL,KSYR,AA6179,CRJ,45
American Airlines,KPHL,KTPA,AA809,"A320, A321",165
American Airlines,KPHL,LIPZ,AA714,B788,465
Republic for American,KPHL,KDCA,AA4515,"CRJ, E175",60
Piedmont for American,KPHL,KILM,AA6099,CRJ,110
Piedmont for American,KALB,KPHL,AA6163,CRJ,50
American Airlines,EHAM,KPHL,AA203,B788,435
American Airlines,LGAV,KPHL,AA759,B788,610
American Airlines,KATL,KPHL,AA1907,"A319, A320",165
American Airlines,KAUS,KPHL,AA2774,"B738, A319, A321",185
Republic for American,KBWI,KPHL,AA4726,CRJ,45
American Airlines,LEBL,KPHL,AA743,B789,450
American Airlines,EDDT,KPHL,AA65H,B763,485
PSA for American,KBHM,KPHL,AA5188,CRJ,130
American Airlines,LIPE,KPHL,AA131H,B763,495
American Airlines,KBOS,KPHL,AA1201,"A319, A320",50
American Airlines,EBBR,KPHL,AA751H,B752,480
American Airlines,LHBP,KPHL,AA97,B763,495
PSA for American,KBUF,KPHL,AA5476,CRJ,80
PSA for American,KBTV,KPHL,AA5722,"CRJ, E175, A319",55
American Airlines,MMUN,KPHL,AA805,"A321, B763",225
Piedmont for American,KCHS,KPHL,AA6085,"CRJ, A319",110
PSA for American,KCVG,KPHL,AA5578,CRJ,100
PSA for American,KCLE,KPHL,AA5471,"CRJ, A319",70
Republic for American,KCMH,KPHL,AA4420,"CRJ, E175",90
American Airlines,EKCH,KPHL,AA745,B789,480
PSA for American,KDAY,KPHL,AA5238,CRJ,90
American Airlines,KDEN,KPHL,AA1781,A321,225
PSA for American,KDTW,KPHL,AA5338,CRJ,90
American Airlines,EIDW,KPHL,AA723,B789,395
American Airlines,LDDU,KPHL,AA149H,B763,535
American Airlines,EGPH,KPHL,AA279,"B788, B789",420
American Airlines,KFLL,KPHL,AA1047,A320,150
American Airlines,KRSW,KPHL,AA1063,"A319, A320, A321",165
American Airlines,EGPF,KPHL,AA25H,B752,475
PSA for American,KGSO,KPHL,AA5634,CRJ,75
PSA for American,KGSP,KPHL,AA5175,CRJ,95
Piedmont for American,KMDT,KPHL,AA6098,CRJ,65
PSA for American,KBDL,KPHL,AA5115,CRJ,55
Republic for American,KIAH,KPHL,AA4487,"CRJ, E175, A319",225
Republic for American,KIND,KPHL,AA4790,"CRJ, E175",100
PSA for American,KJAX,KPHL,AA5162,CRJ,120
Republic for American,KMCI,KPHL,AA1916,"CRJ, A319",165
PSA for American,KTYS,KPHL,AA5620,CRJ,100
American Airlines,KLAS,KPHL,AA573,A321,315
Piedmont for American,KLEX,KPHL,AA6175,CRJ,100
American Airlines,LPPT,KPHL,AA259,B789,390
Piedmont for American,KSDF,KPHL,AA5744,CRJ,110
American Airlines,LEMD,KPHL,AA741,B789,405
American Airlines,EGCC,KPHL,AA735,B789,390
American Airlines,LIMC,KPHL,AA299,B788,510
PSA for American ,KMYR,KPHL,AA4529,"CRJ, A319",125
American Airlines,LIRN,KPHL,AA781,B789,490
American Airlines,KBNA,KPHL,AA1389,B738,100
American Airlines,LFMN,KPHL,AA747,B789,490
PSA for American,KORF,KPHL,AA5659,CRJ,65
American Airlines,KMCO,KPHL,AA1078,"A320, A321",165
American Airlines,KPBI,KPHL,AA1820,"A320, A321",150
American Airlines,LFPG,KPHL,AA755,B789,435
American Airlines,KPHX,KPHL,AA782,"B738, A321, B752",285
American Airlines,KPIT,KPHL,AA1948,"CRJ, E175, A319, A320",75
American Airlines,LKPR,KPHL,AA53,B763,480
American Airlines,KRDU,KPHL,AA1115,"E175, A319, A320",95
Piedmont for American,KRIC,KPHL,AA6076,CRJ,50
Piedmont for American,KROC,KPHL,AA5941,CRJ,55
American Airlines,LIRF,KPHL,AA719,B788,480
American Airlines,KSAN,KPHL,AA1367,A321,315
American Airlines,KSFO,KPHL,AA700,"B738, A321, B763",330
American Airlines,TJSJ,KPHL,AA1496,"B738, A321",270
American Airlines,KSEA,KPHL,AA564,A321,345
American Airlines,EINN,KPHL,AA89,B752,420
Piedmont for American,KUNV,KPHL,AA6180,"CRJ, A319, A320",45
American Airlines,KSTL,KPHL,AA2005,CRJ,105
Piedmont for American,KSYR,KPHL,AA6132,CRJ,45
American Airlines,KTPA,KPHL,AA1875,"A320, A321",165
American Airlines,LIPZ,KPHL,AA715,B788,465
Republic for American,KDCA,KPHL,AA148,"CRJ, E175",60
Piedmont for American,KILM,KPHL,AA6208,CRJ,110
SkyWest for American,KPHX,KABQ,AA3081,"CRJ, E175, A319",65
Mesa for American,KPHX,KELP,AA5779,"CRJ, E175",55
SkyWest for American,KPHX,KFAT,AA3006,"CRJ, A320",80
American Airlines,KPHX,KLAS,AA2800,"B738, A320, A321",55
American Airlines,KPHX,KONT,AA1432,"CRJ, A319, A321",65
Mesa for American,KPHX,KSLC,AA5872,E175,85
American Airlines,KPHX,KSAN,AA559,"B738, A321, B38M",90
American Airlines,KPHX,KSFO,AA629,"E175, B738, A321, B38M",100
American Airlines,KPHX,KSJC,AA2108,"CRJ, E175, B38M",100
American Airlines,KPHX,KSNA,AA2094,"B738, A320, A321, B38M",60
American Airlines,KPHX,KTUS,AA1003,"CRJ, E175, A319",35
SkyWest for American,KABQ,KPHX,AA3081,"CRJ, E175, A319",65
Mesa for American,KELP,KPHX,AA5936,"CRJ, E175",55
SkyWest for American,KFAT,KPHX,AA3065,"CRJ, A320",80
American Airlines,KLAS,KPHX,AA2109,"B738, A320, A321",55
American Airlines,KONT,KPHX,AA2288,"CRJ, A319, A321",65
Mesa for American,KSLC,KPHX,AA5904,E175,85
American Airlines,KSAN,KPHX,AA480,"B738, A321, B38M",90
American Airlines,KSFO,KPHX,AA476,"E175, B738, A321, B38M",100
American Airlines,KSJC,KPHX,AA2059,"CRJ, E175, B38M",100
American Airlines,KSNA,KPHX,AA2094,"B738, A320, A321, B38M",60
American Airlines,KTUS,KPHX,AA1003,"CRJ, E175, A319",35
American Airlines,EGKK,KORD,AA121H,B763,485
American Airlines,EGKK,KDFW,AA79H,"B763, B772, MD11",545
American Airlines,EGKK,KDEN,AA51H,B772,555
American Airlines,EGKK,KBNA,AA139H,B763,530
American Airlines,EGKK,KRDU,AA175H,"B763, B772",495
American Airlines,EGKK,KSTL,AA135H,B752,530
American Airlines,KORD,EGKK,AA120H,B763,485
American Airlines,KDFW,EGKK,AA78H,"B763, B772, MD11",545
American Airlines,KDEN,EGKK,AA50H,B772,555
American Airlines,KBNA,EGKK,AA138H,B763,530
American Airlines,KRDU,EGKK,AA174H,"B763, B772",495
American Airlines,KSTL,EGKK,AA134H,B752,530
American Airlines,EGLL,KBOS,AA109,B772,400
American Airlines,EGLL,KORD,AA87,"B788, B789, MD11",480
American Airlines,EGLL,KCLT,AA731,B772,495
American Airlines,EGLL,KDFW,AA51,"B772, B77W",540
American Airlines,EGLL,KLAS,AA721,B772,620
American Airlines,EGLL,KLAX,AA135,"B772, B77W",630
American Airlines,EGLL,KMIA,AA57,"B772, B77W, MD11",495
American Airlines,EGLL,KJFK,AA101,"B772, B77W, MD11",375
American Airlines,EGLL,KPHL,AA729,"B772, B788, B789",435
American Airlines,EGLL,KPHX,AA195,B772,660
American Airlines,EGLL,KRDU,AA173,B772,495
American Airlines,EGLL,KSEA,AA155,B772,570
American Airlines,KBOS,EGLL,AA108,B772,350
American Airlines,KORD,EGLL,AA86,"B788, B789, MD11",480
American Airlines,KCLT,EGLL,AA732,B772,495
American Airlines,KDFW,EGLL,AA50,"B772, B77W",540
American Airlines,KLAS,EGLL,AA288,B772,565
American Airlines,KLAX,EGLL,AA134,"B772, B77W",630
American Airlines,KMIA,EGLL,AA38,"B772, B77W, MD11",495
American Airlines,KJFK,EGLL,AA100,"B772, B77W, MD11",375
American Airlines,KPHL,EGLL,AA728,"B772, B788, B789",400
American Airlines,KPHX,EGLL,AA194,B772,610
American Airlines,KRDU,EGLL,AA174,B772,495
American Airlines,KSEA,EGLL,AA156,B772,540
Republic for American,KLGA,CYYZ,AA4820,E175,120
Republic for American,CYYZ,KLGA,AA4820,E175,120
Avianca,SKBO,SKAR,AV4851,A320,30
Avianca,SKBO,SKBQ,AV8424,A320,65
Avianca,SKBO,SKBG,AV8564,A320,35
Avianca,SKBO,SKCL,AV8409,A320,35
Avianca,SKBO,SKCG,AV8452,A320,65
Avianca,SKBO,SKRG,AV8432,A320,30
Avianca,SKBO,SKPE,AV5235,A320,35
Avianca,SKBO,SKSM,AV8484,A320,65
Avianca,SKAR,SKBO,AV4866,A320,30
Avianca,SKBQ,SKBO,AV8419,A320,65
Avianca,SKBG,SKBO,AV8447,A320,35
Avianca,SKCL,SKBO,AV8416,A320,35
Avianca,SKCG,SKBO,AV8423,A320,65
Avianca,SKRG,SKBO,AV8435,A320,30
Avianca,SKPE,SKBO,AV5236,A320,35
Avianca,SKSM,SKBO,AV8485,A320,65
Avianca,MSLP,MNMG,AV315,A320,35
Avianca,MSLP,KMIA,AV310,A320,140
Avianca,MSLP,MROC,AV611,A320,60
Avianca,MSLP,MHLM,AV534,A320,35
Avianca,MNMG,MSLP,AV314,A320,35
Avianca,KMIA,MSLP,AV311,A320,140
Avianca,MROC,MSLP,AV610,A320,60
Avianca,MHLM,MSLP,AV535,A320,35
Bangkok Airways,VTBS,VTCC,PG215,"B712, A319(Generic), A320(Generic)",60
Bangkok Airways,VTBS,VTSM,PG101,"B712, A319(Generic)",45
Bangkok Airways,VTBS,VDPP,PG933,"B712, A319(Generic), A320(Generic)",60
Bangkok Airways,VTBS,VTSP,PG271,"B712, A319(Generic), A320(Generic)",70
Bangkok Airways,VTBS,VDSR,PG903,B712,60
Bangkok Airways,VTCC,VTBS,PG216,"B712, A319(Generic), A320(Generic)",60
Bangkok Airways,VTSM,VTBS,PG104,"B712, A319(Generic)",45
Bangkok Airways,VDPP,VTBS,PG934,"B712, A319(Generic), A320(Generic)",60
Bangkok Airways,VTSP,VTBS,PG272,"B712, A319(Generic), A320(Generic)",70
Bangkok Airways,VDSR,VTBS,PG908,B712,60
Bangkok Airways,VTSM,WMKK,PG951,B712,80
Bangkok Airways,VTSM,WSSS,PG961,"B712, A319(Generic)",90
Bangkok Airways,WMKK,VTSM,PG952,B712,80
Bangkok Airways,WSSS,VTSM,PG962,"B712, A319(Generic)",90
Binter Canarias,GCLP,GOBD,NT6604,CRJX,125
Binter Canarias,GCLP,GMMH,NT6167,CRJX,75
Binter Canarias,GCLP,GCHI,NT365,CRJX,50
Binter Canarias,GCLP,GCFV,NT206,CRJX,30
Binter Canarias,GCLP,GCGM,NT352,CRJX,40
Binter Canarias,GCLP,GCLA,NT311,CRJX,45
Binter Canarias,GCLP,GMML,NT6102,CRJX,45
Binter Canarias,GCLP,GCRR,NT518,CRJX,45
Binter Canarias,GCLP,GQNO,NT6504,CRJX,100
Binter Canarias,GCLP,GVAC,NT6800,CRJX,125
Binter Canarias,GCLP,GCXO,NT105,CRJX,25
Binter Canarias,GCLP,GCTS,NT123,CRJX,25
Binter Canarias,GOBD,GCLP,NT6605,CRJX,125
Binter Canarias,GMMH,GCLP,NT6168,CRJX,75
Binter Canarias,GCHI,GCLP,NT366,CRJX,50
Binter Canarias,GCFV,GCLP,NT207,CRJX,30
Binter Canarias,GCGM,GCLP,NT353,CRJX,40
Binter Canarias,GCLA,GCLP,NT312,CRJX,45
Binter Canarias,GMML,GCLP,NT6103,CRJX,45
Binter Canarias,GCRR,GCLP,NT519,CRJX,45
Binter Canarias,GQNO,GCLP,NT6505,CRJX,100
Binter Canarias,GVAC,GCLP,NT6801,CRJX,125
Binter Canarias,GCXO,GCLP,NT106,CRJX,25
Binter Canarias,GCTS,GCLP,NT124,CRJX,25
Bulgaria Air,LBSF,LEBL,FB477,E190,140
Bulgaria Air,LBSF,LEMD,FB471,E190,170
Bulgaria Air,LEBL,LBSF,FB478,E190,140
Bulgaria Air,LEMD,LBSF,FB472,E190,170
Cathay Pacific,VHHH,YPAD,CX177,A333,525
Cathay Pacific,VHHH,NZAA,CX113,"B77W, A359",630
Cathay Pacific,VHHH,WADD,CX783,"B77W, A333",290
Cathay Pacific,VHHH,VTBS,CX653,"B77W, A333",155
Cathay Pacific,VHHH,YBBN,CX157,A359,495
Cathay Pacific,VHHH,YBCS,CX147,A333,445
Cathay Pacific,YBCS,YBBN,CX147,A333,135
Cathay Pacific,VHHH,VVNB,CX741,A333,105
Cathay Pacific,VHHH,VVTS,CX799,A333,150
Cathay Pacific,VHHH,WIII,CX719,"B77W, A333",300
Cathay Pacific,VHHH,LEMD,CX315,A359,820
Cathay Pacific,VHHH,RPLL,CX901,"B77W, A333",110
Cathay Pacific,VHHH,YMML,CX105,"B77W, A359",520
Cathay Pacific,VHHH,YPPH,CX171,"B77W, A359",435
Cathay Pacific,VHHH,WSSS,CX635,"A333, A359",220
Cathay Pacific,VHHH,WARR,CX779,A333,285
Cathay Pacific,VHHH,YSSY,CX111,"B77W, A359",520
Cathay Pacific,YPAD,VHHH,CX174,A333,525
Cathay Pacific,NZAA,VHHH,CX198,"B77W, A359",630
Cathay Pacific,WADD,VHHH,CX784,"B77W, A333",290
Cathay Pacific,VTBS,VHHH,CX654,"B77W, A333",155
Cathay Pacific,YBBN,VHHH,CX156,A359,495
Cathay Pacific,YBCS,VHHH,CX146,A333,445
Cathay Pacific,YBBN,YBCS,CX146,A333,135
Cathay Pacific,VVNB,VHHH,CX742,A333,105
Cathay Pacific,VVTS,VHHH,CX766,A333,150
Cathay Pacific,WIII,VHHH,CX776,"B77W, A333",300
Cathay Pacific,LEMD,VHHH,CX372,A359,705
Cathay Pacific,RPLL,VHHH,CX902,"B77W, A333",110
Cathay Pacific,YMML,VHHH,CX104,"B77W, A359",520
Cathay Pacific,YPPH,VHHH,CX170,"B77W, A359",435
Cathay Pacific,WSSS,VHHH,CX636,"A333, A359",220
Cathay Pacific,WARR,VHHH,CX780,A333,285
Cathay Pacific,YSSY,VHHH,CX110,"B77W, A359",520
China Southern ,EGLL,ZBAD,CZ674,"A359, A388",600
China Southern ,EGLL,ZGGG,CZ304,"A333, B788, A388",660
China Southern ,EGLL,ZJSY,CZ652,"A333, B788",715
China Southern ,EGLL,ZSPD,CZ8108,B788,660
China Southern ,EGLL,ZHHH,CZ674,"A333, B788",690
China Southern ,EGLL,ZHCC,CZ654,"A333, B788",600
China Southern ,ZBAD,EGLL,CZ673,"A359, A388",600
China Southern ,ZGGG,EGLL,CZ303,"A333, B788, A388",660
China Southern ,ZJSY,EGLL,CZ651,"A333, B788",715
China Southern ,ZSPD,EGLL,CZ8107,B788,710
China Southern ,ZHHH,EGLL,CZ673,"A333, B788",690
China Southern ,ZHCC,EGLL,CZ653,"A333, B788",600
China Southern ,EGKK,ZGGG,CZ690,B788,705
China Southern ,EGKK,ZHCC,CZ654,B788,690
China Southern ,ZGGG,EGKK,CZ689,B788,705
China Southern ,ZHCC,EGKK,CZ653,B788,690
China Southern,ZBAA,ZYCC,CZ6150,"E190, B738, B752",125
China Southern,ZBAA,ZYTL,CZ6130,"E190, B738, B752",100
China Southern,ZYCC,ZBAA,CZ6149,"E190, B738, B752",125
China Southern,ZYTL,ZBAA,CZ6129,"E190, B738, B752",100
China Southern,ZBAD,ZUUU,CZ6107,"B738, A333, A359",125
China Southern,ZBAD,ZUCK,CZ8817,"B738, A333",120
China Southern,ZBAD,ZYTL,CZ6122,B738,75
China Southern,ZBAD,ZSHC,CZ8851,"B738, A333, A359",110
China Southern,ZBAD,ZYHB,CZ6202,B738,110
China Southern,ZBAD,ZPPP,CZ6111,"B738, A333",175
China Southern,ZBAD,ZWWW,CZ6902,"B738, B38M, A333, B77W, B788",205
China Southern,ZUUU,ZBAD,CZ6108,"B738, A333, A359",125
China Southern,ZUCK,ZBAD,CZ8818,"B738, A333",120
China Southern,ZYTL,ZBAD,CZ6125,B738,75
China Southern,ZSHC,ZBAD,CZ8852,"B738, A333, A359",110
China Southern,ZYHB,ZBAD,CZ6203,B738,110
China Southern,ZPPP,ZBAD,CZ6112,"B738, A333",175
China Southern,ZWWW,ZBAD,CZ6903,"B738, B38M, A333, B77W, B788",205
China Southern ,ZSPD,ZYCC,CZ1985,B738,90
China Southern ,ZSPD,ZUTF,CZ8197,B738,165
China Southern ,ZSPD,ZYTL,CZ6524,B738,100
China Southern ,ZSPD,ZYHB,CZ6210,"B738, B752",100
China Southern ,ZSPD,ZPPP,CZ3677,B738,180
China Southern ,ZSPD,ZGNN,CZ3262,B738,155
China Southern ,ZSPD,ZSQD,CZ6226,B738,65
China Southern ,ZSQD,ZYDQ,CZ6226,B738,130
China Southern ,ZSPD,ZJSY,CZ3836,B738,190
China Southern ,ZSPD,ZYTX,CZ6502,"B738, B752, A333",85
China Southern ,ZSPD,ZGSZ,CZ6752,B738,120
China Southern ,ZSPD,ZHHH,CZ3544,B738,80
China Southern ,ZSPD,ZLXY,CZ5791,B738,125
China Southern ,ZYCC,ZSPD,CZ6155,B738,90
China Southern ,ZUTF,ZSPD,CZ8198,B738,165
China Southern ,ZYTL,ZSPD,CZ6525,B738,100
China Southern ,ZYHB,ZSPD,CZ6209,"B738, B752",100
China Southern ,ZPPP,ZSPD,CZ3678,B738,180
China Southern ,ZGNN,ZSPD,CZ3261,B738,155
China Southern ,ZSQD,ZSPD,CZ6225,B738,65
China Southern ,ZSQD,ZYDQ,CZ6225,B738,130
China Southern ,ZJSY,ZSPD,CZ3835,B738,190
China Southern ,ZYTX,ZSPD,CZ6501,"B738, B752, A333",85
China Southern ,ZGSZ,ZSPD,CZ6751,B738,120
China Southern ,ZHHH,ZSPD,CZ3543,B738,80
China Southern ,ZSPD,ZLXY,CZ5792,B738,125
Copa Airlines,MPTO,MHPR,CM385,B738,105
Copa Airlines,MPTO,MGGT,CM380,"E190, B738",125
Copa Airlines,MPTO,MUHA,CM387,B738,135
Copa Airlines,MPTO,MNMG,CM712,B738,85
Copa Airlines,MPTO,MROC,CM787,"E190, B738",60
Copa Airlines,MPTO,MSLP,CM816,"E190, B738",110
Copa Airlines,MHPR,MPTO,CM386,B738,105
Copa Airlines,MGGT,MPTO,CM384,"E190, B738",125
Copa Airlines,MUHA,MPTO,CM388,B738,135
Copa Airlines,MNMG,MPTO,CM710,B738,85
Copa Airlines,MROC,MPTO,CM763,"E190, B738",60
Copa Airlines,MSLP,MPTO,CM871,"E190, B738",110
Fiji Airways,NFFN,VHHH,FJ391,A333,630
Fiji Airways,NFFN,KLAX,FJ810,A359,650
Fiji Airways,NFFN,KSFO,FJ870,"A333, A359",630
Fiji Airways,NFFN,WSSS,FJ361,A333,610
Fiji Airways,NFFN,RJAA,FJ351,A333,555
Fiji Airways,NFFN,CYVR,FJ880,A333,635
Fiji Airways,VHHH,NFFN,FJ392,A333,630
Fiji Airways,KLAX,NFFN,FJ811,A359,650
Fiji Airways,KSFO,NFFN,FJ871,"A333, A359",630
Fiji Airways,WSSS,NFFN,FJ360,A333,610
Fiji Airways,RJAA,NFFN,FJ350,A333,555
Fiji Airways,CYVR,NFFN,FJ881,A333,735
Finnair,EFHK,EHAM,AY1305,"A321, A359",120
Finnair,EFHK,LEBL,AY1653,A321,225
Finnair,EFHK,EBBR,AY1541,A321,130
Finnair,EFHK,LHBP,AY1255,"E190, A321, B752",150
Finnair,EFHK,KORD,AY9,A333,570
Finnair,EFHK,EKCH,AY959,"E190, A321, B752",90
Finnair,EFHK,KDFW,AY19,A359,640
Finnair,EFHK,EIDW,AY1385,"E190, A321, B752",195
Finnair,EFHK,EGPH,AY1371,A321,165
Finnair,EFHK,EDDF,AY1411,"E190, A321",130
Finnair,EFHK,RJFF,AY75,A333,540
Finnair,EFHK,EPGD,AY1173,E190,120
Finnair,EFHK,LSGG,AY1531,"E190, A321",165
Finnair,EFHK,ESGG,AY861,E190,80
Finnair,EFHK,EFKU,AY369,E190,40
Finnair,EFHK,EGLL,AY1331,"A321, A359",180
Finnair,EFHK,KLAX,AY1,A359,630
Finnair,EFHK,LEMD,AY1661,A321,245
Finnair,EFHK,EGCC,AY1361,"E190, A321, B752",165
Finnair,EFHK,KMIA,AY7,"A333, A359",670
Finnair,EFHK,RJGG,AY79,A359,540
Finnair,EFHK,KJFK,AY15,A333,560
Finnair,EFHK,RJBB,AY77,A359,560
Finnair,EFHK,ENGM,AY915,"E190, A321",90
Finnair,EFHK,EFOU,AY441,"E190, A321, B752",60
Finnair,EFHK,LKPR,AY1223,"E190, A321",135
Finnair,EFHK,BIKF,AY991,A321,195
Finnair,EFHK,EVRA,AY1075,E190,55
Finnair,EFHK,EFRO,AY533,"E190, A321, B752",75
Finnair,EFHK,KSFO,AY11,A333,615
Finnair,EFHK,KSEA,AY33,A359,585
Finnair,EFHK,ESSA,AY813,"E190, A321, B752",60
Finnair,EFHK,EETN,AY1019,E190,30
Finnair,EFHK,RJTT,AY61,A359,740
Finnair,EFHK,RJAA,AY71,A359,540
Finnair,EFHK,LOWW,AY1475,"E190, A321",140
Finnair,EFHK,EYVI,AY1105,E190,90
Finnair,EFHK,EPWA,AY1145,"E190, A321",90
Finnair,EHAM,EFHK,AY1306,"A321, A359",120
Finnair,LEBL,EFHK,AY1654,A321,225
Finnair,EBBR,EFHK,AY1542,A321,130
Finnair,LHBP,EFHK,AY1256,"E190, A321, B752",150
Finnair,KORD,EFHK,AY10,A333,570
Finnair,EKCH,EFHK,AY960,"E190, A321, B752",90
Finnair,KDFW,EFHK,AY20,A359,640
Finnair,EIDW,EFHK,AY1386,"E190, A321, B752",195
Finnair,EGPH,EFHK,AY1372,A321,165
Finnair,EDDF,EFHK,AY1412,"E190, A321",130
Finnair,RJFF,EFHK,AY76,A333,540
Finnair,EPGD,EFHK,AY1174,E190,120
Finnair,LSGG,EFHK,AY1532,"E190, A321",165
Finnair,ESGG,EFHK,AY862,E190,80
Finnair,EFKU,EFHK,AY370,E190,40
Finnair,EGLL,EFHK,AY1332,"A321, A359",180
Finnair,KLAX,EFHK,AY2,A359,630
Finnair,LEMD,EFHK,AY1662,A321,245
Finnair,EGCC,EFHK,AY1362,"E190, A321, B752",165
Finnair,KMIA,EFHK,AY8,"A333, A359",670
Finnair,RJGG,EFHK,AY80,A359,540
Finnair,KJFK,EFHK,AY16,A333,560
Finnair,RJBB,EFHK,AY78,A359,560
Finnair,ENGM,EFHK,AY812,"E190, A321",90
Finnair,EFOU,EFHK,AY442,"E190, A321, B752",60
Finnair,LKPR,EFHK,AY1224,"E190, A321",135
Finnair,BIKF,EFHK,AY992,A321,195
Finnair,EVRA,EFHK,AY1076,E190,55
Finnair,EFRO,EFHK,AY554,"E190, A321, B752",75
Finnair,KSFO,EFHK,AY12,A333,615
Finnair,KSEA,EFHK,AY34,A359,585
Finnair,ESSA,EFHK,AY814,"E190, A321, B752",60
Finnair,EETN,EFHK,AY1020,E190,30
Finnair,RJTT,EFHK,AY62,A359,740
Finnair,RJAA,EFHK,AY72,A359,540
Finnair,LOWW,EFHK,AY1476,"E190, A321",140
Finnair,EYVI,EFHK,AY1106,E190,90
Finnair,EPWA,EFHK,AY1146,"E190, A321",90
Finnair,EGKK,EFIV,AY662,A321,195
Finnair,EGKK,EFKT,AY658,A321,195
Finnair,EFIV,EGKK,AY661,A321,210
Finnair,EFKT,EGKK,AY657,A321,210
Finnair,ESSA,KLAX,AY3,A359,660
Finnair,ESSA,KMIA,AY17,A359,525
Finnair,ESSA,KJFK,AY29,A333,505
Finnair,KLAX,ESSA,AY4,A359,635
Finnair,KMIA,ESSA,AY18,A359,525
Finnair,KJFK,ESSA,AY30,A333,435
Flybe,EGPD,EGPA,BE2935,DH8D,45
Flybe,EGPD,EGNT,BE594,DH8D,50
Flybe,EGPD,EGPB,BE2900,DH8D,55
Flybe,EGPA,EGPD,BE2936,DH8D,45
Flybe,EGNT,EGPD,BE593,DH8D,50
Flybe,EGPB,EGPD,BE2901,DH8D,55
Flybe,EGAC,EGCN,BE263,"E175, DH8D",55
Flybe,EGAC,EGNS,BE6799,DH8D,40
Flybe,EGNS,EGNH,BE6799,DH8D,40
Flybe,EGAC,EGNT,BE425,DH8D,55
Flybe,EGCN,EGAC,BE264,"E175, DH8D",55
Flybe,EGNS,EGAC,BE6798,DH8D,40
Flybe,EGNH,EGNS,BE6798,DH8D,40
Flybe,EGNT,EGAC,BE426,DH8D,55
Flybe,EGBB,EGPD,BE326,"E175, DH8D",70
Flybe,EGBB,EGAC,BE400,"E175, DH8D",60
Flybe,EGBB,EGPN,BE6971,DH8D,65
Flybe,EGBB,EGJB,BE511,DH8D,55
Flybe,EGJB,EGJJ,BE511,DH8D,20
Flybe,EGBB,EIWF,BE755,DH8D,55
Flybe,EGPD,EGBB,BE327,"E175, DH8D",70
Flybe,EGAC,EGBB,BE401,"E175, DH8D",60
Flybe,EGPN,EGBB,BE6972,DH8D,65
Flybe,EGJB,EGBB,BE512,DH8D,55
Flybe,EGJJ,EGJB,BE512,DH8D,20
Flybe,EIWF,EGBB,BE756,DH8D,55
Flybe,EGFF,EGJJ,BE1343,DH8D,50
Flybe,EGFF,LFPG,BE1431,"DH8D, E175",70
Flybe,EGJJ,EGFF,BE1342,DH8D,50
Flybe,LFPG,EGFF,BE1432,"DH8D, E175",70
Flybe,EIDW,EGCN,BE4480,E175,55
Flybe,EIDW,EIDL,BE6792,DH8D,45
Flybe,EGCN,EIDW,BE4481,E175,55
Flybe,EIDL,EIDW,BE6791,DH8D,45
Flybe,EGPH,EGAC,BE686,DH8D,50
Flybe,EGPH,EGBB,BE843,"E175, DH8D",60
Flybe,EGPH,EGPE,BE6953,DH8D,45
Flybe,EGPH,EGNS,BE6813,DH8D,50
Flybe,EGPH,EGPA,BE6897,DH8D,55
Flybe,EGPH,LFPG,BE3053,DH8D,95
Flybe,EGPH,EGHI,BE760,"E175, DH8D",75
Flybe,EGPH,EGPO,BE6947,DH8D,55
Flybe,EGPH,EGPB,BE6997,DH8D,65
Flybe,EGAC,EGPH,BE687,DH8D,50
Flybe,EGBB,EGPH,BE844,"E175, DH8D",60
Flybe,EGPE,EGPH,BE6954,DH8D,45
Flybe,EGNS,EGPH,BE6814,DH8D,50
Flybe,EGPA,EGPH,BE6898,DH8D,55
Flybe,LFPG,EGPH,BE3054,DH8D,95
Flybe,EGHI,EGPH,BE761,"E175, DH8D",75
Flybe,EGPO,EGPH,BE6948,DH8D,55
Flybe,EGPB,EGPH,BE6998,DH8D,65
Flybe,EGTE,EGJB,BE301,DH8D,45
Flybe,EGTE,EGJJ,BE311,DH8D,45
Flybe,EGTE,EGNT,BE701,DH8D,70
Flybe,EGJB,EGTE,BE302,DH8D,45
Flybe,EGJJ,EGTE,BE312,DH8D,45
Flybe,EGNT,EGTE,BE702,DH8D,70
Flybe,EGPF,EGBB,BE781,"E175, DH8D",65
Flybe,EGPF,EGAE,BE6935,DH8D,45
Flybe,EGPF,EIDL,BE6794,DH8D,50
Flybe,EGPF,EGNS,BE6811,DH8D,35
Flybe,EGPF,EGPA,BE6915,DH8D,60
Flybe,EGPF,EGPO,BE6820,DH8D,55
Flybe,EGPF,EGPB,BE2915,DH8D,70
Flybe,EGBB,EGPF,BE782,"E175, DH8D",65
Flybe,EGAE,EGPF,BE6936,DH8D,45
Flybe,EIDL,EGPF,BE6793,DH8D,50
Flybe,EGNS,EGPF,BE6812,DH8D,35
Flybe,EGPA,EGPF,BE6916,DH8D,60
Flybe,EGPO,EGPF,BE6821,DH8D,55
Flybe,EGPB,EGPF,BE2916,DH8D,70
Flybe,EGPE,EGPA,BE6931,DH8D,45
Flybe,EGPE,EGPO,BE6955,DH8D,45
Flybe,EGPE,EGPB,BE6933,DH8D,55
Flybe,EGPA,EGPE,BE6932,DH8D,45
Flybe,EGPO,EGPE,BE6956,DH8D,45
Flybe,EGPB,EGPE,BE6934,DH8D,55
Flybe,EGGP,EGNS,BE604,DH8D,35
Flybe,EGNS,EGGP,BE603,DH8D,35
Flybe,EGKK,EGPD,BE7292,"E175, DH8D",80
Flybe,EGKK,EGAC,BE961,"E175, DH8D",75
Flybe,EGKK,EGJB,BE913,DH8D,50
Flybe,EGKK,EGPE,BE7323,"E175, DH8D",90
Flybe,EGKK,EGJJ,BE947,DH8D,50
Flybe,EGKK,EGNM,BE351,DH8D,55
Flybe,EGKK,EGHQ,BE804,"E175, DH8D",50
Flybe,EGPD,EGKK,BE7291,"E175, DH8D",80
Flybe,EGAC,EGKK,BE962,"E175, DH8D",75
Flybe,EGJB,EGKK,BE914,DH8D,50
Flybe,EGPE,EGKK,BE7324,"E175, DH8D",90
Flybe,EGJJ,EGKK,BE948,DH8D,50
Flybe,EGNM,EGKK,BE352,DH8D,55
Flybe,EGHQ,EGKK,BE805,"E175, DH8D",50
Flybe,EGCC,EGPD,BE1041,DH8D,65
Flybe,EGCC,EGAC,BE486,"E175, DH8D",50
Flybe,EGCC,EGAE,BE712,DH8D,55
Flybe,EGCC,EGPH,BE297,DH8D,55
Flybe,EGCC,EGTE,BE376,"E175, DH8D",55
Flybe,EGCC,EGPF,BE342,DH8D,55
Flybe,EGCC,EGJB,BE557,DH8D,65
Flybe,EGCC,EGPE,BE208,"E175, DH8D",70
Flybe,EGCC,EGNS,BE823,DH8D,40
Flybe,EGCC,EGJJ,BE455,"E175, DH8D",65
Flybe,EGCC,EIKN,BE663,DH8D,65
Flybe,EGCC,EGSH,BE442,DH8D,50
Flybe,EGCC,LFPG,BE3121,"E175, DH8D",75
Flybe,EGCC,EGHI,BE870,"E175, DH8D",55
Flybe,EGCC,EIWF,BE336,DH8D,50
Flybe,EGPD,EGCC,BE1042,DH8D,65
Flybe,EGAC,EGCC,BE487,"E175, DH8D",50
Flybe,EGAE,EGCC,BE713,DH8D,55
Flybe,EGPH,EGCC,BE298,DH8D,55
Flybe,EGTE,EGCC,BE377,"E175, DH8D",55
Flybe,EGPF,EGCC,BE343,DH8D,55
Flybe,EGJB,EGCC,BE558,DH8D,65
Flybe,EGPE,EGCC,BE209,"E175, DH8D",70
Flybe,EGNS,EGCC,BE824,DH8D,40
Flybe,EGJJ,EGCC,BE456,"E175, DH8D",65
Flybe,EIKN,EGCC,BE664,DH8D,65
Flybe,EGSH,EGCC,BE443,DH8D,50
Flybe,LFPG,EGCC,BE3122,"E175, DH8D",75
Flybe,EGHI,EGCC,BE871,"E175, DH8D",55
Flybe,EIWF,EGCC,BE337,DH8D,50
Flybe,EGHI,EGAC,BE990,DH8D,70
Flybe,EGHI,LFBE,BE1645,DH8D,85
Flybe,EGHI,EBBR,BE1845,DH8D,65
Flybe,EGHI,LFLC,BE3117,DH8D,80
Flybe,EGHI,EIDW,BE387,DH8D,65
Flybe,EGHI,EDDF,BE1277,DH8D,85
Flybe,EGHI,EGPF,BE882,"E175, DH8D",75
Flybe,EGHI,EGJB,BE6587,DH8D,40
Flybe,EGHI,EGJJ,BE233,DH8D,40
Flybe,EGHI,EGNM,BE7604,DH8D,55
Flybe,EGHI,LFRS,BE1703,DH8D,60
Flybe,EGHI,EGNT,BE147,DH8D,65
Flybe,EGHI,EGHQ,BE1781,DH8D,50
Flybe,EGHI,LFBP,BE3921,E175,95
Flybe,EGAC,EGHI,BE991,DH8D,70
Flybe,LFBE,EGHI,BE1646,DH8D,85
Flybe,EBBR,EGHI,BE1846,DH8D,65
Flybe,LFLC,EGHI,BE3118,DH8D,80
Flybe,EIDW,EGHI,BE388,DH8D,65
Flybe,EDDF,EGHI,BE1278,DH8D,85
Flybe,EGPF,EGHI,BE883,"E175, DH8D",75
Flybe,EGJB,EGHI,BE6588,DH8D,40
Flybe,EGJJ,EGHI,BE234,DH8D,40
Flybe,EGNM,EGHI,BE7605,DH8D,55
Flybe,LFRS,EGHI,BE1704,DH8D,60
Flybe,EGNT,EGHI,BE148,DH8D,65
Flybe,EGHQ,EGHI,BE1782,DH8D,50
Flybe,LFBP,EGHI,BE3922,E175,95
Flybe,EGPB,ENBR,BE6863,DH8D,60
Flybe,EGPB,EGPA,BE6937,DH8D,15
Flybe,ENBR,EGPB,BE6864,DH8D,60
Flybe,EGPA,EGPB,BE6938,DH8D,15
IndiGo,VOBL,VAPO,6E6786,A320,70
IndiGo,VOBL,VOTV,6E6144,A320,65
IndiGo,VAPO,VOBL,6E6564,A320,70
IndiGo,VOTV,VOBL,6E6147,A320,65
IndiGo,VOMM,VOCB,6E782,A320,50
IndiGo,VOMM,VOCI,6E5394,A320,60
IndiGo,VOMM,VAPO,6E502,A320,85
IndiGo,VOCB,VOMM,6E848,A320,50
IndiGo,VOCI,VOMM,6E6904,A320,60
IndiGo,VAPO,VOMM,6E625,A320,85
IndiGo,VIDP,VAAH,6E5119,A320,75
IndiGo,VIDP,VIAR,6E5183,A320,55
IndiGo,VIDP,VOBL,6E819,A320,155
IndiGo,VIDP,VEBS,6E2064,A320,130
IndiGo,VIDP,VICG,6E2196,A320,35
IndiGo,VIDP,VOMM,6E385,A320,160
IndiGo,VIDP,VOHS,6E2255,A320,115
IndiGo,VIDP,VAID,6E2016,A320,80
IndiGo,VIDP,VECC,6E2014,A320,130
IndiGo,VIDP,VILK,6E2025,A320,60
IndiGo,VIDP,VANP,6E2431,A320,95
IndiGo,VIDP,VAPO,6E2003,A320,115
IndiGo,VAAH,VIDP,6E5006,A320,75
IndiGo,VIAR,VIDP,6E5182,A320,55
IndiGo,VOBL,VIDP,6E869,A320,155
IndiGo,VEBS,VIDP,6E2024,A320,130
IndiGo,VICG,VIDP,6E2195,A320,35
IndiGo,VOMM,VIDP,6E384,A320,160
IndiGo,VOHS,VIDP,6E2256,A320,115
IndiGo,VAID,VIDP,6E2019,A320,80
IndiGo,VECC,VIDP,6E2079,A320,130
IndiGo,VILK,VIDP,6E2026,A320,60
IndiGo,VANP,VIDP,6E2432,A320,95
IndiGo,VAPO,VIDP,6E2278,A320,115
IndiGo,VOHS,VIAR,6E167,A320,145
IndiGo,VOHS,VOGO,6E205,A320,65
IndiGo,VOHS,VOCI,6E752,A320,90
IndiGo,VOHS,VECC,6E664,A320,125
IndiGo,VOHS,VOCL,6E875,A320,75
IndiGo,VOHS,VOBZ,6E7208,DH8D (Generic),55
IndiGo,VOHS,VOVZ,6E879,A320,65
IndiGo,VIAR,VOHS,6E168,A320,145
IndiGo,VOGO,VOHS,6E206,A320,65
IndiGo,VOCI,VOHS,6E553,A320,90
IndiGo,VECC,VOHS,6E334,A320,125
IndiGo,VOCL,VOHS,6E876,A320,75
IndiGo,VOBZ,VOHS,6E7209,DH8D (Generic),55
IndiGo,VOVZ,VOHS,6E883,A320,65
IndiGo,VABB,VAAH,6E5135,A320,50
IndiGo,VABB,VOBL,6E5221,A320,105
IndiGo,VABB,VOMM,6E5196,A320,105
IndiGo,VABB,VIDP,6E6028,A320,120
IndiGo,VABB,VOGO,6E6228,A320,60
IndiGo,VABB,VOGA,6E5137,A320,50
IndiGo,VABB,VOHS,6E5386,A320,90
IndiGo,VABB,VOCI,6E6701,A320,95
IndiGo,VABB,VECC,6E5063,A320,145
IndiGo,VABB,VOCL,6E6207,A320,105
IndiGo,VABB,VANP,6E5035,A320,65
IndiGo,VABB,VAHS,6E5041,A320,45
IndiGo,VABB,VOTV,6E5053,A320,115
IndiGo,VABB,VABO,6E5023,A320,60
IndiGo,VAAH,VABB,6E5136,A320,50
IndiGo,VOBL,VABB,6E5216,A320,105
IndiGo,VOMM,VABB,6E5149,A320,105
IndiGo,VIDP,VABB,6E6047,A320,120
IndiGo,VOGO,VABB,6E6569,A320,60
IndiGo,VOGA,VABB,6E5138,A320,50
IndiGo,VOHS,VABB,6E5384,A320,90
IndiGo,VOCI,VABB,6E6702,A320,95
IndiGo,VECC,VABB,6E5064,A320,145
IndiGo,VOCL,VABB,6E2067,A320,105
IndiGo,VAHS,VABB,6E5222,A320,45
IndiGo,VOTV,VABB,6E5054,A320,115
IndiGo,VANP,VABB,6E5036,A320,65
IndiGo,VABO,VABB,6E5056,A320,60
Japan Airlines,RJTT,RJFF,JL311,"B738, B772, B788, A359",105
Japan Airlines,RJTT,RJCH,JL587,B738,85
Japan Airlines,RJTT,EFHK,JL47,B77W,785
Japan Airlines,RJTT,RJOA,JL253,"B738, B789",90
Japan Airlines,RJTT,RJOC,JL279,"B738, B789",90
Japan Airlines,RJTT,RJFK,JL645,"B738, B789",60
Japan Airlines,RJTT,RJFR,JL373,B738,85
Japan Airlines,RJTT,RJNK,JL185,"B738, B789",60
Japan Airlines,RJTT,RJFT,JL627,"B738, B789",105
Japan Airlines,RJTT,EGLL,JL43,"B77W, B788, A359",840
Japan Airlines,RJTT,RJOM,JL433,B738,90
Japan Airlines,RJTT,RJFM,JL689,"E190, B738",105
Japan Airlines,RJTT,RJFU,JL607,"B738, B789",105
Japan Airlines,RJTT,RJGG,JL209,B738,60
Japan Airlines,RJTT,KJFK,JL6,"B77W, A359",730
Japan Airlines,RJTT,RJFO,JL607,"E190, B738, B789",105
Japan Airlines,RJTT,RJOB,JL233,B738,75
Japan Airlines,RJTT,ROAH,JL909,"B738, B772, B789, A359",150
Japan Airlines,RJTT,RJOO,JL111,"CRJ2, E190, B772, B788",60
Japan Airlines,RJTT,RJBB,JL225,"E190, B738",65
Japan Airlines,RJTT,RJCC,JL525,"B738, B772, B788, A359",90
Japan Airlines,RJTT,WSSS,JL37,"B772, A359",460
Japan Airlines,RJFF,RJTT,JL312,"B738, B772, B788, A359",105
Japan Airlines,RJCH,RJTT,JL588,B738,95
Japan Airlines,EFHK,RJTT,JL48,B77W,795
Japan Airlines,RJOA,RJTT,JL254,"B738, B789",90
Japan Airlines,RJOC,RJTT,JL280,"B738, B789",90
Japan Airlines,RJFK,RJTT,JL646,"B738, B789",60
Japan Airlines,RJFR,RJTT,JL374,B738,85
Japan Airlines,RJNK,RJTT,JL186,"B738, B789",60
Japan Airlines,RJFT,RJTT,JL628,"B738, B789",105
Japan Airlines,EGLL,RJTT,JL44,"B77W, B788, A359",790
Japan Airlines,RJOM,RJTT,JL434,B738,90
Japan Airlines,RJFM,RJTT,JL690,"E190, B738",105
Japan Airlines,RJFU,RJTT,JL608,"B738, B789",105
Japan Airlines,RJGG,RJTT,JL210,B738,60
Japan Airlines,KJFK,RJTT,JL5,"B77W, A359",800
Japan Airlines,RJFO,RJTT,JL608,"E190, B738, B789",105
Japan Airlines,RJOB,RJTT,JL234,B738,75
Japan Airlines,ROAH,RJTT,JL910,"B738, B772, B789, A359",150
Japan Airlines,RJOO,RJTT,JL112,"CRJ2, E190, B772, B788",60
Japan Airlines,RJBB,RJTT,JL224,"E190, B738",65
Japan Airlines,RJCC,RJTT,JL526,"B738, B772, B788, A359",90
Japan Airlines,WSSS,RJTT,JL38,"B772, A359",460
Japan Airlines,RJAA,EDDF,JL407,B789,845
Japan Airlines,RJAA,RJOO,JL3005,"CRJ2, B738, B789",75
Japan Airlines,RJAA,RJGG,JL3087,"B738, B789",60
Japan Airlines,EDDF,RJAA,JL408,B789,750
Japan Airlines,RJOO,RJAA,JL3006,"CRJ2, B738, B789",75
Japan Airlines,RJGG,RJAA,JL3084,"B738, B789",60
jetBlue,KBOS,KATL,B6697,"A320, BCS3",125
jetBlue,KBOS,KBWI,B6327,"E190, BCS3",60
jetBlue,KBOS,KBZN,B6257,A320,280
jetBlue,KBOS,KBUF,B6715,"E190, BCS3",65
jetBlue,KBOS,KCHS,B6267,"E190, BCS3",110
jetBlue,KBOS,KCLT,B61945,"E190, BCS3",100
jetBlue,KBOS,KORD,B6311,"E190, BCS3",140
jetBlue,KBOS,KCLE,B6541,"E190, BCS3",80
jetBlue,KBOS,KDEN,B6393,"A320, BCS3",260
jetBlue,KBOS,KDTW,B61237,"E190, BCS3",85
jetBlue,KBOS,EIDW,B6353,A321,360
jetBlue,KBOS,KFLL,B6269,"A320, A321, BCS3",160
jetBlue,KBOS,KRSW,B62833,"A320, A321, BCS3",160
jetBlue,KBOS,KJAX,B6109,A320,145
jetBlue,KBOS,KLAS,B62577,A321,295
jetBlue,KBOS,KLAX,B6187,A321,375
jetBlue,KBOS,KMVY,B61324,E190,25
jetBlue,KBOS,KMIA,B61419,"A320, BCS3",195
jetBlue,KBOS,KMKE,B62229,BCS3,125
jetBlue,KBOS,KMSP,B6835,"E190, BCS3",145
jetBlue,KBOS,KACK,B61352,"E190, BCS3",30
jetBlue,KBOS,KMCO,B62251,"A320, A321, BCS3",145
jetBlue,KBOS,KPHL,B62459,"E190, BCS3",50
jetBlue,KBOS,KPHX,B61303,A320,280
jetBlue,KBOS,KPIT,B61585,"E190, BCS3",70
jetBlue,KBOS,KPDX,B695,"A320, A321",345
jetBlue,KBOS,KRDU,B6683,"E190, A320, BCS3",110
jetBlue,KBOS,KRIC,B61281,"E190, BCS3",65
jetBlue,KBOS,KSMF,B6915,A320,370
jetBlue,KBOS,KSLC,B6247,BCS3,315
jetBlue,KBOS,KSAN,B619,A321,315
jetBlue,KBOS,KSJC,B6971,BCS3,370
jetBlue,KBOS,TJSJ,B6261,"A320, A321",210
jetBlue,KBOS,KSAV,B6349,BCS3,130
jetBlue,KBOS,KSEA,B6197,A321,310
jetBlue,KBOS,KSYR,B6845,"E190, BCS3",55
jetBlue,KBOS,KTPA,B6391,"A320, BCS3",150
jetBlue,KBOS,KDCA,B6455,E190,70
jetBlue,KBOS,KPBI,B6221,"E190, A320, A321, BCS3",155
jetBlue,KATL,KBOS,B6996,"A320, BCS3",125
jetBlue,KBWI,KBOS,B6326,"E190, BCS3",60
jetBlue,KBZN,KBOS,B6256,A320,240
jetBlue,KBUF,KBOS,B6716,"E190, BCS3",65
jetBlue,KCHS,KBOS,B668,"E190, BCS3",110
jetBlue,KCLT,KBOS,B61946,"E190, BCS3",100
jetBlue,KORD,KBOS,B6312,"E190, BCS3",140
jetBlue,KCLE,KBOS,B6540,"E190, BCS3",80
jetBlue,KDEN,KBOS,B6394,"A320, BCS3",210
jetBlue,KDTW,KBOS,B61136,"E190, BCS3",85
jetBlue,EIDW,KBOS,B6354,A321,380
jetBlue,KFLL,KBOS,B670,"A320, A321, BCS3",160
jetBlue,KRSW,KBOS,B61766,"A320, A321, BCS3",160
jetBlue,KJAX,KBOS,B61310,A320,145
jetBlue,KLAS,KBOS,B678,A321,295
jetBlue,KLAX,KBOS,B6288,A321,305
jetBlue,KMVY,KBOS,B61225,"E190, BCS3",25
jetBlue,KMIA,KBOS,B61420,"A320, BCS3",195
jetBlue,KMKE,KBOS,B62230,BCS3,125
jetBlue,KMSP,KBOS,B6836,"E190, BCS3",145
jetBlue,KACK,KBOS,B61151,"E190, BCS3",30
jetBlue,KMCO,KBOS,B62052,"A320, A321, BCS3",145
jetBlue,KPHL,KBOS,B61560,"E190, BCS3",50
jetBlue,KPHX,KBOS,B61302,A320,280
jetBlue,KPIT,KBOS,B61486,"E190, BCS3",70
jetBlue,KPDX,KBOS,B696,"A320, A321",345
jetBlue,KRDU,KBOS,B6684,"E190, A320, BCS3",110
jetBlue,KRIC,KBOS,B61282,"E190, BCS3",65
jetBlue,KSMF,KBOS,B6916,A320,300
jetBlue,KSLC,KBOS,B6248,BCS3,230
jetBlue,KSAN,KBOS,B6620,A321,315
jetBlue,KSJC,KBOS,B6972,BCS3,300
jetBlue,TJSJ,KBOS,B6262,"A320, A321",210
jetBlue,KSAV,KBOS,B6250,BCS3,130
jetBlue,KSEA,KBOS,B6498,A321,310
jetBlue,KSYR,KBOS,B6374,"E190, BCS3",55
jetBlue,KTPA,KBOS,B6392,"A320, BCS3",150
jetBlue,KDCA,KBOS,B6554,"E190, BCS3",70
jetBlue,KPBI,KBOS,B6622,"E190, A320, A321, BCS3",155
jetBlue,KJFK,KABQ,B665,BCS3,255
jetBlue,KJFK,KBOS,B62718,"E190, A321, BCS3",40
jetBlue,KJFK,KBZN,B6947,A320,265
jetBlue,KJFK,KBUF,B62,"E190, BCS3",55
jetBlue,KJFK,KBUR,B6359,BCS3,335
jetBlue,KJFK,KCHS,B61273,BCS3,95
jetBlue,KJFK,EIDW,B6841,A321,390
jetBlue,KJFK,KFLL,B62901,"A320, A321",140
jetBlue,KJFK,KRSW,B61529,"A320, BCS3",140
jetBlue,KJFK,KJAX,B6677,BCS3,115
jetBlue,KJFK,KLAS,B6411,"A320, A321",325
jetBlue,KJFK,KMVY,B61338,"E190, BCS3",40
jetBlue,KJFK,KMKE,B6679,BCS3,120
jetBlue,KJFK,KACK,B62091,"E190, BCS3",45
jetBlue,KJFK,KMCO,B6283,"A320, A321, BCS3",125
jetBlue,KJFK,KRDU,B61185,"E190, BCS3",60
jetBlue,KJFK,KRNO,B62181,A320,295
jetBlue,KJFK,KROC,B6486,"E190, BCS3",50
jetBlue,KJFK,KSLC,B671,A320,285
jetBlue,KJFK,KSAN,B61189,A321,305
jetBlue,KJFK,TJSJ,B61603,"A320, A321",200
jetBlue,KJFK,KSYR,B62516,"E190, BCS3",45
jetBlue,KJFK,KTPA,B62825,A320,130
jetBlue,KJFK,KPBI,B653,"A320, BCS3",140
jetBlue,KABQ,KJFK,B666,BCS3,225
jetBlue,KBOS,KJFK,B63127,"E190, A321, BCS3",40
jetBlue,KBZN,KJFK,B6944,A320,225
jetBlue,KBUF,KJFK,B62001,"E190, BCS3",55
jetBlue,KBUR,KJFK,B6358,BCS3,290
jetBlue,KCHS,KJFK,B61274,BCS3,95
jetBlue,EIDW,KJFK,B6842,A321,415
jetBlue,KFLL,KJFK,B61002,"A320, A321",140
jetBlue,KRSW,KJFK,B61530,"A320, BCS3",140
jetBlue,KJAX,KJFK,B6678,BCS3,115
jetBlue,KLAS,KJFK,B6148,"A320, A321",275
jetBlue,KMVY,KJFK,B61339,"E190, BCS3",40
jetBlue,KMKE,KJFK,B6680,BCS3,120
jetBlue,KACK,KJFK,B692,"E190, BCS3",45
jetBlue,KMCO,KJFK,B6284,"A320, A321, BCS3",125
jetBlue,KRDU,KJFK,B62786,"E190, BCS3",60
jetBlue,KRNO,KJFK,B680,A320,295
jetBlue,KROC,KJFK,B6485,"E190, BCS3",50
jetBlue,KSLC,KJFK,B6372,A320,235
jetBlue,KSAN,KJFK,B61190,A321,305
jetBlue,TJSJ,KJFK,B6404,"A320, A321",200
jetBlue,KSYR,KJFK,B61815,"E190, BCS3",45
jetBlue,KTPA,KJFK,B62826,A320,130
jetBlue,KPBI,KJFK,B6154,"A320, BCS3",140
Kenya Airways,HKJK,HAAB,KQ400,E190,120
Kenya Airways,HKJK,FEFF,KQ576,"E190, B738",190
Kenya Airways,FEFF,FKKD,KQ576,"E190, B738",105
Kenya Airways,HKJK,HTDA,KQ482,"E190, B738",85
Kenya Airways,HKJK,FKKD,KQ524,"E190, B738",260
Kenya Airways,FKKD,FKYS,KQ524,"E190, B738",45
Kenya Airways,HKJK,HUEN,KQ420,"E190, B738",75
Kenya Airways,HKJK,HRYR,KQ470,"E190, B738",90
Kenya Airways,HKJK,HTKJ,KQ426,E190,60
Kenya Airways,HKJK,FWKI,KQ738,"E190, B738",145
Kenya Airways,HKJK,FWKI,KQ756,E190,145
Kenya Airways,FWKI,FQNP,KQ756,E190,75
Kenya Airways,HKJK,FLKK,KQ706,"E190, B738",165
Kenya Airways,FLKK,FVRG,KQ706,"E190, B738",60
Kenya Airways,HKJK,FIMP,KQ270,"E190, B738, B788",235
Kenya Airways,HKJK,HKMO,KQ600,E190,60
Kenya Airways,HKJK,FSIA,KQ250,"E190, B738",195
Kenya Airways,HKJK,HTZA,KQ494,E190,65
Kenya Airways,HAAB,HKJK,KQ401,E190,120
Kenya Airways,FEFF,HKJK,KQ577,"E190, B738",190
Kenya Airways,FKKD,FEFF,KQ577,"E190, B738",105
Kenya Airways,HTDA,HKJK,KQ483,"E190, B738",85
Kenya Airways,HUEN,HKJK,KQ421,"E190, B738",75
Kenya Airways,FVRG,HKJK,KQ706,"E190, B738",180
Kenya Airways,HRYR,HKJK,KQ471,"E190, B738",90
Kenya Airways,HTKJ,HKJK,KQ427,E190,60
Kenya Airways,FWKI,HKJK,KQ731,"E190, B738",145
Kenya Airways,FIMP,HKJK,KQ271,"E190, B738, B788",235
Kenya Airways,HKMO,HKJK,KQ601,E190,60
Kenya Airways,FQNP,HKJK,KQ756,E190,225
Kenya Airways,FSIA,HKJK,KQ251,"E190, B738",195
Kenya Airways,FKYS,HKJK,KQ524,"E190, B738",225
Kenya Airways,HTZA,HKJK,KQ495,E190,65
Kenya Airways,DGAA,GLRB,KQ508,B738,95
Kenya Airways,DGAA,GFLL,KQ510,B738,125
Kenya Airways,GLRB,DGAA,KQ509,B738,95
Kenya Airways,GFLL,DGAA,KQ511,B738,125
LATAM,SEGU,SEGS,LA1410,A319,105
LATAM,SEGS,SEGU,LA1411,A319,105
LATAM,SKBO,SKBQ,LA4122,"A319, A320",65
LATAM,SKBO,SKBG,LA4156,A320,40
LATAM,SKBO,SKCL,LA4051,"A319, A320",35
LATAM,SKBO,SKCG,LA4092,"A319, A320",60
LATAM,SKBO,SKCC,LA4180,"A319, A320",50
LATAM,SKBO,SKYP,LA4204,A320,35
LATAM,SKBO,SKLT,LA4042,A320,100
LATAM,SKBO,SKRG,LA4000,A320,30
LATAM,SKBO,SKMR,LA4190,"A319, A320",50
LATAM,SKBO,SKPE,LA4210,"A319, A320",35
LATAM,SKBO,SKSP,LA4254,A320,40
LATAM,SKBO,SKSM,LA4236,"A319, A320",65
LATAM,SKBQ,SKBO,LA4123,"A319, A320",65
LATAM,SKBG,SKBO,LA4157,A320,40
LATAM,SKCL,SKBO,LA4052,"A319, A320",35
LATAM,SKCG,SKBO,LA4093,"A319, A320",60
LATAM,SKCC,SKBO,LA4181,"A319, A320",50
LATAM,SKYP,SKBO,LA4205,A320,35
LATAM,SKLT,SKBO,LA4043,A320,100
LATAM,SKRG,SKBO,LA4001,A320,30
LATAM,SKMR,SKBO,LA4191,"A319, A320",50
LATAM,SKPE,SKBO,LA4211,"A319, A320",35
LATAM,SKSP,SKBO,LA4255,A320,40
LATAM,SKSM,SKBO,LA4237,"A319, A320",65
LATAM,SPJC,SPHZ,LA2059,A319,50
LATAM,SPJC,SPQU,LA2101,"A319, A320",75
LATAM,SPJC,SGAS,LA1321,A320,230
LATAM,SPJC,SPHO,LA2182,"A319, A320",45
LATAM,SPJC,SPJR,LA2291,"A319, A320",55
LATAM,SPJC,SPHI,LA2278,"A319, A320",60
LATAM,SPJC,SPZO,LA2011,"A319, A320",60
LATAM,SPJC,SPLO,LA2171,"A319, A320",80
LATAM,SPJC,SPQT,LA2231,A320,90
LATAM,SPJC,SPJL,LBCS35,A320,80
LATAM,SPJC,LEMD,LA2484,B789,650
LATAM,SPJC,SPUR,LA2304,"A319, A320",80
LATAM,SPJC,SPCL,LA2354,"A319, A320",50
LATAM,SPJC,SPTU,LA2258,"A319, A320",85
LATAM,SPJC,SEQM,LA2430,A320,120
LATAM,SPJC,SPTN,LA2073,"A319, A320",90
LATAM,SPJC,SPYL,LA2251,"A319, A320",85
LATAM,SPJC,SPST,LA2083,"A319, A320",60
LATAM,SPJC,SPRU,LA2131,"A319, A320",50
LATAM,SPJC,SPME,LA2050,"A319, A320",90
LATAM,SPHZ,SPJC,LA2060,A319,50
LATAM,SPQU,SPJC,LA2102,"A319, A320",75
LATAM,SGAS,SPJC,LA1320,A320,230
LATAM,SPHO,SPJC,LA2183,"A319, A320",45
LATAM,SPJR,SPJC,LA2292,"A319, A320",55
LATAM,SPHI,SPJC,LA2279,"A319, A320",60
LATAM,SPZO,SPJC,LA2012,"A319, A320",60
LATAM,SPLO,SPJC,LA2170,"A319, A320",80
LATAM,SPQT,SPJC,LA2230,A320,90
LATAM,SPJL,SPJC,LBCS36,A320,80
LATAM,SPUR,SPJC,LA2305,"A319, A320",80
LATAM,SPCL,SPJC,LA2355,"A319, A320",50
LATAM,SPTU,SPJC,LA2259,"A319, A320",85
LATAM,LEMD,SPJC,LA2485,B789,670
LATAM,SEQM,SPJC,LA2431,A320,120
LATAM,SPTN,SPJC,LA2074,"A319, A320",90
LATAM,SPYL,SPJC,LA2252,"A319, A320",85
LATAM,SPST,SPJC,LA2084,"A319, A320",60
LATAM,SPRU,SPJC,LA2132,"A319, A320",50
LATAM,SPME,SPJC,LA2051,"A319, A320",90
LATAM,SEQM,SECU,LA1401,A319,40
LATAM,SEQM,SEGU,LA1351,A319,35
LATAM,SEQM,SEMT,LA1393,A319,35
LATAM,SECU,SEQM,LA1402,A319,40
LATAM,SEGU,SEQM,LA1352,A319,35
LATAM,SEMT,SEQM,LA1394,A319,35
LATAM,SBGL,SBFL,LA4542,A320,70
LATAM,SBGL,SBFI,LA3290,A320,100
LATAM,SBGL,SBPA,LA3976,A320,95
LATAM,SBGL,SBSV,LA3672,A320,100
LATAM,SBFL,SBGL,LA4543,A320,70
LATAM,SBFI,SBGL,LA3685,A320,100
LATAM,SBPA,SBGL,LA3977,A320,95
LATAM,SBSV,SBGL,LA3673,A320,100
LATAM,SBGR,SGAS,LA1300,A320,100
LATAM,SBGR,LEBL,LA8114,"B77W, B789",580
LATAM,SBGR,SBBE,LA3230,"A320, A321",200
LATAM,SBGR,SBCF,LA3199,"A319, A320, A321",80
LATAM,SBGR,SBBR,LA4510,"A319, A320, A321",100
LATAM,SBGR,SBCG,LA3126,A320,85
LATAM,SBGR,SBCT,LA3982,"A319, A320, A321",65
LATAM,SBGR,SBFL,LA3300,"A320, A321",60
LATAM,SBGR,SBFZ,LA3316,"A319, A320, A321",200
LATAM,SBGR,SBGO,LA3414,"A319, A320, A321",90
LATAM,SBGR,SBFI,LA4624,"A319, A320, A321",100
LATAM,SBGR,EGLL,LA8084,"B77W, A359 ",690
LATAM,SBGR,SBLO,LA3462,"A319, A320",55
LATAM,SBGR,SBMO,LA3446,"A319, A320, A321",170
LATAM,SBGR,LEMD,LA8066,"B77W, B789",550
LATAM,SBGR,SBEG,LA3562,"A320, A321",220
LATAM,SBGR,SUMU,LA8118,"A320, A321",130
LATAM,SBGR,SBSG,LA3640,"A320, A321",180
LATAM,SBGR,SBNF,LA3404,"A319, A320",50
LATAM,SBGR,SBPA,LA3394,"A320, A321",105
LATAM,SBGR,SBRF,LA3548,"A319, A320, A321, B763 (LAN)",175
LATAM,SBGR,SBGL,LA3342,"A320, A321",45
LATAM,SBGR,SBRJ,LA3364,"A319, A320",45
LATAM,SBGR,SBSV,LA3310,"A319, A320, A321",85
LATAM,SBGR,SCEL,LA8026,"A320, A321, B77W, B789",210
LATAM,SBGR,SBUL,LA3208,"A319, A320",70
LATAM,SBGR,SBVT,LA4611,A320,85
LATAM,SGAS,SBGR,LA1301,A320,100
LATAM,LEBL,SBGR,LA8115,"B77W, B789",635
LATAM,SBBE,SBGR,LA3231,"A320, A321",200
LATAM,SBCF,SBGR,LA3200,"A319, A320, A321",80
LATAM,SBBR,SBGR,LA4511,"A319, A320, A321",100
LATAM,SBCG,SBGR,LA3127,A320,85
LATAM,SBCT,SBGR,LA3983,"A319, A320, A321",65
LATAM,SBFL,SBGR,LA3301,"A320, A321",60
LATAM,SBFZ,SBGR,LA3317,"A319, A320, A321",200
LATAM,SBGO,SBGR,LA3415,"A319, A320, A321",90
LATAM,SBFI,SBGR,LA4625,"A319, A320, A321",100
LATAM,EGLL,SBGR,LA8085,"B77W, A359",690
LATAM,SBLO,SBGR,LA3463,"A319, A320",55
LATAM,SBMO,SBGR,LA3447,"A319, A320, A321",170
LATAM,LEMD,SBGR,LA8065,"B77W, B789",600
LATAM,SBEG,SBGR,LA3563,"A320, A321",220
LATAM,SUMU,SBGR,LA8119,"A320, A321",130
LATAM,SBSG,SBGR,LA3641,"A320, A321",180
LATAM,SBNF,SBGR,LA3405,"A319, A320",50
LATAM,SBPA,SBGR,LA3395,"A320, A321",105
LATAM,SBRF,SBGR,LA3549,"A319, A320, A321, B763 (LAN)",175
LATAM,SBGL,SBGR,LA3347,"A320, A321",45
LATAM,SBRJ,SBGR,LA3365,"A319, A320",45
LATAM,SBSV,SBGR,LA3311,"A319, A320, A321",85
LATAM,SCEL,SBGR,LA8027,"A320, A321, B77W, B789",210
LATAM,SBUL,SBGR,LA3211,"A319, A320",70
LATAM,SBVT,SBGR,LA4612,A320,85
LATAM,SCEL,SCFA,LA340,"A320, A321",95
LATAM,SCEL,SCAR,LA198,"A320, A321",140
LATAM,SCEL,SCBA,LA271,"A320, A321",130
LATAM,SCEL,SCCF,LA374,"A320, A321",110
LATAM,SCEL,SCIE,LA3,"A320, A321",50
LATAM,SCEL,SCAT,LA118,"A320, A321",65
LATAM,SCEL,SACO,LA486,"A320, A321",65
LATAM,SCEL,SCIP,LA841,B789,320
LATAM,SCEL,SCDA,LA168,"A320, A321",115
LATAM,SCEL,SCSE,LA316,"A320, A321",50
LATAM,SCEL,LEMD,LA706,B789,710
LATAM,SCEL,SAME,LA436,A320,60
LATAM,SCEL,SCTE,LA273,"A320, A321",85
LATAM,SCEL,SCCI,LA309,"A320, A321",185
LATAM,SCEL,SCQP,LA233,"A320, A321",65
LATAM,SCFA,SCEL,LA341,"A320, A321",95
LATAM,SCAR,SCEL,LA199,"A320, A321",140
LATAM,SCBA,SCEL,LA270,"A320, A321",130
LATAM,SCCF,SCEL,LA375,"A320, A321",110
LATAM,SCIE,SCEL,LA4,"A320, A321",50
LATAM,SCAT,SCEL,LA119,"A320, A321",65
LATAM,SACO,SCEL,LA487,"A320, A321",65
LATAM,SCIP,SCEL,LA842,B789,250
LATAM,SCDA,SCEL,LA169,"A320, A321",115
LATAM,SCSE,SCEL,LA317,"A320, A321",50
LATAM,LEMD,SCEL,LA707,B789,780
LATAM,SAME,SCEL,LA437,A320,60
LATAM,SCTE,SCEL,LA270,"A320, A321",85
LATAM,SCCI,SCEL,LA308,"A320, A321",185
LATAM,SCQP,SCEL,LA234,"A320, A321",65
Malaysia Airlines,WMKK,YPAD,MH139,A359,420
Malaysia Airlines,WMKK,WMKA,MH1204,B738,60
Malaysia Airlines,WMKK,NZAA,MH145,A359,570
Malaysia Airlines,WMKK,WADD,MH853,B738,160
Malaysia Airlines,WMKK,VTBS,MH774,B738,100
Malaysia Airlines,WMKK,WBGB,MH2742,B738,110
Malaysia Airlines,WMKK,VVTS,MH750,B738,90
Malaysia Airlines,WMKK,WMKJ,MH1063,B738,35
Malaysia Airlines,WMKK,WMKC,MH1384,B738,45
Malaysia Airlines,WMKK,WBKK,MH2638,B738,125
Malaysia Airlines,WMKK,WMKN,MH1326,B738,45
Malaysia Airlines,WMKK,WMKD,MH1276,B738,30
Malaysia Airlines,WMKK,WBGG,MH2528,B738,90
Malaysia Airlines,WMKK,WBKL,MH2633,B738,130
Malaysia Airlines,WMKK,WMKL,MH1434,B738,135
Malaysia Airlines,WMKK,YMML,MH129,A359,450
Malaysia Airlines,WMKK,WBGR,MH2598,B738,110
Malaysia Airlines,WMKK,WMKP,MH1133,B738,50
Malaysia Airlines,WMKK,YPPH,MH125,"B738, A359",315
Malaysia Airlines,WMKK,VDPP,MH754,B738,110
Malaysia Airlines,WMKK,WBKS,MH2668,B738,155
Malaysia Airlines,WMKK,WBGS,MH2712,B738,120
Malaysia Airlines,WMKK,WSSS,MH603,B738,45
Malaysia Airlines,WMKK,WARR,MH871,B738,110
Malaysia Airlines,WMKK,YSSY,MH141,"A359, A388",470
Malaysia Airlines,YPAD,WMKK,MH138,A359,420
Malaysia Airlines,WMKA,WMKK,MH1205,B738,60
Malaysia Airlines,NZAA,WMKK,MH144,A359,570
Malaysia Airlines,WADD,WMKK,MH852,B738,160
Malaysia Airlines,VTBS,WMKK,MH775,B738,100
Malaysia Airlines,WBGB,WMKK,MH2743,B738,110
Malaysia Airlines,VVTS,WMKK,MH750,B738,90
Malaysia Airlines,WMKJ,WMKK,MH1034,B738,35
Malaysia Airlines,WMKC,WMKK,MH1385,B738,45
Malaysia Airlines,WBKK,WMKK,MH2637,B738,125
Malaysia Airlines,WMKN,WMKK,MH1327,B738,45
Malaysia Airlines,WMKD,WMKK,MH1269,B738,30
Malaysia Airlines,WBGG,WMKK,MH2547,B738,90
Malaysia Airlines,WBKL,WMKK,MH2635,B738,130
Malaysia Airlines,WMKL,WMKK,MH1433,B738,135
Malaysia Airlines,YMML,WMKK,MH128,A359,450
Malaysia Airlines,WBGR,WMKK,MH2551,B738,110
Malaysia Airlines,WMKP,WMKK,MH1133,B738,50
Malaysia Airlines,YPPH,WMKK,MH126,"B738, A359",315
Malaysia Airlines,VDPP,WMKK,MH755,B738,110
Malaysia Airlines,WBKS,WMKK,MH2669,B738,155
Malaysia Airlines,WBGS,WMKK,MH2711,B738,120
Malaysia Airlines,WSSS,WMKK,MH604,B738,45
Malaysia Airlines,WARR,WMKK,MH870,B738,110
Malaysia Airlines,YSSY,WMKK,MH140,"A359, A388",470
Pegasus Airlines,LTFJ,LTAC,PC2684,"A320, B738",50
Pegasus Airlines,LTFJ,LTAI,PC2024,"A320, B738",65
Pegasus Airlines,LTFJ,LTFE,PC2264,"A320, B738",75
Pegasus Airlines,LTFJ,LTBS,PC2296,"A320, B738",60
Pegasus Airlines,LTFJ,LTBJ,PC2204,"A320, B738",55
Pegasus Airlines,LTFJ,LTAU,PC2740,"A320, B738",65
Pegasus Airlines,LTFJ,LEMD,PC1101,A320,260
Pegasus Airlines,LTFJ,LTDB,PC2088,"A320, B738",80
Pegasus Airlines,LTAC,LTFJ,PC2685,"A320, B738",50
Pegasus Airlines,LTAI,LTFJ,PC2025,"A320, B738",65
Pegasus Airlines,LTFE,LTFJ,PC2257,"A320, B738",75
Pegasus Airlines,LTBS,LTFJ,PC2293,"A320, B738",60
Pegasus Airlines,LTBJ,LTFJ,PC2207,"A320, B738",55
Pegasus Airlines,LTAU,LTFJ,PC2741,"A320, B738",65
Pegasus Airlines,LEMD,LTFJ,PC1102,A320,260
Pegasus Airlines,LTDB,LTFJ,PC2089,"A320, B738",80
Qantas,VHHH,YBBN,QF98,"B763, A333, B789",510
Qantas,VHHH,YMML,QF30,"B763, A333, B789, B744",540
Qantas,YBBN,VHHH,QF97,"B763, A333, B789",510
Qantas,YMML,VHHH,QF29,"B763, A333, B789, B744",540
Qantas,WSSS,YBBN,QF52,"B763, A333",450
Qantas,WSSS,YPDN,QF114,B738,285
Qantas,WSSS,YMML,QF36,"A333, A388",435
Qantas,WSSS,YPPH,QF72,"B738, B763, A333",300
Qantas,YBBN,WSSS,QF51,"B763, A333",450
Qantas,YPDN,WSSS,QF113,B738,270
Qantas,YMML,WSSS,QF35,"A333, A388",435
Qantas,YPPH,WSSS,QF71,"B738, B763, A333",300
Qantas,YSSY,YPAD,QF741,"B738, B763",120
Qantas,YSSY,YMAY,QF2205,DH8D,60
Qantas,YSSY,NZAA,QF141,"B738, B763, A333, B789, B744",180
Qantas,YSSY,VTBS,QF23,A333,555
Qantas,YSSY,YBBN,QF504,"B717, B738, B763, B744",90
Qantas,YSSY,YBCS,QF924,"B738, A333 ",180
Qantas,YSSY,YSCB,QF803,"B717, DH8D",45
Qantas,YSSY,NZCH,QF139,"B738, B763",180
Qantas,YSSY,YCFS,QF2106,DH8D,75
Qantas,YSSY,YBCG,QF860,B738,75
Qantas,YSSY,YMHB,QF1583,"B717, B738, BCS3",120
Qantas,YSSY,YMML,QF403,"B738, B763, A333, B744",90
Qantas,YSSY,YPPH,QF653,"B738, B763, A333, B789, B744",300
Qantas,YSSY,NZQN,QF121,B738,165
Qantas,YSSY,WSSS,QF81,A333,505
Qantas,YSSY,NZWN,QF161,B738,180
Qantas,YPAD,YSSY,QF736,"B738, B763",120
Qantas,YMAY,YSSY,QF2206,DH8D,60
Qantas,NZAA,YSSY,QF142,"B738, B763, A333, B789, B744",180
Qantas,VTBS,YSSY,QF24,A333,545
Qantas,YBBN,YSSY,QF505,"B717, B738, B763, B744",90
Qantas,YBCS,YSSY,QF925,"B738, A333 ",180
Qantas,YSCB,YSSY,QF804,"B717, DH8D",45
Qantas,NZCH,YSSY,QF140,"B738, B763",180
Qantas,YCFS,YSSY,QF2107,DH8D,75
Qantas,YBCG,YSSY,QF861,B738,75
Qantas,YMHB,YSSY,QF1584,"B717, B738, BCS3",120
Qantas,YMML,YSSY,QF404,"B738, B763, A333, B744",90
Qantas,YPPH,YSSY,QF646,"B738, B763, A333, B789, B744",210
Qantas,NZQN,YSSY,QF122,B738,165
Qantas,WSSS,YSSY,QF82,A333,480
Qantas,NZWN,YSSY,QF162,B738,180
Qatar Airways,OTHH,HAAB,QR1427,B77W,235
Qatar Airways,OTHH,YPAD,QR914,A359,875
Qatar Airways,YPAD,NZAA,QR914,A359,270
Qatar Airways,OTHH,ORNI,QR460,"A319, A321",115
Qatar Airways,OTHH,OEGS,QR1194,"A319, A321",90
Qatar Airways,OTHH,HEBA,QR1317,"A319, A321",215
Qatar Airways,OTHH,UAAA,QR389,"A319, A321, B77L",240
Qatar Airways,OTHH,OJAI,QR400,"B77W, B788, A359",175
Qatar Airways,OTHH,NZAA,QR920,"B77L, A359",990
Qatar Airways,OTHH,ORBI,QR444,"A319, B38M",120
Qatar Airways,OTHH,OBBI,QR1102,"A319, B38M, B788",25
Qatar Airways,OTHH,UBBB,QR353,"A319, A321, B38M",145
Qatar Airways,OTHH,WADD,QR960,A359,570
Qatar Airways,OTHH,VTBS,QR836 ,"B77W, A346, A359, A388",380
Qatar Airways,OTHH,LEBL,QR137,B788,380
Qatar Airways,OTHH,ORMM,QR448,"A319, A321, A333, A359",90
Qatar Airways,OTHH,ZBAD,QR892,B77W,445
Qatar Airways,OTHH,OLBA,QR416,"A319, B77W, B788, A359",230
Qatar Airways,OTHH,EDDB,QR79,"B788, A359",390
Qatar Airways,OTHH,EGBB,QR35,B788,450
Qatar Airways,OTHH,YBBN,QR898,"B77W, A359",870
Qatar Airways,OTHH,FACT,QR1369,A359,550
Qatar Airways,OTHH,EGFF,QR323,B788,445
Qatar Airways,OTHH,RPVM,QR936,B788,595
Qatar Airways,RPVM,RPMD,QR936,B788,80
Qatar Airways,OTHH,ZUTF,QR860,A333,385
Qatar Airways,OTHH,VTCC,QR822,B788,420
Qatar Airways,OTHH,ZUCK,QR880,A333,465
Qatar Airways,OTHH,RPLC,QR926,B788,575
Qatar Airways,OTHH,VCBI,QR654,"A333, B77W, A346, A359",300
Qatar Airways,OTHH,VVDN,QR996,B788,455
Qatar Airways,OTHH,OEDF,QR1156,"A319, B788, A359",40
Qatar Airways,OTHH,HTDA,QR1347,A333,355
Qatar Airways,OTHH,VGHS,QR634,"A333, B788",300
Qatar Airways,OTHH,HDAM,QR1459,"A319, A321",160
Qatar Airways,HDAM,HCMM,QR1459,"A319, A321",110
Qatar Airways,OTHH,EDDL,QR85,B788,420
Qatar Airways,OTHH,EGPH,QR29,"B788, A359",435
Qatar Airways,OTHH,HUEN,QR1387,"A333, B788",360
Qatar Airways,OTHH,HUEN,QR1385,B788,290
Qatar Airways,HUEN,HRYR,QR1385,B788,55
Qatar Airways,OTHH,ORER,QR450,"A319, A321",180
Qatar Airways,OTHH,OPFA,QR624,"A319, A321",180
Qatar Airways,OTHH,EDDF,QR67,"B77W, B788, A359",420
Qatar Airways,OTHH,LSGG,QR99,A359,430
Qatar Airways,OTHH,ZGGG,QR874,"B77W, A380",390
Qatar Airways,OTHH,EDDH,QR91,B788,355
Qatar Airways,OTHH,ZSHC,QR890,B77W,500
Qatar Airways,OTHH,VVNB,QR976,"B788, A359",420
Qatar Airways,OTHH,VVTS ,QR970,"B77L, B77W, B788, A359",410
Qatar Airways,VVTS ,VDPP,QR970,"B77W, B788, A359",50
Qatar Airways,OTHH,VHHH,QR818,"B77W, A359",440
Qatar Airways,OTHH,VHHH,QR8400,B77F,440
Qatar Airways,OTHH,OIFM,QR470,"A319, A321",80
Qatar Airways,OTHH,OPIS,QR632,"B77W, A359",175
Qatar Airways,OTHH,WIII,QR956,A359,540
Qatar Airways,OTHH,OEJN,QR1188,"B77W, B788, A359",115
Qatar Airways,OTHH,FAOR,QR1367,B77W,465
Qatar Airways,FAOR,FALE,QR1367,B77W,50
Qatar Airways,OTHH,OPKC,QR610,"B77W, B788, A359",165
Qatar Airways,OTHH,HSSS,QR1331,"A319, A321, B788",245
Qatar Airways,OTHH,HRYR,QR1389,"A319, A321",330
Qatar Airways,OTHH,HTKJ,QR1499,"A319, B788",325
Qatar Airways,OTHH,VTSG,QR824,A359,420
Qatar Airways,OTHH,WMKK,QR844,"B77W, A346, A359",445
Qatar Airways,OTHH,OPLA,QR629,"B77L, B77W, B788, A359",225
Qatar Airways,OTHH,LPPT,QR341,B788,460
Qatar Airways,OTHH,EGKK,QR327,"B788, A359",450
Qatar Airways,OTHH,EGLL,QR1,"A319, B77W, B788, A346, A359, A388",420
Qatar Airways,OTHH,EGSS,QR8241,B77F,435
Qatar Airways,OTHH,FNLU,QR1489,"A333, B788",455
Qatar Airways,OTHH,FLKK,QR1455,B788,415
Qatar Airways,FLKK,FVRG,QR1455,B788,60
Qatar Airways,OTHH,LFLL,QR51,B788,375
Qatar Airways,OTHH,LEMD,QR147,"B77W, B788",395
Qatar Airways,OTHH,LEMG,QR155,A359,415
Qatar Airways,OTHH,VRMM,QR672 ,B77W,260
Qatar Airways,OTHH,EGCC,QR27,"B77W, B788",405
Qatar Airways,OTHH,RPLL,QR932,B77W,565
Qatar Airways,OTHH,FQMA,QR1361,"B788, A359",510
Qatar Airways,OTHH,OIMM,QR492,"A319, A321",130
Qatar Airways,OTHH,WIMM,QR966,B788,395
Qatar Airways,OTHH,OEMA,QR1178,"A319, A321, B38M, B77W",115
Qatar Airways,OTHH,YMML,QR988,"B77W, A388",790
Qatar Airways,YMML,YPAD,QR988,B77W,80
Qatar Airways,YMML,YSCB,QR988,B77W,65
Qatar Airways,OTHH,LIMC,QR117,"B77W, A359",400
Qatar Airways,OTHH,EDDM,QR57,B788,360
Qatar Airways,OTHH,OPMT,QR616,A319,180
Qatar Airways,OTHH,VABB,QR556,B77W,215
Qatar Airways,OTHH,OOMS,QR1148,"B38M, A333, B77L, B77W, B788, A359",70
Qatar Airways,OTHH,HKJK,QR1341,B77W,285
Qatar Airways,OTHH,LFMN,QR55,B788,375
Qatar Airways,OTHH,LFPG,QR37,"B77W, A359, A388",405
Qatar Airways,OTHH,WMKP,QR866,B788,475
Qatar Airways,WMKP,WMKL,QR866,B788,50
Qatar Airways,OTHH,YPPH,QR900,A388,675
Qatar Airways,OTHH,OPPS,QR600,"A319, B788",180
Qatar Airways,OTHH,VTSP,QR840,"B77W, B788",425
Qatar Airways,VTSP,VTBS,QR840,B77W,70
Qatar Airways,VTSP,WMKP,QR840,B788,40
Qatar Airways,OTHH,LIRF,QR113,"B788, A359",390
Qatar Airways,OTHH,OERK,QR1236,"A319, B77L, B788",65
Qatar Airways,OTHH,OOSA,QR1140,"A319, B38M, B77W",150
Qatar Airways,OTHH,RKSI,QR858,A359,550
Qatar Airways,OTHH,FSIA,QR678,"A319, B77L, B788",285
Qatar Airways,OTHH,ZSPD,QR870,B77W,435
Qatar Airways,OTHH,OISS,QR476,A319,70
Qatar Airways,OTHH,OPST,QR630,B788,325
Qatar Airways,OTHH,WSSS,QR946,A359,490
Qatar Airways,OTHH,ORSU,QR436,"A319, A321, B38M",155
Qatar Airways,OTHH,YSSY,QR908,A388,870
Qatar Airways,OTHH,YSSY,QR906,A359,870
Qatar Airways,YSSY,YSCB,QR906,A359,50
Qatar Airways,OTHH,OETF,QR1206,A319,125
Qatar Airways,OTHH,UGTB,QR253,"A319, A321, B38M",165
Qatar Airways,OTHH,OIIE,QR490,"A319, A321, B77W, B788, A359",105
Qatar Airways,OTHH,LFBO,QR47,A333,395
Qatar Airways,OTHH,VTBU,QR828,B788,430
Qatar Airways,OTHH,LIPZ,QR125,B788,325
Qatar Airways,OTHH,FYWH,QR1373,B788,490
Qatar Airways,OTHH,UDYZ,QR285,"A319, A321, B77L",165
Qatar Airways,OTHH,HTZA,QR1351,B788,405
Qatar Airways,OTHH,LSZH,QR93,A359,410
Qatar Airways,HAAB,OTHH,QR1428,B77W,235
Qatar Airways,YPAD,OTHH,QR915,A359,875
Qatar Airways,NZAA,YPAD,QR915,A359,270
Qatar Airways,ORNI,OTHH,QR461,"A319, A321",115
Qatar Airways,OEGS,OTHH,QR1195,"A319, A321",90
Qatar Airways,HEBA,OTHH,QR1318,"A319, A321",200
Qatar Airways,UAAA,OTHH,QR390,"A319, A321, B77L",240
Qatar Airways,OJAI,OTHH,QR401,"B77W, B788, A359",175
Qatar Airways,NZAA,OTHH,QR921,"B77L, A359",990
Qatar Airways,ORBI,OTHH,QR445,A319,120
Qatar Airways,OBBI,OTHH,QR1103,"A319, B38M, B788",25
Qatar Airways,UBBB,OTHH,QR354,"A319, A321, B38M",145
Qatar Airways,WADD,OTHH,QR961,A359,570
Qatar Airways,VTBS,OTHH,QR837,"B77W, A346, A359, A388",380
Qatar Airways,LEBL,OTHH,QR138,B788,350
Qatar Airways,ORMM,OTHH,QR449,"A319, A321, A333, A359",90
Qatar Airways,ZBAD,OTHH,QR893,B77W,540
Qatar Airways,OLBA,OTHH,QR417,"A319, B77W, B788, A359",230
Qatar Airways,EDDB,OTHH,QR80,"B788, A359",360
Qatar Airways,EGBB,OTHH,QR36,B788,450
Qatar Airways,YBBN,OTHH,QR899,"B77W, A359",870
Qatar Airways,FACT,OTHH,QR1372,A359,550
Qatar Airways,EGFF,OTHH,QR324,B788,445
Qatar Airways,ZUTF,OTHH,QR861,A333,430
Qatar Airways,VTCC,OTHH,QR823,B788,420
Qatar Airways,ZUCK,OTHH,QR881,A333,465
Qatar Airways,RPLC,OTHH,QR927,B788,575
Qatar Airways,VCBI,OTHH,QR655,"A333, B77W, A346, A359",300
Qatar Airways,VVDN,OTHH,QR997,B788,455
Qatar Airways,OEDF,OTHH,QR1157,"A319, B788, A359",40
Qatar Airways,HTDA,OTHH,QR1348,A333,355
Qatar Airways,HTDA,OTHH,QR1499,"A319, B788",315
Qatar Airways,HTKJ,HTDA,QR1499,"A319, B788",65
Qatar Airways,RPMD,OTHH,QR922,B788,580
Qatar Airways,VGHS,OTHH,QR635,"A333, B788",300
Qatar Airways,HDAM,OTHH,QR1460,"A319, A321",160
Qatar Airways,HCMM,HDAM,QR1460,"A319, A321",110
Qatar Airways,EDDL,OTHH,QR86,B788,380
Qatar Airways,EGPH,OTHH,QR30,"B788, A359",435
Qatar Airways,HUEN,OTHH,QR1388,"A333, B788",360
Qatar Airways,HUEN,OTHH,QR1386,B788,290
Qatar Airways,HRYR,HUEN,QR1386,B788,55
Qatar Airways,ORER,OTHH,QR451,"A319, A321",180
Qatar Airways,OPFA,OTHH,QR625,"A319, A321",180
Qatar Airways,EDDF,OTHH,QR68,"B77W, B788, A359",380
Qatar Airways,LSGG,OTHH,QR100,A359,375
Qatar Airways,ZGGG,OTHH,QR875,"B77W, A380",390
Qatar Airways,EDDH,OTHH,QR92,B788,330
Qatar Airways,ZSHC,OTHH,QR891,B77W,480
Qatar Airways,VVNB,OTHH,QR977,B788,420
Qatar Airways,VVTS,OTHH,QR971,"B77L, B77W, B788, A359",475
Qatar Airways,VDPP,VVTS,QR971,"B77W, B788, A359",50
Qatar Airways,VHHH,OTHH,QR817,"B77W, A359",440
Qatar Airways,VHHH,OTHH,QR8401,B77F,440
Qatar Airways,OIFM,OTHH,QR471,"A319, A321",80
Qatar Airways,OPIS,OTHH,QR633,"B77W, A359",190
Qatar Airways,WIII,OTHH,QR955,A359,525
Qatar Airways,OEJN,OTHH,QR1189,"B77W, B788, A359",115
Qatar Airways,FAOR,OTHH,QR1368,B77W,465
Qatar Airways,FALE,FAOR,QR1368,B77W,50
Qatar Airways,OPKC,OTHH,QR611,"B77W, B788, A359",165
Qatar Airways,HSSS,OTHH,QR1332,"A319. A321, B788",245
Qatar Airways,HRYR,OTHH,QR1390,"A319, A321",365
Qatar Airways,VTSG,OTHH,QR825,A359,420
Qatar Airways,WMKK,OTHH,QR849,"B77W, A346, A359",420
Qatar Airways,OPLA,OTHH,QR630,"B77L, B77W, B788, A359",225
Qatar Airways,LPPT,OTHH,QR342,B788,460
Qatar Airways,EGKK,OTHH,QR328,"B788, A359",450
Qatar Airways,EGLL,OTHH,QR2,"A319, B77W, B788, A346, A359, A388",420
Qatar Airways,EGSS,OTHH,QR8244,B77F,435
Qatar Airways,FNLU,OTHH,QR1490,"A333, B788",455
Qatar Airways,FLKK,OTHH,QR1456,B788,415
Qatar Airways,FVRG,FLKK,QR1456,B788,60
Qatar Airways,LFLL,OTHH,QR52,B788,375
Qatar Airways,LEMD,OTHH,QR148,"B77W, B788",375
Qatar Airways,LEMG,OTHH,QR156,A359,415
Qatar Airways,VRMM,OTHH,QR675,B77W,260
Qatar Airways,EGCC,OTHH,QR28,"B77W, B788",385
Qatar Airways,RPLL,OTHH,QR933,B77W,565
Qatar Airways,FQMA,OTHH,QR1362,"B788, A359",510
Qatar Airways,OIMM,OTHH,QR493,"A319, A321",130
Qatar Airways,WIMM,OTHH,QR967,B788,415
Qatar Airways,OEMA,OTHH,QR1179,"A319, A321, B38M, B77W",115
Qatar Airways,YMML,OTHH,QR989,"B77W, A388",790
Qatar Airways,YPAD,YMML,QR989,B77W,80
Qatar Airways,YSCB,YMML,QR989,B77W,65
Qatar Airways,LIMC,OTHH,QR118,"B77W, A359",370
Qatar Airways,OPMT,OTHH,QR617,A319,180
Qatar Airways,VABB,OTHH,QR557,B77W,230
Qatar Airways,EDDM,OTHH,QR58,B788,305
Qatar Airways,OOMS,OTHH,QR1149,"B38M, A333, B77L, B77W, B788, A359",70
Qatar Airways,HKJK,OTHH,QR1342,B77W,290
Qatar Airways,LFMN,OTHH,QR56,B788,375
Qatar Airways,LFPG,OTHH,QR38,"B77W, A359, A388",405
Qatar Airways,WMKP,OTHH,QR867,B788,475
Qatar Airways,WMKL,WMKP,QR867,B788,50
Qatar Airways,YPPH,OTHH,QR901,A388,675
Qatar Airways,OPPS,OTHH,QR601,"A319, B788",180
Qatar Airways,VTSP,OTHH,QR841,"B77W, B788",425
Qatar Airways,VTBS,VTSP,QR841,B77W,70
Qatar Airways,WMKP,VTSP,QR841,B788,45
Qatar Airways,OERK,OTHH,QR1237,"A319, B77L, B788",65
Qatar Airways,LIRF,OTHH,QR114,"B788, A359",340
Qatar Airways,OOSA,OTHH,QR1141,"A319, B78M, B77W",150
Qatar Airways,RKSI,OTHH,QR859,A359,645
Qatar Airways,FSIA,OTHH,QR679,"A319, B77L, B788",300
Qatar Airways,ZSPD,OTHH,QR871,B77W,485
Qatar Airways,OISS,OTHH,QR477,A319,70
Qatar Airways,OPST,OTHH,QR631,B788,325
Qatar Airways,WSSS,OTHH,QR945,A359,445
Qatar Airways,ORSU,OTHH,QR437,"A319, A321, B38M",155
Qatar Airways,YSSY,OTHH,QR909,A388,870
Qatar Airways,YSSY,OTHH,QR907,A359,870
Qatar Airways,YSCB,YSSY,QR907,A359,50
Qatar Airways,OETF,OTHH,QR1207,A319,125
Qatar Airways,UGTB,OTHH,QR254,"A319, A321, B38M",165
Qatar Airways,OIIE,OTHH,QR491,"A319, A321, B77W, B788, A359",105
Qatar Airways,LFBO,OTHH,QR48,A333,395
Qatar Airways,VTBU,OTHH,QR829,B788,430
Qatar Airways,LIPZ,OTHH,QR126,B788,300
Qatar Airways,FYWH,OTHH,QR1374,B788,470
Qatar Airways,UDYZ,OTHH,QR286,"A319, A321, B77L",165
Qatar Airways,HTZA,OTHH,QR1352,B788,405
Qatar Airways,LSZH,OTHH,QR94,A359,320
Royal Air Maroc ,GMMN,DIAP,AT533,B738,260
Royal Air Maroc ,GMMN,DGAA,AT515,B738,250
Royal Air Maroc ,GMMN,GMAD,AT431,"B738, B38M",60
Royal Air Maroc ,GMMN,LEBL,AT964,B738,110
Royal Air Maroc ,GMMN,GMMH,AT1420,B738,105
Royal Air Maroc ,GMMN,GMFK,AT1446,B738,40
Royal Air Maroc ,GMMN,GFLL,AT565,B738,230
Royal Air Maroc ,GMMN,GMML,AT1412,B738,70
Royal Air Maroc ,GMMN,EGLL,AT800,"B738, B38M, B788",180
Royal Air Maroc ,GMMN,LEMD,AT972,B738,85
Royal Air Maroc ,GMMN,LEMG,AT988,B738,50
Royal Air Maroc,GMMN,EGCC,AT818,B738,180
Royal Air Maroc ,GMMN,GMMX,AT411,"B738, B38M",35
Royal Air Maroc ,GMMN,GLRB,AT567,B738,240
Royal Air Maroc ,GMMN,GMMW,AT1452,B738,85
Royal Air Maroc ,GMMN,GMMZ,AT1460,B738,75
Royal Air Maroc ,GMMN,GMFO,AT1402,B738,55
Royal Air Maroc ,GMMN,GMTN,AT1436,B738,70
Royal Air Maroc ,GMTN,GMTA,AT1436,B738,30
Royal Air Maroc ,GMMN,LEVC,AT968,B738,90
Royal Air Maroc ,DIAP,GMMN,AT532,B738,260
Royal Air Maroc ,DGAA,GMMN,AT514,B738,240
Royal Air Maroc ,GMAD,GMMN,AT432,"B738, B38M",65
Royal Air Maroc ,LEBL,GMMN,AT965,B738,110
Royal Air Maroc ,GMMH,GMMN,AT1421,B738,105
Royal Air Maroc ,GMFK,GMMN,AT1447,B738,40
Royal Air Maroc ,GFLL,GMMN,AT564,B738,230
Royal Air Maroc ,GMML,GMMN,AT1413,B738,70
Royal Air Maroc ,EGLL,GMMN,AT801,"B738, B38M, B788",180
Royal Air Maroc ,LEMD,GMMN,AT973,B738,85
Royal Air Maroc ,LEMG,GMMN,AT989,B738,50
Royal Air Maroc,EGCC,GMMN,AT819,B738,180
Royal Air Maroc ,GMMX,GMMN,AT412,"B738, B38M",35
Royal Air Maroc ,GLRB,GMMN,AT566,B738,240
Royal Air Maroc ,GMMW,GMMN,AT1453,B738,85
Royal Air Maroc ,GMMZ,GMMN,AT1461,B738,75
Royal Air Maroc ,GMFO,GMMN,AT1403,B738,55
Royal Air Maroc ,GMTN,GMMN,AT1437,B738,70
Royal Air Maroc ,GMTA,GMTN,AT1437,B738,30
Royal Air Maroc ,LEVC,GMMN,AT969,B738,90
Royal Jordanian,OJAI,LEBL,RJ107,B788,270
Royal Jordanian,OJAI,LEMD,RJ109,B788,300
Royal Jordanian,LEBL,OJAI,RJ108,B788,270
Royal Jordanian,LEMD,OJAI,RJ110,B788,300
TAAG Angola Airlines,FNLU,FACT,DT579,B737,230
TAAG Angola Airlines,FNLU,FAOR,DT577,"B737, B77W",200
TAAG Angola Airlines,FNLU,LPPT,DT650,B772,420
TAAG Angola Airlines,FNLU,LEMD,DT680,B772,410
TAAG Angola Airlines,FNLU,FQMA,DT581,B737,235
TAAG Angola Airlines,FNLU,FYWH,DT573,B737,150
TAAG Angola Airlines,FACT,FNLU,DT580,B737,230
TAAG Angola Airlines,FAOR,FNLU,DT578,"B737, B77W",200
TAAG Angola Airlines,LPPT,FNLU,DT651,B772,420
TAAG Angola Airlines,LEMD,FNLU,DT681,B772,410
TAAG Angola Airlines,FQMA,FNLU,DT582,B737,235
TAAG Angola Airlines,FYWH,FNLU,DT572,B737,150
VivaAerobus,MMMX,MMAA,VB1458,A320,40
VivaAerobus,MMMX,MMUN,VB1016,A320,115
VivaAerobus,MMMX,MMCM,VB1414,A320,105
VivaAerobus,MMMX,MMCU,VB1050,A320,115
VivaAerobus,MMMX,MMCS,VB1000,A320,130
VivaAerobus,MMMX,MMCL,VB1312,A320,90
VivaAerobus,MMMX,MMGL,VB1392,A320,55
VivaAerobus,MMMX,MMHO,VB1322,A320,130
VivaAerobus,MMMX,MMBT,VB1092,A320,55
VivaAerobus,MMMX,MMZH,VB1302,A320,45
VivaAerobus,MMMX,MMMZ,VB1150,A320,80
VivaAerobus,MMMX,MMMD,VB1104,A320,90
VivaAerobus,MMMX,MMMY,VB1120,A320,65
VivaAerobus,MMMX,MMNL,VB1502,A320,80
VivaAerobus,MMMX,MMOX,VB1334,A320,40
VivaAerobus,MMMX,MMPS,VB1182,A320,60
VivaAerobus,MMMX,MMPR,VB1166,A320,70
VivaAerobus,MMMX,MMRX,VB1192,A320,75
VivaAerobus,MMMX,MMSD,VB1212,A320,115
VivaAerobus,MMMX,MMTM,VB1444,A320,40
VivaAerobus,MMMX,MMTJ,VB1242,A320,180
VivaAerobus,MMMX,MMTC,VB1268,A320,70
VivaAerobus,MMMX,MMTG,VB1228,A320,65
VivaAerobus,MMMX,MMVR,VB1422,A320,40
VivaAerobus,MMMX,MMVA,VB1286,A320,60
VivaAerobus,MMAA,MMMX,VB1459,A320,40
VivaAerobus,MMUN,MMMX,VB1017,A320,115
VivaAerobus,MMCM,MMMX,VB1415,A320,105
VivaAerobus,MMCU,MMMX,VB1051,A320,115
VivaAerobus,MMCS,MMMX,VB1001,A320,130
VivaAerobus,MMCL,MMMX,VB1313,A320,90
VivaAerobus,MMGL,MMMX,VB1393,A320,55
VivaAerobus,MMHO,MMMX,VB1323,A320,130
VivaAerobus,MMBT,MMMX,VB1093,A320,55
VivaAerobus,MMZH,MMMX,VB1303,A320,45
VivaAerobus,MMMZ,MMMX,VB1151,A320,80
VivaAerobus,MMMD,MMMX,VB1105,A320,90
VivaAerobus,MMMY,MMMX,VB1121,A320,65
VivaAerobus,MMNL,MMMX,VB1503,A320,80
VivaAerobus,MMOX,MMMX,VB1335,A320,40
VivaAerobus,MMPS,MMMX,VB1183,A320,60
VivaAerobus,MMPR,MMMX,VB1167,A320,70
VivaAerobus,MMRX,MMMX,VB1193,A320,75
VivaAerobus,MMSD,MMMX,VB1211,A320,115
VivaAerobus,MMTM,MMMX,VB1445,A320,40
VivaAerobus,MMTJ,MMMX,VB1243,A320,180
VivaAerobus,MMTC,MMMX,VB1269,A320,70
VivaAerobus,MMTG,MMMX,VB1229,A320,65
VivaAerobus,MMVR,MMMX,VB1423,A320,40
VivaAerobus,MMVA,MMMX,VB1287,A320,60
Volaris,MMMX,MMAA,Y4370,A319,70
Volaris,MMMX,MMUN,Y4108,A319,125
Volaris,MMMX,MMCM,Y4480,A319,115
Volaris,MMMX,MMCU,Y4410,A319,140
Volaris,MMMX,MMCS,Y4350,A319,160
Volaris,MMMX,MMCZ,Y4450,A319,135
Volaris,MMMX,MMCL,Y4390,A319,110
Volaris,MMMX,MMGL,Y4152,A319,65
Volaris,MMMX,MMHO,Y4380,A319,150
Volaris,MMMX,MMBT,Y4344,A319,70
Volaris,MMMX,MMZH,Y4470,A319,70
Volaris,MMMX,MMLP,Y4420,A319,125
Volaris,MMMX,MMSD,Y4304,A319,120
Volaris,MMMX,MMMZ,Y4402,A319,105
Volaris,MMMX,MMMD,Y4226,A319,115
Volaris,MMMX,MMML,Y4324,A319,190
Volaris,MMMX,MMMY,Y4244,A319,85
Volaris,MMMX,MMOX,Y4442,A319,60
Volaris,MMMX,MMPR,Y4282,A319,100
Volaris,MMMX,MMTJ,Y4184,A319,200
Volaris,MMMX,MMTG,Y4262,A319,90
Volaris,MMMX,MMVA,Y4460,A319,80
Volaris,MMAA,MMMX,Y4371,A319,70
Volaris,MMUN,MMMX,Y4109,A319,125
Volaris,MMCM,MMMX,Y4481,A319,115
Volaris,MMCU,MMMX,Y4411,A319,140
Volaris,MMCS,MMMX,Y4351,A319,160
Volaris,MMCZ,MMMX,Y4451,A319,135
Volaris,MMCL,MMMX,Y4391,A319,110
Volaris,MMGL,MMMX,Y4153,A319,65
Volaris,MMHO,MMMX,Y4381,A319,150
Volaris,MMBT,MMMX,Y4345,A319,70
Volaris,MMZH,MMMX,Y4471,A319,70
Volaris,MMLP,MMMX,Y4421,A319,125
Volaris,MMSD,MMMX,Y4305,A319,120
Volaris,MMMZ,MMMX,Y4403,A319,105
Volaris,MMMD,MMMX,Y4227,A319,115
Volaris,MMML,MMMX,Y4325,A319,190
Volaris,MMMY,MMMX,Y4245,A319,85
Volaris,MMOX,MMMX,Y4443,A319,60
Volaris,MMPR,MMMX,Y4283,A319,100
Volaris,MMTJ,MMMX,Y4183,A319,200
Volaris,MMTG,MMMX,Y4263,A319,90
Volaris,MMVA,MMMX,Y4461,A319,80
,,,,,
BRITISH AIRWAYS,EGLL,EGKK,BA9258,B772,25
LOGANAIR,EGPB,EGPA,BA5746,C208,35
AMERICAN,KORD,KALO,AA4321,E175,45
BA EUROFLYER,EGKK,EGGP,BA8641,A320,60
BRITISH AIRWAYS,EGLL,EINN,BA9152,A380,60
QANTASLINK,YPPH,YBRM,QF1654,A320,140
LATAM,SBGR,SABE,LA8142,A320,170
BA CITYFLYER,EGLC,LGSK,BA2225,E190,200
AIR BALTIC,EVRA,LEBL,BT681,B752,220
LATAM,SEGU,SCEL,LA1447,A319,265
AIR CANADA,CYVR,CYYZ,AC100,A321,270
QANTASLINK MULTISTOP SEE ROTW,YPPH,YPXM,QF363,A320,405
TAAG ANGLOA,FNLU,LPPT,DT6650,B772,420
AER LINGUS,EIDW,KJFK,EI105,A333,420
IBERIA,LEMD,KORD,IB341,A333,580
BRITISH AIRWAYS,EGKK,KTPA,BA2167,B772,590
FINNAIR,EFHK,KSFO,AY11,A333,615
QANTAS,YSSY,SCEL,QF27,B789,745
BANGKOK AIRWAYS,VTSM,WSSS,PG961,B712,90
CHINA SOUTHERN,ZBAA,ZYCC,CZ6150,B752,125
AIR CANADA,CYHZ,KMCO,AC1259,B38M,210
VUELING,LEBL,UUDD,VY1068,A320,235
QATAR AIRWAYS,OTHH,VCBI,QR654,A346,300
US AIRWAYS,KPHL,LEMD,US740,B752,415
UNITED,KIAD,GOBD,UA461,B763,535
MALAYSIA AIRLINES,WMKK,YSSY,MH141,A388,540
QANTAS,YMML,KLAX,QF93,A388,840
AMERICAN,KDFW,ZSPD,AA127,B77W,975
,,,,,
BRITISH AIRWAYS,EGKK,EGLL,BA9259,B772,25
LOGANAIR,EGPA,EGPB,BA5747,C208,35
AMERICAN,KALO,KORD,AA4322,E175,45
BA EUROFLYER,EGGP,EGKK,BA8642,A320,60
BRITISH AIRWAYS,EINN,EGLL,BA9153,A380,60
QANTASLINK,YBRM,YPPH,QF1655,A320,140
LATAM,SABE,SBGR,LA8143,A320,170
BA CITYFLYER,LGSK,EGLC,BA2224,E190,200
AIR BALTIC,LEBL,EVRA,BT682,B752,220
LATAM,SCEL,SEGU,LA1446,A319,265
AIR CANADA,CYYZ,CYVR,AC101,A321,270
QANTASLINK,YPXM,YPPH,QF364,A320,405
TAAG ANGLOA,LPPT,FNLU,DT6651,B772,420
AER LINGUS,KJFK,EIDW,EI106,A333,420
IBERIA,KORD,LEMD,IB342,A333,580
BRITISH AIRWAYS,KTPA,EGKK,BA2166,B772,590
FINNAIR,KSFO,EFHK,AY12,A333,615
QANTAS,SCEL,YSSY,QF28,B789,745
BANGKOK AIRWAYS,WSSS,VTSM,PG962,B712,90
CHINA SOUTHERN,ZYCC,ZBAA,CZ6129,B752,125
AIR CANADA,KMCO,CYHZ,AC1258,B38M,210
VUELING,UUDD,LEBL,VY1069,A320,235
QATAR AIRWAYS,VCBI,OTHH,QR655,A346,300
US AIRWAYS,LEMD,KPHL,US741,B752,415
UNITED,GOBD,KIAD,UA460,B763,535
MALAYSIA AIRLINES,YSSY,WMKK,MH140,A388,540
QANTAS,KLAX,YMML,QF94,A388,840
AMERICAN,ZSPD,KDFW,AA128,B77W,975